,Close,sma_200,trend_above_sma,trip_count,timing_on,combined_invested,always_timing_invested,signal_score,combined_equity,always_timing_equity,buy_hold_equity,combined_growth_10k,always_timing_growth_10k,buy_hold_growth_10k,trend_level
1960-10-31,0.8967164120594281,0.9218137855108631,False,2,True,False,False,3.0,1.001062922450396,1.001062922450396,0.9746079842269311,10010.62922450396,10010.62922450396,9746.079842269311,0.9218137855108631
1960-11-30,0.9352743138867439,0.9229882506294925,True,2,True,True,True,3.0,1.0152242804780136,1.0152242804780136,1.0165151451426502,10152.242804780137,10152.242804780137,10165.151451426502,0.9229882506294925
1960-12-31,0.9812480862044196,0.9285835157061783,True,2,True,True,True,3.0,1.065128024469559,1.065128024469559,1.0664823420883756,10651.280244695588,10651.280244695588,10664.823420883755,0.9285835157061783
1961-01-31,1.0456991808107523,0.9381109279678111,True,4,True,True,True,5.0,1.1350885859606739,1.1350885859606739,1.1365318589152562,11350.885859606738,11350.885859606738,11365.318589152563,0.9381109279678111
1961-02-28,1.0761053318662563,0.9518760424227648,True,4,True,True,True,5.0,1.168093943179506,1.168093943179506,1.1695791826731048,11680.939431795061,11680.939431795061,11695.791826731049,0.9518760424227648
1961-03-31,1.106332530564212,0.968970246512468,True,4,True,True,True,5.0,1.2009050506731678,1.2009050506731678,1.2024320097159196,12009.050506731677,12009.050506731677,12024.320097159196,0.968970246512468
1961-04-30,1.1130973408556328,0.9863743069935302,True,4,True,True,True,5.0,1.2082481366092466,1.2082481366092466,1.2097844324363396,12082.481366092466,12082.481366092466,12097.844324363396,0.9863743069935302
1961-05-31,1.1370975001534898,1.0088441923415332,True,4,True,True,True,5.0,1.234299899276894,1.234299899276894,1.2358693200996418,12342.99899276894,12342.99899276894,12358.693200996418,1.0088441923415332
1961-06-30,1.1070462691566696,1.0278663861191022,True,3,True,True,True,4.0,1.2016798017148855,1.2016798017148855,1.2032077458589243,12016.798017148856,12016.798017148856,12032.077458589243,1.0278663861191022
1961-07-31,1.1459419251277356,1.049911156569703,True,2,True,True,True,3.0,1.2439003714029864,1.2439003714029864,1.2454819992921633,12439.003714029865,12439.003714029865,12454.819992921633,1.049911156569703
1961-08-31,1.1714698857227337,1.0790805405942105,True,2,True,True,True,3.0,1.2716105362629897,1.2716105362629897,1.2732273978176305,12716.105362629896,12716.105362629896,12732.273978176305,1.0790805405942105
1961-09-30,1.151008059892624,1.1007974265707756,True,2,True,True,True,3.0,1.2493995740915693,1.2493995740915693,1.2509881942548386,12493.995740915692,12493.995740915692,12509.881942548387,1.1007974265707756
1961-10-31,1.1865552650976128,1.122036490637194,True,1,True,True,True,2.0,1.2879854577103174,1.2879854577103174,1.2896231400903548,12879.854577103173,12879.854577103173,12896.231400903549,1.122036490637194
1961-11-30,1.2360339798088877,1.1416193183077548,True,1,True,True,True,2.0,1.3416937567578777,1.3416937567578777,1.3433997296100517,13416.937567578778,13416.937567578778,13433.997296100517,1.1416193183077548
1961-12-31,1.242826691783616,1.1591617822860125,True,0,False,True,True,0.0,1.3490671294942458,1.3490671294942458,1.350782477640636,13490.671294942458,13490.671294942458,13507.824776406362,1.1591617822860125
1962-01-31,1.1991493051282065,1.1693947299766891,True,0,False,True,True,0.0,1.3016560728854913,1.3016560728854913,1.303311137546876,13016.560728854913,13016.560728854913,13033.11137546876,1.1693947299766891
1962-02-28,1.221647161740761,1.1788946723066405,True,0,False,True,True,0.0,1.3260771116680703,1.3260771116680703,1.3277632278484586,13260.771116680702,13260.771116680702,13277.632278484585,1.1788946723066405
1962-03-31,1.2179365251911023,1.1889812123806311,True,0,False,True,True,0.0,1.3220492791217155,1.3220492791217155,1.3237302738852812,13220.492791217155,13220.492791217155,13237.302738852812,1.1889812123806311
1962-04-30,1.145410053942313,1.1968060959911941,False,0,False,True,False,0.0,1.243323034322826,1.2832014069427518,1.2449039281239302,12433.23034322826,12832.014069427518,12449.039281239302,1.1968060959911941
1962-05-31,1.0498889773459112,1.1932547730360974,False,0,False,True,False,0.0,1.1396365384806977,1.2862202648628576,1.1410855941882334,11396.365384806977,12862.202648628576,11410.855941882333,1.1932547730360974
1962-06-30,0.9665809049235452,1.1734739549317241,False,0,False,True,False,0.0,1.0492070499047412,1.2890685927553311,1.0505411238947504,10492.070499047411,12890.685927553312,10505.411238947505,1.1734739549317241
1962-07-31,1.0308047311929314,1.157788406545411,False,0,False,True,False,0.0,1.118920915500945,1.291974630219569,1.1203436311511903,11189.20915500945,12919.74630219569,11203.436311511903,1.157788406545411
1962-08-31,1.0496669373876888,1.1395569100159055,False,0,False,True,False,0.0,1.1393955179015194,1.2953679965703269,1.1408442671497288,11393.955179015195,12953.679965703268,11408.442671497287,1.1395569100159055
1962-09-30,1.0015153100817753,1.1191459756044673,False,0,False,True,False,0.0,1.0871277495477196,1.2980869259220218,1.0885100399684913,10871.277495477196,12980.869259220219,10885.100399684912,1.1191459756044673
1962-10-31,1.0089515563351918,1.0934596556604954,False,0,False,True,False,0.0,1.0982667576837999,1.3013376720081633,1.0965922216636081,10982.667576838,13013.376720081633,10965.922216636081,1.0934596556604954
1962-11-30,1.1142863583870757,1.0800885215988096,True,0,False,True,True,0.0,1.2129260897343808,1.3354024136315688,1.2110767317228768,12129.260897343807,13354.024136315687,12110.767317228769,1.0800885215988096
1962-12-31,1.132235086575601,1.0695292280218656,True,1,True,True,True,2.0,1.2324636893231655,1.3569128402505104,1.2305845421788943,12324.636893231655,13569.128402505105,12305.845421788943,1.0695292280218656
1963-01-31,1.1910410937272837,1.0644992468808312,True,1,True,True,True,2.0,1.296475367982346,1.4273881568469222,1.2944986217248562,12964.75367982346,14273.881568469222,12944.986217248563,1.0644992468808312
1963-02-28,1.1593520548751681,1.0669289668296207,True,1,True,True,True,2.0,1.2619811271680064,1.3894108284427282,1.2600569745525698,12619.811271680064,13894.108284427282,12600.569745525698,1.0669289668296207
1963-03-31,1.2035362599757842,1.0809144764694494,True,1,True,True,True,2.0,1.3100766411418892,1.442362831033124,1.3080791569155346,13100.766411418892,14423.62831033124,13080.791569155346,1.0809144764694494
1963-04-30,1.2651580578215869,1.1090784695374643,True,0,False,True,True,0.0,1.3771533721284384,1.5162126964256393,1.375053615479316,13771.533721284384,15162.126964256393,13750.53615479316,1.1090784695374643
1963-05-31,1.2867202532668214,1.137496224413558,True,1,True,True,True,2.0,1.400624313157756,1.54205363724308,1.3984887701790318,14006.243131577561,15420.536372430799,13984.887701790318,1.137496224413558
1963-06-30,1.2638004219966283,1.160536201062347,True,1,True,True,True,2.0,1.375675554599707,1.5145856549171113,1.3735780511906701,13756.75554599707,15145.856549171112,13735.780511906702,1.160536201062347
1963-07-31,1.262800776341797,1.187056614646732,True,1,True,True,True,2.0,1.3745874175278416,1.5133876422068324,1.3724915732100131,13745.874175278417,15133.876422068324,13724.915732100131,1.187056614646732
1963-08-31,1.3279074987721837,1.2180584234105223,True,0,False,True,True,0.0,1.4454575683275142,1.5914139714558324,1.4432536677296979,14454.575683275141,15914.139714558323,14432.53667729698,1.2180584234105223
1963-09-30,1.316451542949488,1.2411291051840503,True,0,False,True,True,0.0,1.432987499394511,1.577684725880011,1.43080261200952,14329.874993945112,15776.847258800111,14308.0261200952,1.2411291051840503
1963-10-31,1.3626692942905523,1.2642317295021144,True,0,False,True,True,0.0,1.4832965747847704,1.6330738062801506,1.4810349807542451,14832.965747847704,16330.738062801507,14810.34980754245,1.2642317295021144
1963-11-30,1.351261610620777,1.277973194365684,True,0,False,True,True,0.0,1.4708790511900849,1.619402411856356,1.4686363902560917,14708.790511900848,16194.024118563559,14686.363902560917,1.277973194365684
1963-12-31,1.387829596811517,1.2978723289033323,True,1,True,True,True,2.0,1.5106841373476485,1.6632268530811825,1.5083807852836624,15106.841373476485,16632.268530811823,15083.807852836624,1.2978723289033323
1964-01-31,1.4287653378428273,1.3201379371222983,True,0,False,True,True,0.0,1.555243624166959,1.7122857749333147,1.552872331900651,15552.43624166959,17122.857749333147,15528.72331900651,1.3201379371222983
1964-02-29,1.4459781696865088,1.3365609173315007,True,0,False,True,True,0.0,1.5739801838172385,1.7329142758715828,1.5715803237700985,15739.801838172385,17329.14275871583,15715.803237700984,1.3365609173315007
1964-03-31,1.4714159179574693,1.3564547840351924,True,0,False,True,True,0.0,1.6016697524004926,1.7633998240277713,1.5992276738489213,16016.697524004925,17633.998240277713,15992.276738489212,1.3564547840351924
1964-04-30,1.484063143353464,1.3806109936235915,True,0,False,True,True,0.0,1.6154365454066963,1.7785567315788964,1.6129734765168404,16154.365454066963,17785.567315788965,16129.734765168405,1.3806109936235915
1964-05-31,1.504473854968119,1.4053578952219175,True,0,False,True,True,0.0,1.6376540700502666,1.8030176911419307,1.6351571259246953,16376.540700502666,18030.17691141931,16351.571259246954,1.4053578952219175
1964-06-30,1.5330103693558959,1.4256639697332556,True,0,False,True,True,0.0,1.668716716155992,1.8372169164157912,1.6661724105679865,16687.16716155992,18372.169164157913,16661.724105679867,1.4256639697332556
1964-07-31,1.564878496211203,1.450985079587398,True,0,False,True,True,0.0,1.7034058983422635,1.8754088705756666,1.7008087018835523,17034.058983422634,18754.088705756665,17008.087018835522,1.450985079587398
1964-08-31,1.5431581817831261,1.4712579409310669,True,0,False,True,True,0.0,1.6797628411974355,1.8493784340601593,1.6772016934951297,16797.628411974354,18493.784340601593,16772.016934951298,1.4712579409310669
1964-09-30,1.5912667482883047,1.4950603816017431,True,0,False,True,True,0.0,1.7321301119754036,1.9070335380141945,1.7294891194807622,17321.301119754036,19070.335380141943,17294.891194807624,1.4950603816017431
1964-10-31,1.608135417611217,1.51839924672064,True,1,False,True,True,1.0,1.7504920428802004,1.9272495817259527,1.7478230538041415,17504.920428802005,19272.49581725953,17478.230538041415,1.51839924672064
1964-11-30,1.603254327382168,1.5367269467196518,True,1,False,True,True,1.0,1.7451788649519249,1.921399900785355,1.7425179769203167,17451.788649519247,19213.999007853552,17425.17976920317,1.5367269467196518
1964-12-31,1.6135495664014277,1.5525420594181336,True,1,False,True,True,1.0,1.7563854671978554,1.9337380999670561,1.7537074923710827,17563.854671978555,19337.38099967056,17537.07492371083,1.5525420594181336
1965-01-31,1.670856506954168,1.5686162120852114,True,0,False,True,True,0.0,1.818765377708372,2.002416879130021,1.8159922917381954,18187.65377708372,20024.16879130021,18159.922917381955,1.5686162120852114
1965-02-28,1.6719957238325724,1.5834138040104073,True,1,False,True,True,1.0,1.8200054412371793,2.0037821592105143,1.8172304645323227,18200.054412371792,20037.82159210514,18172.304645323227,1.5834138040104073
1965-03-31,1.6520371987999103,1.602298285874327,True,1,False,True,True,1.0,1.7982801319910229,1.9798631169459004,1.7955382800371693,17982.801319910228,19798.631169459004,17955.38280037169,1.602298285874327
1965-04-30,1.7126984704065473,1.6180251645779242,True,0,False,True,True,0.0,1.8643113082809808,2.052561851797792,1.8614687780698833,18643.113082809807,20525.61851797792,18614.687780698834,1.6180251645779242
1965-05-31,1.703318150313329,1.6340360730296373,True,0,False,True,True,0.0,1.854100616132158,2.041320125648284,1.851273654244215,18541.00616132158,20413.20125648284,18512.73654244215,1.6340360730296373
1965-06-30,1.6245550825024604,1.6437969108623565,False,0,False,True,False,0.0,1.7683652222307151,1.92046060270599,1.7656689817766027,17683.65222230715,19204.6060270599,17656.689817766026,1.6437969108623565
1965-07-31,1.6503266033584678,1.6489738019174314,True,0,False,True,True,0.0,1.7964181098776861,1.9030987898034866,1.793679096963689,17964.181098776862,19030.987898034866,17936.79096963689,1.6489738019174314
1965-08-31,1.6917354117554635,1.6562624988020127,True,0,False,True,True,0.0,1.8414925413032213,1.9508499761366374,1.8386848030467848,18414.92541303221,19508.499761366373,18386.84803046785,1.6562624988020127
1965-09-30,1.7500690949542463,1.6697224533389197,True,0,False,True,True,0.0,1.9049900845779315,2.0181183348205867,1.9020855311145675,19049.900845779313,20181.18334820587,19020.855311145675,1.6697224533389197
1965-10-31,1.8022376520454728,1.6872971882663148,True,0,False,True,True,0.0,1.9617767476142964,2.0782772861845555,1.958785611076233,19617.767476142963,20782.772861845555,19587.856110762328,1.6872971882663148
1965-11-30,1.7905225648955072,1.7012678659240812,True,0,False,True,True,0.0,1.9490246083273406,2.0647678583342297,1.946052915077005,19490.246083273407,20647.6785833423,19460.52915077005,1.7012678659240812
1965-12-31,1.8110888520991049,1.7161190521544065,True,0,False,True,True,0.0,1.9714114805442122,2.0884841798237264,1.968405653852575,19714.11480544212,20884.841798237263,19684.05653852575,1.7161190521544065
1966-01-31,1.824831773033385,1.7333636271177406,True,0,False,True,True,0.0,1.9863709631088868,2.1043320345121086,1.9833423275757511,19863.70963108887,21043.320345121087,19833.423275757512,1.7333636271177406
1966-02-28,1.796605633493295,1.7436338978156791,True,0,False,True,True,0.0,1.955646167096652,2.071782639810325,1.9526643779032393,19556.46167096652,20717.82639810325,19526.643779032394,1.7436338978156791
1966-03-31,1.7626221527275212,1.751708076680705,True,1,False,True,True,1.0,1.9186543739812298,1.996741410595627,1.915728986467636,19186.5437398123,19967.414105956268,19157.28986467636,1.751708076680705
1966-04-30,1.8034075741160251,1.7692997481991686,True,0,False,True,True,0.0,1.9630502344443639,2.042944131756825,1.960057156210849,19630.502344443637,20429.44131756825,19600.57156210849,1.7692997481991686
1966-05-31,1.710387546193457,1.7768241858551956,False,0,False,True,False,0.0,1.8617958146214206,2.0127362189655695,1.8589571198034198,18617.958146214205,20127.362189655694,18589.5711980342,1.7768241858551956
1966-06-30,1.687556318243827,1.7779162509470183,False,1,False,True,False,1.0,1.8369435027966,2.0207109628507216,1.834142700495189,18369.435027966,20207.109628507216,18341.42700495189,1.7779162509470183
1966-07-31,1.6691448867677303,1.7732698370215445,False,1,False,True,False,1.0,1.8169022401367583,2.027782466428411,1.8141319949071866,18169.022401367583,20277.82466428411,18141.319949071865,1.7732698370215445
1966-08-31,1.5439305744779988,1.7522378869319502,False,1,False,True,False,1.0,1.6806036082445017,2.036490383711798,1.678041178618024,16806.036082445018,20364.90383711798,16780.41178618024,1.7522378869319502
1966-09-30,1.5372664405745322,1.7277934363014262,False,1,False,True,False,1.0,1.673349546650588,2.0447540061258245,1.6707981773492517,16733.49546650588,20447.540061258245,16707.981773492516,1.7277934363014262
1966-10-31,1.6147133075825113,1.7001766258993662,False,1,False,True,False,1.0,1.7576522259889036,2.0536849584531542,1.7549723197249738,17576.522259889036,20536.84958453154,17549.72319724974,1.7001766258993662
1966-11-30,1.6239215496102382,1.6798961722501706,False,1,False,True,False,1.0,1.7676756072427,2.0621949713518903,1.7649804182500202,17676.756072427,20621.949713518905,17649.8041825002,1.6798961722501706
1966-12-31,1.6258880054143434,1.6661513793850427,False,1,False,True,False,1.0,1.769816139190485,2.064225532310236,1.7671176865117995,17698.16139190485,20642.25532310236,17671.176865117995,1.6661513793850427
1967-01-31,1.7574045450675686,1.6587775584925026,True,2,True,True,True,2.0,1.8714816153654592,2.1816035508598532,1.9100581612038547,18714.816153654592,21816.035508598532,19100.581612038546,1.6587775584925026
1967-02-28,1.7648601857400221,1.6579944473864985,True,2,True,True,True,2.0,1.8794212183944996,2.1908588200638683,1.9181614219774727,18794.212183944997,21908.588200638682,19181.61421977473,1.6579944473864985
1967-03-31,1.8392467089945455,1.6707784581694551,True,2,True,True,True,2.0,1.9586363376978613,2.283200622481335,1.9990093896378842,19586.363376978614,22832.006224813347,19990.093896378843,1.6707784581694551
1967-04-30,1.9215267520601083,1.6844299476248288,True,2,True,True,True,2.0,2.046257362885752,2.385341267684817,2.088436532752244,20462.573628857517,23853.41267684817,20884.36532752244,1.6844299476248288
1967-05-31,1.8255569622182084,1.7077292331033738,True,2,True,True,True,2.0,1.9440579587566937,2.266206470359985,1.984130508945133,19440.57958756694,22662.06470359985,19841.305089451333,1.7077292331033738
1967-06-30,1.8624210172038023,1.7420648703136181,True,2,True,True,True,3.0,1.9833149422252934,2.311968701646676,2.0241966902224746,19833.149422252933,23119.68701646676,20241.966902224747,1.7420648703136181
1967-07-31,1.9515338854876112,1.7791608991935275,True,3,True,True,True,4.0,2.078212326640114,2.4225914665763004,2.121050178971834,20782.123266401137,24225.914665763004,21210.501789718342,1.7791608991935275
1967-08-31,1.9339846563132939,1.8187614777871042,True,3,True,True,True,4.0,2.0595239376429713,2.4008062374502015,2.1019765692549806,20595.239376429712,24008.062374502017,21019.765692549805,1.8187614777871042
1967-09-30,2.002174422710208,1.85303304820897,True,2,True,True,True,3.0,2.1321400547038176,2.48545552148747,2.176089510514048,21321.400547038174,24854.5552148747,21760.89510514048,1.85303304820897
1967-10-31,1.936667152075787,1.8885420219920568,True,3,True,True,True,4.0,2.0623805602213596,2.4041362289977073,2.104892074929486,20623.805602213597,24041.362289977074,21048.920749294863,1.8885420219920568
1967-11-30,1.955870471627249,1.905111613395783,True,3,True,True,True,4.0,2.082830410311605,2.427974809727083,2.125763454450168,20828.30410311605,24279.74809727083,21257.634544501678,1.905111613395783
1967-12-31,2.0120715872772816,1.9247693191852184,True,3,True,True,True,4.0,2.1426796664190073,2.4977416450345924,2.186846373529553,21426.796664190075,24977.416450345925,21868.463735295532,1.9247693191852184
1968-01-31,1.9293664832394781,1.941301461338162,False,0,False,True,False,0.0,2.0546059885978956,2.3950733384403526,2.0969572473269418,20546.059885978957,23950.733384403527,20969.572473269418,1.941301461338162
1968-02-29,1.873756844670571,1.940620758501879,False,0,False,True,False,0.0,1.9953866036754415,2.4038983195815726,2.03651718286469,19953.866036754414,24038.983195815727,20365.1718286469,1.940620758501879
1968-03-31,1.8965501628798607,1.9408312604943163,False,0,False,True,False,0.0,2.0196594872875746,2.413653782980694,2.0612903994748093,20196.594872875747,24136.53782980694,20612.903994748092,1.9408312604943163
1968-04-30,2.0545437660008345,1.953697564230215,True,0,False,True,True,0.0,2.187908809514563,2.5504395647136646,2.2330078175879025,21879.08809514563,25504.395647136647,22330.078175879025,1.953697564230215
1968-05-31,2.08623120638998,1.9670204410117418,True,0,False,True,True,0.0,2.2216531527238232,2.589775257148336,2.2674477274497598,22216.531527238232,25897.752571483357,22674.477274497596,1.9670204410117418
1968-06-30,2.1099245753279776,1.9833458481697794,True,0,False,True,True,0.0,2.2468845113759817,2.6191873857974377,2.293199175989855,22468.845113759817,26191.873857974377,22931.991759898552,1.9833458481697794
1968-07-31,2.0755281657861566,1.9952171322490275,True,1,True,True,True,2.0,2.2102553537510223,2.576488872759522,2.2558149875024283,22102.553537510223,25764.88872759522,22558.149875024283,1.9952171322490275
1968-08-31,2.104238582997095,2.0040932760185566,True,0,False,True,True,0.0,2.2408294285310992,2.6121289915956103,2.28701928070813,22408.294285310993,26121.289915956102,22870.1928070813,2.0040932760185566
1968-09-30,2.190178091649277,2.024257859884744,True,0,False,True,True,0.0,2.332347463423808,2.71881132500008,2.3804237619538733,23323.474634238082,27188.1132500008,23804.237619538733,2.024257859884744
1968-10-31,2.211141288491193,2.0462516504973602,True,0,False,True,True,0.0,2.3546714283862564,2.744834312445402,2.4032078871714893,23546.714283862566,27448.34312445402,24032.078871714893,2.0462516504973602
1968-11-30,2.3223331980117425,2.0682629032585567,True,0,False,True,True,0.0,2.473081054120487,2.8828641028106254,2.524058271242505,24730.810541204868,28828.641028106253,25240.58271242505,2.0682629032585567
1968-12-31,2.2309088766480123,2.097220622523366,True,0,False,True,True,0.0,2.375722175022502,2.7693731126249914,2.424692549420839,23757.22175022502,27693.731126249913,24246.92549420839,2.097220622523366
1969-01-31,2.2184883577717383,2.1313353445638836,True,0,False,True,True,0.0,2.362495412410849,2.7539547101161053,2.411193145704944,23624.95412410849,27539.547101161053,24111.93145704944,2.1313353445638836
1969-02-28,2.1179502118226874,2.157884848955075,False,0,False,True,False,0.0,2.255431109934413,2.6751843761898506,2.3019219441928844,22554.31109934413,26751.843761898504,23019.219441928843,2.157884848955075
1969-03-31,2.196155166893581,2.168663620830027,True,0,False,True,True,0.0,2.3387125240268247,2.7171823647886835,2.3869200245147937,23387.125240268248,27171.823647886835,23869.20024514794,2.168663620830027
1969-04-30,2.248968150536237,2.1814728746537573,True,0,False,True,True,0.0,2.3949537168797934,2.7520175531021196,2.444320507919315,23949.537168797935,27520.175531021196,24443.205079193147,2.1814728746537573
1969-05-31,2.249630163301097,2.1956867649495218,True,1,True,True,True,2.0,2.3956587023778972,2.7528276449430553,2.4450400251687103,23956.58702377897,27528.276449430552,24450.400251687104,2.1956867649495218
1969-06-30,2.1299524162070362,2.2024218782880527,False,1,True,False,False,2.0,2.3348459781385067,2.6829483469093547,2.314966697321073,23348.459781385067,26829.483469093546,23149.66697321073,2.2024218782880527
1969-07-31,2.00681676683731,2.1951140737192985,False,1,False,True,False,1.0,2.2030762439072036,2.6969947042383615,2.1811351030681174,22030.762439072038,26969.947042383614,21811.351030681173,2.1951140737192985
1969-08-31,2.092493986235812,2.179292915000659,False,3,True,False,False,4.0,2.2428521118548,2.7122439044051836,2.2742545118011077,22428.521118548,27122.439044051836,22742.545118011076,2.179292915000659
1969-09-30,2.045269677511292,2.1589156273850945,False,2,True,False,False,3.0,2.255507586193275,2.727547959875654,2.222928152972889,22555.07586193275,27275.47959875654,22229.28152972889,2.1589156273850945
1969-10-31,2.139008665081299,2.142736792112539,False,1,True,False,False,2.0,2.24427447244784,2.7139639415079198,2.3248096000953513,22442.744724478398,27139.639415079197,23248.096000953512,2.142736792112539
1969-11-30,2.070814493495946,2.13451630077474,False,2,True,False,False,3.0,2.240250257676603,2.709097525249078,2.250691870999497,22402.502576766026,27090.975252490778,22506.91870999497,2.13451630077474
1969-12-31,2.037545320363465,2.1192163497455048,False,1,False,True,False,1.0,2.2540109886155117,2.7257381492170807,2.2145328341763864,22540.109886155118,27257.381492170807,22145.328341763863,2.1192163497455048
1970-01-31,1.8874141244169296,2.1013643886656768,False,1,False,True,False,1.0,2.0879300862593797,2.7428943286769005,2.05136077634041,20879.3008625938,27428.943286769005,20513.6077634041,2.1013643886656768
1970-02-28,1.9922975861720975,2.073175303393998,False,3,True,False,False,4.0,2.1175877572199884,2.758606043092552,2.1653547412832213,21175.877572199883,27586.06043092552,21653.547412832213,2.073175303393998
1970-03-31,2.0012177927259365,2.0451219299471113,False,4,True,False,False,5.0,2.1297368590420924,2.774432818436494,2.175049784678667,21297.368590420923,27744.328184364942,21750.497846786668,2.0451219299471113
1970-04-30,1.8259012916384116,2.0233782737675785,False,4,True,False,False,5.0,2.141696482177976,2.7900127577061995,1.9845047478880318,21416.96482177976,27900.127577061994,19845.04747888032,2.0233782737675785
1970-05-31,1.7197612298178864,1.9891823839136462,False,4,True,False,False,5.0,2.1529822799409377,2.804714896875582,1.8691450306960062,21529.822799409376,28047.14896875582,18691.45030696006,1.9891823839136462
1970-06-30,1.6388869213712225,1.9482290036498933,False,3,True,False,False,4.0,2.165441151972832,2.8209452134516564,1.7812457286748378,21654.41151972832,28209.452134516563,17812.457286748377,1.9482290036498933
1970-07-31,1.764575344224573,1.9084401603645613,False,3,True,False,False,4.0,2.1776814780987523,2.8368908277504086,1.9178518382434524,21776.814780987523,28368.908277504084,19178.518382434522,1.9084401603645613
1970-08-31,1.8485927028719775,1.8683578664713816,False,2,True,False,False,3.0,2.189050841975559,2.8517018294620233,2.0091672055660603,21890.50841975559,28517.018294620233,20091.6720556606,1.8683578664713816
1970-09-30,1.9174077152409774,1.8499870330867052,True,3,True,True,True,4.0,2.2240257227415854,2.8972640108208108,2.083959703603954,22240.257227415856,28972.640108208107,20839.59703603954,1.8499870330867052
1970-10-31,1.8995174724232495,1.8384328353246377,True,3,True,True,True,4.0,2.203274601372638,2.8702312852045297,2.0645154587396575,22032.746013726377,28702.3128520453,20645.154587396573,1.8384328353246377
1970-11-30,1.9953677460416634,1.8375120910191873,True,4,True,True,True,5.0,2.3144525591771843,3.0150640956571864,2.1686915847729678,23144.525591771842,30150.640956571864,21686.915847729677,1.8375120910191873
1970-12-31,2.115309866805986,1.847851882487393,True,3,True,True,True,4.0,2.4535749584977196,3.1963004530108017,2.299052250608837,24535.749584977195,31963.004530108017,22990.522506088368,1.847851882487393
1971-01-31,2.2060625512804655,1.8655236594272373,True,3,True,True,True,4.0,2.5588401574821344,3.33343064421807,2.3976879950753864,25588.401574821346,33334.3064421807,23976.879950753864,1.8655236594272373
1971-02-28,2.2310093282229824,1.906346419503527,True,3,True,True,True,4.0,2.5877762429993867,3.3711260172193436,2.42480172653154,25877.762429993865,33711.26017219343,24248.017265315397,1.906346419503527
1971-03-31,2.319302881201467,1.9769879767790948,True,3,True,True,True,4.0,2.690189063921889,3.5045403825620394,2.5207647317038937,26901.890639218887,35045.40382562039,25207.647317038936,1.9769879767790948
1971-04-30,2.409347527205484,2.05179408456598,True,3,True,True,True,4.0,2.794633000032224,3.6406007051323765,2.618630935279731,27946.330000322243,36406.007051323766,26186.30935279731,2.05179408456598
1971-05-31,2.314601584843265,2.1132755127484115,True,3,True,True,True,4.0,2.684735970170485,3.4974365743137725,2.515655066144859,26847.359701704852,34974.36574313773,25156.550661448593,2.1132755127484115
1971-06-30,2.2988759888244568,2.167699578583413,True,2,True,True,True,3.0,2.6664956502983617,3.473674698823313,2.498563496022416,26664.956502983616,34736.74698823313,24985.63496022416,2.167699578583413
1971-07-31,2.2316555258978172,2.2096684921541114,True,1,False,True,True,1.0,2.588525775943989,3.3721024424482047,2.425504054943076,25885.257759439886,33721.02442448205,24255.04054943076,2.2096684921541114
1971-08-31,2.3181374060895004,2.2492301978285307,True,2,True,True,True,2.0,2.648814866775783,3.4506417378016514,2.519498019804496,26488.14866775783,34506.417378016515,25194.98019804496,2.2492301978285307
1971-09-30,2.307620073292988,2.2848612134312476,True,2,True,True,True,3.0,2.6367972584161374,3.4349862605108505,2.508067118821306,26367.972584161373,34349.86260510851,25080.671188213062,2.2848612134312476
1971-10-31,2.2165883483663955,2.304392414889823,False,2,True,False,False,3.0,2.630189431269201,3.426378167723621,2.409128095582456,26301.89431269201,34263.781677236206,24091.28095582456,2.304392414889823
1971-11-30,2.216354359109996,2.301744045574898,False,0,False,True,False,0.0,2.624252697932755,3.43882835053585,2.4088737812926273,26242.52697932755,34388.2835053585,24088.737812926272,2.301744045574898
1971-12-31,2.4135317921017334,2.309729913921676,True,1,True,True,True,2.0,2.8399651802604393,3.604302675528565,2.623178658418464,28399.651802604392,36043.02675528565,26231.78658418464,2.309729913921676
1972-01-31,2.462761942194677,2.3202338858754583,True,1,True,True,True,2.0,2.897893529304973,3.6778216415008966,2.6766850922252,28978.93529304973,36778.21641500897,26766.850922252,2.3202338858754583
1972-02-29,2.5304535306688987,2.330304653595698,True,0,False,True,True,0.0,2.97754516467701,3.7789104169820558,2.7502565822801923,29775.4516467701,37789.10416982056,27502.565822801924,2.330304653595698
1972-03-31,2.551374641212889,2.355036539046788,True,0,False,True,True,0.0,3.0021627088385374,3.810153433939818,2.7729949654533517,30021.627088385376,38101.53433939818,27729.949654533517,2.355036539046788
1972-04-30,2.5680167854475404,2.383373382485272,True,0,False,True,True,0.0,3.0217452601461066,3.835006359096131,2.7910826980158654,30217.452601461067,38350.06359096131,27910.826980158654,2.383373382485272
1972-05-31,2.618498293070921,2.4180147235541996,True,0,False,True,True,0.0,3.0811460620608,3.9103940683391163,2.8459491861540323,30811.460620608,39103.94068339116,28459.491861540322,2.4180147235541996
1972-06-30,2.5673608347668773,2.445332533681553,True,0,False,True,True,0.0,3.020973413220721,3.834026780206363,2.7903697694221234,30209.73413220721,38340.26780206363,27903.697694221235,2.445332533681553
1972-07-31,2.578830528895108,2.4706407486220803,True,0,False,True,True,0.0,3.0344696232391715,3.8511553091816855,2.802835756799717,30344.696232391714,38511.55309181685,28028.35756799717,2.4706407486220803
1972-08-31,2.674214010625577,2.52265773498759,True,0,False,True,True,0.0,3.14670587708634,3.993598404204264,2.9065045439521455,31467.058770863398,39935.98404204264,29065.045439521455,2.52265773498759
1972-09-30,2.666881121350964,2.5620072761493127,True,0,False,True,True,0.0,3.138077380756291,3.982647666982431,2.89853469714397,31380.77380756291,39826.47666982431,28985.3469714397,2.5620072761493127
1972-10-31,2.698033403382944,2.586743672144052,True,0,False,True,True,0.0,3.174733784681028,4.02916963692048,2.932392963131906,31747.33784681028,40291.6963692048,29323.92963131906,2.586743672144052
1972-11-30,2.827117375918738,2.6182997670977506,True,0,False,True,True,0.0,3.326624879934478,4.22194012749416,3.072689570372743,33266.24879934478,42219.4012749416,30726.895703727427,2.6182997670977506
1972-12-31,2.866342992141425,2.6476749140669233,True,0,False,True,True,0.0,3.3727810501623745,4.2805185949348425,3.1153224454297,33727.810501623746,42805.18594934842,31153.224454297,2.6476749140669233
1973-01-31,2.8244348039363762,2.67979152135207,True,0,False,True,True,0.0,3.3234683393625315,4.21793404752249,3.069773981857676,33234.68339362532,42179.3404752249,30697.73981857676,2.67979152135207
1973-02-28,2.7247778964639786,2.7007326647527634,True,0,False,True,True,0.0,3.2062036121605804,4.069109134831006,2.961460565932904,32062.036121605805,40691.09134831006,29614.605659329038,2.7007326647527634
1973-03-31,2.7280975728030312,2.7177758069348044,True,0,False,True,True,0.0,3.2101098234827163,4.036536293877815,2.965068599667515,32101.098234827165,40365.362938778155,29650.685996675147,2.7177758069348044
1973-04-30,2.623106510272749,2.7292103683731956,False,0,False,True,False,0.0,3.08656847929976,3.902407007196528,2.850957687412126,30865.6847929976,39024.07007196528,28509.57687412126,2.7292103683731956
1973-05-31,2.5804045867909866,2.7335100955900367,False,0,False,True,False,0.0,3.0363217925914228,3.9231626177212933,2.8045465422524303,30363.21792591423,39231.62617721293,28045.465422524303,2.7335100955900367
1973-06-30,2.569935455730771,2.7233876226030374,False,0,False,True,False,0.0,3.0240029295145434,3.943372810768574,2.7931680299580344,30240.029295145436,39433.72810768574,27931.680299580345,2.7233876226030374
1973-07-31,2.674306210050835,2.721121859874868,False,1,False,True,False,1.0,3.146814366710645,3.9663755043976825,2.906604752105793,31468.14366710645,39663.755043976824,29066.047521057928,2.721121859874868
1973-08-31,2.5833511973867815,2.7083233014494397,False,0,False,True,False,0.0,3.0397890232776836,3.9944646029046824,2.8077491045948246,30397.890232776837,39944.646029046824,28077.491045948245,2.7083233014494397
1973-09-30,2.6930925637789835,2.6883563728324527,True,1,False,True,True,1.0,3.1689199758543047,4.003133249660351,2.927022946856923,31689.199758543047,40031.332496603514,29270.229468569232,2.6883563728324527
1973-10-31,2.697080866705518,2.6725418374922523,True,1,False,True,True,1.0,3.173612949643486,4.009061641528372,2.9313576861607245,31736.12949643486,40090.616415283715,29313.576861607246,2.6725418374922523
1973-11-30,2.396044930123461,2.643261139163788,False,1,False,True,False,1.0,2.8193886627714893,3.921163748798663,2.6041728333059755,28193.88662771489,39211.63748798663,26041.728333059757,2.643261139163788
1973-12-31,2.4416239865264293,2.6031062274566286,False,3,True,False,False,3.0,2.8730208268710697,3.9446391091767943,2.6537110280869123,28730.208268710696,39446.391091767946,26537.11028086912,2.6031062274566286
1974-01-31,2.4262183753116497,2.569940862232301,False,4,True,False,False,5.0,2.8911343196583155,3.9695088182245297,2.636967237642242,28911.343196583155,39695.088182245294,26369.672376422423,2.569940862232301
1974-02-28,2.425303339145851,2.538797848069702,False,4,True,False,False,5.0,2.9074220540481015,3.991871772740179,2.6359727185935764,29074.220540481016,39918.71772740179,26359.727185935764,2.538797848069702
1974-03-31,2.3773764367116414,2.5245729486536086,False,4,True,False,False,5.0,2.9241341587262766,4.0148173849312245,2.5838827365842474,29241.341587262767,40148.17384931225,25838.827365842473,2.5245729486536086
1974-04-30,2.292768040253531,2.5023383012728417,False,4,True,False,False,5.0,2.942897233442458,4.040578965787727,2.4919249920713202,29428.97233442458,40405.78965787727,24919.249920713202,2.5023383012728417
1974-05-31,2.224206893081176,2.463278206464984,False,4,True,False,False,5.0,2.963514971034581,4.068886986839286,2.4174084107493914,29635.149710345813,40688.86986839286,24174.084107493913,2.463278206464984
1974-06-30,2.199106803494657,2.437138970595954,False,4,True,False,False,5.0,2.9821750346506493,4.094507134118146,2.3901280494368877,29821.75034650649,40945.07134118146,23901.28049436888,2.437138970595954
1974-07-31,2.0356915292262543,2.3749486088397216,False,5,True,False,False,6.0,3.0019977015306023,4.121723528197687,2.2125180169843275,30019.977015306024,41217.235281976864,22125.180169843276,2.3749486088397216
1974-08-31,1.8589021925665703,2.2942959437687005,False,5,True,False,False,6.0,3.0211340437173733,4.147997602889564,2.02037220955007,30211.340437173734,41479.97602889564,20203.7220955007,2.2942959437687005
1974-09-30,1.6426870441020145,2.2281159355194236,False,5,True,False,False,6.0,3.0416791900656777,4.176205956630438,1.7853759418667245,30416.791900656775,41762.059566304386,17853.759418667247,2.2281159355194236
1974-10-31,1.9180617978709973,2.1601065068795666,False,5,True,False,False,6.0,3.0632074291166425,4.205764090326474,2.084670601882369,30632.074291166424,42057.640903264735,20846.70601882369,2.1601065068795666
1974-11-30,1.8222898229567117,2.109469079412556,False,5,True,False,False,6.0,3.080748986370911,4.229848535567478,1.9805795758217704,30807.48986370911,42298.48535567478,19805.795758217704,2.109469079412556
1974-12-31,1.7920006084357425,2.037628812693411,False,5,True,False,False,6.0,3.0992631018526424,4.255268296996978,1.9476593460689746,30992.631018526423,42552.682969969785,19476.593460689746,2.037628812693411
1975-01-31,2.0191271095463073,1.9831174333690964,True,5,True,True,True,6.0,3.155874715653596,4.332995678484865,2.194514760372702,31558.74715653596,43329.95678484865,21945.14760372702,1.9831174333690964
1975-02-28,2.1465152161992584,1.9626627594405759,True,5,True,True,True,6.0,3.3549810041880335,4.6063673315164735,2.332968193553859,33549.81004188034,46063.673315164735,23329.68193553859,1.9626627594405759
1975-03-31,2.200062951429632,1.955457851864718,True,5,True,True,True,6.0,3.4386755585799156,4.721279416173686,2.391167251350664,34386.755585799154,47212.794161736856,23911.67251350664,1.955457851864718
1975-04-30,2.312118199570965,1.9612034709706812,True,5,True,True,True,6.0,3.6138167484007893,4.961747142872205,2.5129559663160306,36138.16748400789,49617.47142872205,25129.559663160308,1.9612034709706812
1975-05-31,2.4221543308487625,1.9928926653126586,True,5,True,True,True,6.0,3.785802079520418,5.197881895879916,2.6325501776570364,37858.02079520418,51978.81895879916,26325.501776570363,1.9928926653126586
1975-06-30,2.537966158129885,2.058439598655299,True,5,True,True,True,6.0,3.9668147635471604,5.446411146343646,2.7584217798917585,39668.14763547161,54464.11146343646,27584.217798917583,2.058439598655299
1975-07-31,2.3745494892251116,2.139413264684654,True,5,True,True,True,6.0,3.7113962061544106,5.095723110504297,2.580810231660382,37113.96206154411,50957.23110504297,25808.10231660382,2.139413264684654
1975-08-31,2.332287152277102,2.1818447284303804,True,4,True,True,True,5.0,3.6453406121464513,5.005029204958379,2.534876856885829,36453.40612146451,50050.29204958379,25348.76856885829,2.1818447284303804
1975-09-30,2.259010431608892,2.23412981111493,True,3,True,True,True,4.0,3.53080985828283,4.847779216838395,2.4552350927107014,35308.0985828283,48477.79216838395,24552.350927107014,2.23412981111493
1975-10-31,2.4070445413350754,2.3004527630928457,True,3,True,True,True,4.0,3.722566382649572,5.111059690958957,2.616127904905044,37225.66382649572,51110.59690958957,26161.279049050438,2.3004527630928457
1975-11-30,2.473976449369946,2.3419743504976442,True,3,True,True,True,4.0,3.826078580491582,5.253181272558879,2.6888737263186524,38260.78580491582,52531.81272558879,26888.737263186526,2.3419743504976442
1975-12-31,2.4540706879892698,2.3671037398937984,True,2,True,True,True,2.0,3.7952937250955747,5.2109138641817205,2.6672388886901444,37952.93725095575,52109.138641817204,26672.388886901444,2.3671037398937984
1976-01-31,2.7527893920873536,2.4131135048420966,True,1,False,True,True,1.0,4.257271136251997,5.845205877159755,2.9919052270515514,42572.71136251996,58452.05877159755,29919.052270515513,2.4131135048420966
1976-02-29,2.7289266225215054,2.452158377548948,True,0,False,True,True,0.0,4.220366649335662,5.7945362540812395,2.9659696632190236,42203.66649335662,57945.36254081239,29659.696632190236,2.452158377548948
1976-03-31,2.822091315044028,2.493075767500019,True,0,False,True,True,0.0,4.3644486330624215,5.992359890659377,3.067226930242792,43644.48633062421,59923.59890659377,30672.269302427918,2.493075767500019
1976-04-30,2.799591870747989,2.5239496828028027,True,0,False,True,True,0.0,4.329652569455605,5.944585119218428,3.042773114346606,43296.52569455605,59445.85119218428,30427.73114346606,2.5239496828028027
1976-05-31,2.7674089229318164,2.566715348973196,True,0,False,True,True,0.0,4.279880678002114,5.876248632504208,3.0077946557438855,42798.80678002114,58762.486325042075,30077.946557438856,2.566715348973196
1976-06-30,2.889893163906581,2.6262424948783654,True,1,False,True,True,1.0,4.469306220416095,6.136328683402062,3.1409182582458435,44693.062204160946,61363.28683402062,31409.182582458434,2.6262424948783654
1976-07-31,2.8753759936471166,2.686452864449406,True,1,False,True,True,1.0,4.446854982372485,6.10550327802806,3.125140081496785,44468.54982372485,61055.0327802806,31251.40081496785,2.686452864449406
1976-08-31,2.869803600265804,2.7358288929326062,True,0,False,True,True,0.0,4.438237109326949,6.0936709937872395,3.119083652722154,44382.371093269496,60936.709937872394,31190.836527221538,2.7358288929326062
1976-09-30,2.9437489066334566,2.791286682236705,True,0,False,True,True,0.0,4.552595737475256,6.250684654407618,3.19945207802677,45525.957374752565,62506.84654407617,31994.5207802677,2.791286682236705
1976-10-31,2.887092269802758,2.827412383527252,True,0,False,True,True,0.0,4.464974553904237,6.064276861043476,3.137874069782416,44649.74553904237,60642.76861043476,31378.74069782416,2.827412383527252
1976-11-30,2.8729843251984235,2.83942808693752,True,1,True,True,True,2.0,4.398287805577843,5.9737036898122176,3.122540665299679,43982.878055778434,59737.036898122176,31225.406652996793,2.83942808693752
1976-12-31,3.033491731414559,2.8610926701076886,True,1,True,True,True,2.0,4.644010610701956,6.3074415652144085,3.296990243251012,46440.106107019565,63074.41565214408,32969.90243251012,2.8610926701076886
1977-01-31,2.8912303037159024,2.875859065926079,True,1,True,True,True,2.0,4.426220803370555,6.011641964740527,3.1423715461712884,44262.208033705545,60116.419647405266,31423.715461712884,2.875859065926079
1977-02-28,2.838397460470209,2.880897385992962,False,1,False,True,False,1.0,4.345338339744344,5.921397553705483,3.0849494780969398,43453.38339744344,59213.97553705483,30849.4947809694,2.880897385992962
1977-03-31,2.8103201927135495,2.8917351615669276,False,0,False,True,False,0.0,4.30235449771467,5.939673933915395,3.0544333316732657,43023.544977146696,59396.739339153944,30544.333316732656,2.8917351615669276
1977-04-30,2.82113519036213,2.8862884559983017,False,0,False,True,False,0.0,4.318911313516933,5.931434875586005,3.0661877536019264,43189.11313516933,59314.34875586005,30661.877536019263,2.8862884559983017
1977-05-31,2.765189377048226,2.880890554088916,False,0,False,True,False,0.0,4.233263164895489,5.953516355838719,3.00538231321239,42332.63164895489,59535.16355838719,30053.823132123896,2.880890554088916
1977-06-30,2.9022081708867384,2.8783638678754966,True,0,False,True,True,0.0,4.443026958171072,6.008678687697778,3.1543029849746764,44430.269581710716,60086.78687697778,31543.029849746763,2.8783638678754966
1977-07-31,2.8650118736453285,2.8749556345277174,False,0,False,True,False,0.0,4.386082679312801,5.919214564273691,3.113875701847452,43860.826793128006,59192.14564273691,31138.75701847452,2.8749556345277174
1977-08-31,2.8164840174467685,2.8758628932528,False,0,False,True,False,0.0,4.311790774453827,5.94668036888511,3.0611325653636308,43117.907744538265,59466.8036888511,30611.325653636308,2.8758628932528
1977-09-30,2.8202505240386384,2.866356144521809,False,0,False,True,False,0.0,4.317556966725514,5.973296743351179,3.065226242414381,43175.569667255135,59732.96743351179,30652.26242414381,2.866356144521809
1977-10-31,2.7081584065295488,2.842757149567739,False,0,False,True,False,0.0,4.145953735473083,6.0015533965270595,2.9433974554934803,41459.537354730826,60015.533965270595,29433.974554934804,2.842757149567739
1977-11-30,2.7918288600300896,2.8295903423180913,False,0,False,True,False,0.0,4.274045884146109,6.002717598078874,3.034335784410907,42740.45884146109,60027.17598078874,30343.35784410907,2.8295903423180913
1977-12-31,2.8104920825377033,2.819271734701193,False,0,False,True,False,0.0,4.302617646006438,6.032410133412589,3.054620152381323,43026.17646006438,60324.10133412589,30546.20152381323,2.819271734701193
1978-01-31,2.6488686600166442,2.80100916610377,False,0,False,True,False,0.0,4.055186317497179,6.062190450120117,2.878957617483204,40551.86317497179,60621.90450120117,28789.57617483204,2.80100916610377
1978-02-28,2.5932549046344886,2.7826878278357183,False,0,False,True,False,0.0,3.970046520536113,6.0907862523628165,2.8185130786085213,39700.46520536113,60907.862523628166,28185.130786085214,2.7826878278357183
1978-03-31,2.6697974357175456,2.7638516780275197,False,1,False,True,False,1.0,4.087226443210219,6.124076769290156,2.9017043316326077,40872.26443210219,61240.76769290156,29017.043316326075,2.7638516780275197
1978-04-30,2.9096245280953807,2.7527711268381223,True,0,False,True,True,0.0,4.454380752616266,6.410232414329881,3.1623635500008302,44543.80752616266,64102.324143298814,31623.635500008302,2.7527711268381223
1978-05-31,2.9350155422370867,2.758407532988136,True,0,False,True,True,0.0,4.493252175231149,6.466171694574549,3.1899601064788072,44932.521752311484,64661.71694574549,31899.601064788072,2.758407532988136
1978-06-30,2.8963009892075404,2.7727883582383543,True,0,False,True,True,0.0,4.433983579508306,6.380879148976326,3.147882687150977,44339.83579508306,63808.79148976326,31478.82687150977,2.7727883582383543
1978-07-31,3.0648509659977767,2.7890441642739376,True,0,False,True,True,0.0,4.692018856987838,6.752213839835071,3.3310734383314515,46920.18856987838,67522.13839835071,33310.73438331451,2.7890441642739376
1978-08-31,3.1590100048598377,2.8408133021887028,True,0,False,True,True,0.0,4.8361681127911496,6.959656868029101,3.4334114237056017,48361.6811279115,69596.568680291,34334.11423705602,2.8408133021887028
1978-09-30,3.1488231485472378,2.880452593667233,True,0,False,True,True,0.0,4.820572926453407,6.937214069687043,3.422339705419961,48205.729264534064,69372.14069687043,34223.39705419961,2.880452593667233
1978-10-31,2.8732689157039486,2.920365564178274,False,0,False,True,False,0.0,4.3987234887589315,6.299450072074044,3.122849976220272,43987.234887589315,62994.50072074044,31228.499762202722,2.920365564178274
1978-11-30,2.9335515020532554,2.948364523595802,False,0,False,True,False,0.0,4.491010857716483,6.011647721623358,3.188368895218255,44910.10857716483,60116.47721623359,31883.68895218255,2.948364523595802
1978-12-31,2.9893348457821225,2.9844170759759145,True,0,False,True,True,0.0,4.576410279608589,5.968630837226452,3.248997753410076,45764.102796085885,59686.30837226452,32489.97753410076,2.9844170759759145
1979-01-31,3.1220453621366278,3.0291009495478374,True,0,False,True,True,0.0,4.7795784767457725,6.233606198369211,3.393235917327396,47795.78476745773,62336.06198369211,33932.35917327396,3.0291009495478374
1979-02-28,3.019621783628038,3.0461265686470353,False,0,False,True,False,0.0,4.622776933344777,6.020617914885952,3.2819155087287517,46227.769333447766,60206.179148859526,32819.155087287516,3.0461265686470353
1979-03-31,3.2004036266576676,3.064743362976296,True,1,False,True,True,1.0,4.899538128556722,6.2680722872332515,3.4784006240343674,48995.38128556722,62680.72287233252,34784.006240343675,3.064743362976296
1979-04-30,3.2187862007165657,3.096634113039784,True,2,True,True,True,2.0,4.927680242180261,6.3040750282834255,3.498379965560301,49276.80242180261,63040.750282834255,34983.79965560301,3.096634113039784
1979-05-31,3.1480263935130752,3.1061085173417364,True,2,True,True,True,2.0,4.819353164159516,6.1654901376503135,3.421473741769328,48193.53164159516,61654.901376503134,34214.73741769328,3.1061085173417364
1979-06-30,3.2836679000672735,3.1094506218162987,True,2,True,True,True,2.0,5.027008451024451,6.431147494475288,3.5688974907968296,50270.08451024451,64311.47494475288,35688.974907968295,3.1094506218162987
1979-07-31,3.3265196218507334,3.1218637420360182,True,2,True,True,True,2.0,5.092610690380627,6.515073686638632,3.615471446203885,50926.10690380627,65150.73686638632,36154.71446203885,3.1218637420360182
1979-08-31,3.5194591340804195,3.1771429484314497,True,2,True,True,True,2.0,5.387984214145104,6.892950651795741,3.8251702836100625,53879.84214145104,68929.5065179574,38251.70283610062,3.1771429484314497
1979-09-30,3.5330442777486843,3.2280489484817334,True,3,True,True,True,4.0,5.40878188129876,6.919557502830358,3.8399354750439447,54087.81881298759,69195.57502830357,38399.354750439445,3.2280489484817334
1979-10-31,3.306038799546229,3.2689653572498902,True,3,True,True,True,4.0,5.0433733650905666,6.4520834402010525,3.593211596073941,50433.73365090566,64520.83440201053,35932.11596073941,3.2689653572498902
1979-11-30,3.4616651385732253,3.2968371619170203,True,4,True,True,True,5.0,5.197921383913027,6.649799659242547,3.7623561221826765,51979.213839130265,66497.99659242546,37623.56122182676,3.2968371619170203
1979-12-31,3.534009945036796,3.339864341231571,True,3,True,True,True,3.0,5.3065519421787055,6.788772797923347,3.8409850231914335,53065.51942178705,67887.72797923347,38409.85023191434,3.339864341231571
1980-01-31,3.753824922797411,3.3867578326269476,True,4,True,True,True,5.0,5.636618811060539,7.211033619145187,4.079893812522213,56366.18811060539,72110.33619145188,40798.938125222136,3.3867578326269476
1980-02-29,3.7520789992897328,3.448816215809397,True,4,True,True,True,5.0,5.633997190316776,7.207679729880435,4.077996232676957,56339.97190316775,72076.79729880435,40779.96232676957,3.448816215809397
1980-03-31,3.3840516151717424,3.4765632448148125,False,4,True,False,False,5.0,5.104725517095904,6.530572414805703,3.678000847121584,51047.25517095904,65305.72414805703,36780.00847121584,3.4765632448148125
1980-04-30,3.5378195963080894,3.4921161117214807,True,5,True,True,True,6.0,5.215060081747221,6.671725521255473,3.8451255926024412,52150.60081747221,66717.25521255472,38451.25592602441,3.4921161117214807
1980-05-31,3.717865945411143,3.5186336970620276,True,5,True,True,True,6.0,5.4021998531340785,6.911136989049207,4.040811326695057,54021.99853134078,69111.36989049207,40408.113266950575,3.5186336970620276
1980-06-30,3.833896840479868,3.555462854017599,True,5,True,True,True,6.0,5.5707971327301715,7.12682669452977,4.166921025625693,55707.97132730172,71268.2669452977,41669.21025625693,3.555462854017599
1980-07-31,4.100911847266777,3.6138312726086865,True,5,True,True,True,6.0,5.958780037877473,7.623180602156248,4.457129785076485,59587.80037877473,76231.80602156249,44571.29785076485,3.6138312726086865
1980-08-31,4.14187371884855,3.705158727117987,True,5,True,True,True,6.0,6.018299186736585,7.6993245809833715,4.501649732024692,60182.991867365854,76993.24580983371,45016.49732024692,3.705158727117987
1980-09-30,4.263646368768485,3.7918070095787555,True,5,True,True,True,6.0,6.1952394533228965,7.925687628353314,4.633999932463061,61952.394533228966,79256.87628353314,46339.999324630604,3.7918070095787555
1980-10-31,4.35154817287824,3.8929554068456054,True,5,True,True,True,6.0,6.322964099726046,8.089088197041631,4.729537160243432,63229.64099726046,80890.88197041632,47295.37160243432,3.8929554068456054
1980-11-30,4.814019020378324,3.970129117763506,True,4,True,True,True,5.0,6.9949517348712575,8.948774755794444,5.232179661690039,69949.51734871257,89487.74755794444,52321.79661690039,3.970129117763506
1980-12-31,4.671067625753881,4.070597563928308,True,4,True,True,True,5.0,6.787237951108117,8.683042562775334,5.07681106501477,67872.37951108116,86830.42562775334,50768.1106501477,4.070597563928308
1981-01-31,4.476002002460301,4.197522764753496,True,4,True,True,True,5.0,6.503800221781504,8.32043528638869,4.864801435935375,65038.00221781505,83204.3528638869,48648.01435935375,4.197522764753496
1981-02-28,4.552548772712397,4.288820581806909,True,4,True,True,True,5.0,6.615025574466466,8.462727994907265,4.947997296355884,66150.25574466465,84627.27994907265,49479.97296355884,4.288820581806909
1981-03-31,4.737209993508592,4.389622185032029,True,2,True,True,True,2.0,6.883345313400584,8.805994538732703,5.148698764227687,68833.45313400585,88059.94538732702,51486.98764227687,4.389622185032029
1981-04-30,4.645398748527261,4.471875921268209,True,2,True,True,True,2.0,6.749940101529947,8.635326714632077,5.048912509401462,67499.40101529947,86353.26714632077,50489.12509401462,4.471875921268209
1981-05-31,4.656132931778343,4.522505761323711,True,1,False,True,True,1.0,6.765537275832069,8.65528047628003,5.060579097143101,67655.3727583207,86552.8047628003,50605.790971431015,4.522505761323711
1981-06-30,4.627817143126872,4.571613642769833,True,1,True,True,True,2.0,6.724393363829765,8.602644287348896,5.029803711159,67243.93363829765,86026.44287348897,50298.037111590005,4.571613642769833
1981-07-31,4.637776802561963,4.591629869177369,True,2,True,True,True,2.0,6.738865125729603,8.458290543635854,5.040628497540828,67388.65125729603,84582.90543635855,50406.28497540828,4.591629869177369
1981-08-31,4.367926858873624,4.607148901199121,False,2,True,False,False,2.0,6.6939884058335215,8.401963502146753,4.747338549765889,66939.88405833521,84019.63502146753,47473.38549765889,4.607148901199121
1981-09-30,4.150039493166285,4.561878452646151,False,2,True,False,False,2.0,6.774716511216589,8.503289431309534,4.510524810857236,67747.1651121659,85032.89431309534,45105.248108572356,4.561878452646151
1981-10-31,4.373041026711293,4.523853803963607,False,3,True,False,False,4.0,6.856320455560301,8.60571467026119,4.752896950103204,68563.204555603,86057.14670261189,47528.969501032036,4.523853803963607
1981-11-30,4.551065649546571,4.517550242474749,True,4,True,True,True,5.0,6.9251125644539036,8.69205912637887,4.946385344506262,69251.12564453903,86920.59126378871,49463.85344506262,4.517550242474749
1981-12-31,4.433490745654981,4.511580006220406,False,5,True,False,False,6.0,6.8003344397048355,8.535443789385702,4.81859751935172,68003.34439704835,85354.43789385703,48185.9751935172,4.511580006220406
1982-01-31,4.374902696544968,4.4671621345677925,False,5,True,False,False,6.0,6.856156525957207,8.605508913923023,4.754920330359764,68561.56525957207,86055.08913923023,47549.203303597635,4.4671621345677925
1982-02-28,4.127212831759283,4.42218211572672,False,5,True,False,False,6.0,6.9162927166263275,8.680988889167638,4.485715354755703,69162.92716626328,86809.88889167638,44857.15354755703,4.42218211572672
1982-03-31,4.105958792088052,4.3542619345693705,False,5,True,False,False,6.0,6.996384216816358,8.781515782946299,4.462615123197452,69963.84216816358,87815.15782946299,44626.151231974516,4.3542619345693705
1982-04-30,4.290014926531518,4.3191237587432205,False,4,True,False,False,5.0,6.978827740604957,8.75947976145783,4.662658945036922,69788.27740604957,87594.7976145783,46626.58945036922,4.3191237587432205
1982-05-31,4.140172823962632,4.286188076482964,False,4,True,False,False,5.0,6.930526149909401,8.698853991361483,4.499801092127114,69305.261499094,86988.53991361483,44998.01092127114,4.286188076482964
1982-06-30,4.075834789746024,4.247186465578531,False,5,True,False,False,6.0,7.000020397557277,8.786079737351388,4.429874456466502,70000.20397557277,87860.79737351388,44298.744564665016,4.247186465578531
1982-07-31,4.000554513658704,4.23260049410385,False,5,True,False,False,6.0,7.0689085530714575,8.872544746441632,4.348055101826825,70689.08553071457,88725.44746441631,43480.55101826825,4.23260049410385
1982-08-31,4.486171909334706,4.205784115863416,True,4,True,True,True,5.0,7.5344023135899,9.456809514953132,4.87585473250198,75344.023135899,94568.09514953132,48758.547325019805,4.205784115863416
1982-09-30,4.5412474914053,4.221400999737951,True,4,True,True,True,5.0,7.626900238627399,9.572908340208363,4.93571435066004,76269.00238627399,95729.08340208363,49357.1435066004,4.221400999737951
1982-10-31,5.066147426980891,4.290399001115377,True,4,True,True,True,5.0,8.508455241184222,10.679392622458188,5.506208724636396,85084.55241184222,106793.92622458188,55062.08724636396,4.290399001115377
1982-11-30,5.272665003552196,4.398231093515552,True,3,True,True,True,4.0,8.855295830034189,11.114729792454021,5.730665059217513,88552.9583003419,111147.29792454021,57306.65059217513,4.398231093515552
1982-12-31,5.378926048139755,4.537451155389166,True,3,True,True,True,4.0,9.03375833133047,11.338727106385202,5.846156268115411,90337.5833133047,113387.27106385202,58461.562681154115,4.537451155389166
1983-01-31,5.57667960290631,4.677598263769784,True,3,True,True,True,4.0,9.36587998664499,11.75558979825861,6.061087310742481,93658.79986644989,117555.8979825861,60610.87310742481,4.677598263769784
1983-02-28,5.700672340019943,4.801484145382404,True,3,True,True,True,4.0,9.574122377765445,12.016965358495487,6.195850442042333,95741.22377765445,120169.65358495487,61958.50442042333,4.801484145382404
1983-03-31,5.912003323905646,4.99864309913529,True,3,True,True,True,4.0,9.929046951790017,12.462449147258965,6.425538291444476,99290.46951790017,124624.49147258965,64255.38291444476,4.99864309913529
1983-04-30,6.376591927983618,5.203805833609936,True,3,True,True,True,4.0,10.709310732174584,13.441797692160115,6.930482504381694,107093.10732174585,134417.97692160116,69304.82504381695,5.203805833609936
1983-05-31,6.319609167819038,5.452995621461921,True,2,True,True,True,3.0,10.613609753991959,13.321678552857533,6.8685500447179475,106136.09753991959,133216.78552857533,68685.50044717948,5.452995621461921
1983-06-30,6.54793687707338,5.677973985372151,True,1,False,True,True,1.0,10.997079860717703,13.802991283854539,7.1167110078349936,109970.79860717703,138029.9128385454,71167.11007834994,5.677973985372151
1983-07-31,6.370761247767928,5.855710221715136,True,1,False,True,True,1.0,10.699518265145963,13.429506671384111,6.924145353176182,106995.18265145963,134295.0667138411,69241.45353176181,5.855710221715136
1983-08-31,6.467670353387706,5.988049093000163,True,1,False,True,True,1.0,10.862274442204248,13.63379018316924,7.029472284646536,108622.74442204248,136337.9018316924,70294.72284646536,5.988049093000163
1983-09-30,6.556327465299436,6.1292272607439555,True,1,False,True,True,1.0,11.01117162283035,13.82067856739512,7.1258304286100556,110111.7162283035,138206.7856739512,71258.30428610055,6.1292272607439555
1983-10-31,6.479527558162004,6.254324401105842,True,0,False,True,True,0.0,10.882188291448035,13.658785062811946,7.042359443048271,108821.88291448035,136587.85062811946,70423.59443048271,6.254324401105842
1983-11-30,6.615603121166746,6.358348221018859,True,0,False,True,True,0.0,11.110723456271451,13.945631109950313,7.190254952017506,111107.23456271451,139456.31109950313,71902.54952017506,6.358348221018859
1983-12-31,6.580200543751721,6.438031810101482,True,0,False,True,True,0.0,11.051265801376914,13.871002799284012,7.151777196790912,110512.65801376913,138710.02799284013,71517.77196790911,6.438031810101482
1984-01-31,6.54398202961885,6.513029063294213,True,0,False,True,True,0.0,10.990437803209995,13.794654501449832,7.1124126300493895,109904.37803209995,137946.54501449832,71124.1263004939,6.513029063294213
1984-02-29,6.312126314714646,6.512284757264253,False,0,False,True,False,0.0,10.60104250804567,13.66935885210296,6.860417207756055,106010.4250804567,136693.5885210296,68604.17207756055,6.512284757264253
1984-03-31,6.422437332031756,6.507169396525423,False,0,False,True,False,0.0,10.786306827132304,13.773579823656979,6.980310182591365,107863.06827132303,137735.7982365698,69803.10182591365,6.507169396525423
1984-04-30,6.480577641167539,6.488608751487652,False,0,False,True,False,0.0,10.883951876969556,13.873431778983132,7.043500739524543,108839.51876969557,138734.31778983132,70435.00739524543,6.488608751487652
1984-05-31,6.119840453571411,6.479065230640811,False,0,False,True,False,0.0,10.27810369376312,13.574201586775745,6.651428799599511,102781.0369376312,135742.01586775744,66514.28799599511,6.479065230640811
1984-06-30,6.250076659029164,6.454656951244498,False,0,False,True,False,0.0,10.496831818218693,13.680680794065477,6.792977726291993,104968.31818218694,136806.80794065478,67929.77726291993,6.454656951244498
1984-07-31,6.170285248043229,6.403631098864661,False,0,False,True,False,0.0,10.362824338414791,13.788538004691054,6.706255385567767,103628.2433841479,137885.38004691055,67062.55385567767,6.403631098864661
1984-08-31,6.854398860260374,6.42717939507099,True,0,False,True,True,0.0,11.51177433115182,14.612627673797531,7.449793230552546,115117.74331151819,146126.2767379753,74497.93230552545,6.42717939507099
1984-09-30,6.853696249731341,6.450547399899508,True,1,False,True,True,1.0,11.510594316096114,14.611129805600807,7.449029589091113,115105.94316096113,146111.29805600806,74490.29589091113,6.450547399899508
1984-10-31,6.881408062742847,6.47422807515453,True,0,False,True,True,0.0,11.557135543736816,14.670207547348626,7.479148536235603,115571.35543736815,146702.07547348627,74791.48536235603,6.47422807515453
1984-11-30,6.802804862185075,6.522231383819647,True,1,False,True,True,1.0,11.425123630661055,14.502636425921958,7.393717617587138,114251.23630661055,145026.36425921958,73937.17617587138,6.522231383819647
1984-12-31,6.979826290685591,6.5779119899765535,True,1,False,True,True,1.0,11.722426250222748,14.880021558841337,7.586115677080249,117224.26250222747,148800.21558841338,75861.1567708025,6.5779119899765535
1985-01-31,7.523142157086886,6.66828659044883,True,0,False,True,True,0.0,12.634910302005569,16.038295628799276,8.176625646821693,126349.10302005569,160382.95628799277,81766.25646821693,6.66828659044883
1985-02-28,7.6109671939970545,6.775936776890668,True,0,False,True,True,0.0,12.782410035555728,16.22552642627246,8.272079439165129,127824.10035555728,162255.26426272458,82720.79439165129,6.775936776890668
1985-03-31,7.61445221782512,6.914196576341517,True,1,False,True,True,1.0,12.788263037206965,16.232956013705582,8.275867182985106,127882.63037206965,162329.5601370558,82758.67182985105,6.914196576341517
1985-04-30,7.604765707338397,7.0615382077815045,True,0,False,True,True,0.0,12.77199480930649,16.21230571685439,8.265339272117526,127719.9480930649,162123.05716854392,82653.39272117526,7.0615382077815045
1985-05-31,8.043840140542532,7.2194232301833745,True,0,False,True,True,0.0,13.509408241566598,17.148351509388267,8.74255307406844,135094.082415666,171483.51509388266,87425.5307406844,7.2194232301833745
1985-06-30,8.167320245287085,7.340462057224519,True,0,False,True,True,0.0,13.716789680724968,17.411593966172457,8.876759044159732,137167.8968072497,174115.93966172458,88767.59044159732,7.340462057224519
1985-07-31,8.156148688498133,7.494688569918639,True,0,False,True,True,0.0,13.698027358411384,17.387777756578927,8.864617091256521,136980.27358411383,173877.77756578926,88646.17091256521,7.494688569918639
1985-08-31,8.086497085525451,7.620032489330997,True,0,False,True,True,0.0,13.581049407234195,17.239290199628616,8.788915333757203,135810.49407234194,172392.90199628615,87889.15333757203,7.620032489330997
1985-09-30,7.829267524193978,7.723838771590777,True,1,False,True,True,1.0,13.1490394349933,16.69091245227817,8.509342013941318,131490.394349933,166909.1245227817,85093.42013941318,7.723838771590777
1985-10-31,8.191920365601938,7.848405340473352,True,0,False,True,True,0.0,13.758104906079824,17.46403801067877,8.903496007317045,137581.04906079825,174640.3801067877,89034.96007317046,7.848405340473352
1985-11-30,8.752630110180148,7.954790257341828,True,0,False,True,True,0.0,14.699801497780202,18.659393416401436,9.512910741507888,146998.01497780203,186593.93416401435,95129.10741507888,7.954790257341828
1985-12-31,9.177561273776393,8.103241627003928,True,1,False,True,True,1.0,15.413461697794872,19.565287719784532,9.974752745533001,154134.61697794872,195652.87719784532,99747.52745533001,8.103241627003928
1986-01-31,9.225609075990198,8.266856702774616,True,1,False,True,True,1.0,15.494156659887015,19.667718969936193,10.026974129052217,154941.56659887015,196677.18969936192,100269.74129052217,8.266856702774616
1986-02-28,9.909570297500316,8.447045353213507,True,0,False,True,True,0.0,16.642850716623645,21.125829429656868,10.770346346199931,166428.50716623646,211258.29429656867,107703.46346199932,8.447045353213507
1986-03-31,10.459876413554692,8.663126750355946,True,1,True,True,True,2.0,17.567074700407108,22.299005742336576,11.368453760386483,175670.74700407108,222990.05742336577,113684.53760386484,8.663126750355946
1986-04-30,10.341401853313993,8.92041444966719,True,1,True,True,True,2.0,17.36809993554762,22.046434412172044,11.239688131938603,173680.99935547617,220464.34412172044,112396.88131938603,8.92041444966719
1986-05-31,10.890512572710087,9.163870613869978,True,0,False,True,True,0.0,18.290316283527133,23.21706230497626,11.836496313601007,182903.16283527133,232170.6230497626,118364.96313601008,9.163870613869978
1986-06-30,11.07434279086724,9.456233537015084,True,1,True,True,True,2.0,18.599054078017126,23.608962833073242,12.036294595363984,185990.54078017126,236089.62833073243,120362.94595363984,9.456233537015084
1986-07-31,10.4543044055137,9.758353842345828,True,1,False,True,True,1.0,17.55771666618017,22.287126994023495,11.362397750424023,175577.1666618017,222871.26994023495,113623.97750424023,9.758353842345828
1986-08-31,11.229165657273866,10.034615197355082,True,0,False,True,True,0.0,18.859074823192646,23.93902371052037,12.204565856725484,188590.74823192647,239390.2371052037,122045.65856725484,10.034615197355082
1986-09-30,10.297816197972748,10.227714736462964,True,0,False,True,True,0.0,17.29489902638069,21.953515840258653,11.192316491225812,172948.99026380692,219535.15840258653,111923.16491225811,10.227714736462964
1986-10-31,10.89390981300185,10.399476638284755,True,0,False,True,True,0.0,18.296021855143934,23.22430475008543,11.840188648734117,182960.21855143935,232243.0475008543,118401.88648734117,10.399476638284755
1986-11-30,11.155380672707855,10.56717441416564,True,0,False,True,True,0.0,18.735154971332836,23.78172435730777,12.12437167927205,187351.54971332836,237817.2435730777,121243.7167927205,10.56717441416564
1986-12-31,10.870838382646763,10.70315532000672,True,0,False,True,True,0.0,18.257274022524435,23.17511966054601,11.815113162293587,182572.74022524434,231751.1966054601,118151.13162293586,10.70315532000672
1987-01-31,12.333153766543273,10.867159327253528,True,0,False,True,True,0.0,20.713192483585328,26.29257323775647,13.404449801432678,207131.92483585328,262925.7323775647,134044.4980143268,10.867159327253528
1987-02-28,12.816653487654621,11.072165502920754,True,2,True,True,True,2.0,21.525216964809815,27.32332758237841,13.929947809754383,215252.16964809815,273233.2758237841,139299.47809754382,11.072165502920754
1987-03-31,13.18837584878508,11.353728734689696,True,1,False,True,True,1.0,22.149514444780827,28.115788098896694,14.333959129499712,221495.14444780827,281157.88098896696,143339.5912949971,11.353728734689696
1987-04-30,13.06904893508553,11.592333854791091,True,1,False,True,True,1.0,21.94910817573423,27.861399669378205,14.204267109524691,219491.08175734233,278613.99669378204,142042.67109524691,11.592333854791091
1987-05-31,13.17833830500828,11.851588070677506,True,2,True,True,True,2.0,22.132656666126096,28.094389447758925,14.3230496935004,221326.56666126096,280943.89447758923,143230.496935004,11.851588070677506
1987-06-30,13.844931629672852,12.152081679235886,True,2,True,True,True,2.0,23.252181817876487,29.515473960309784,15.047545384349208,232521.81817876486,295154.73960309784,150475.45384349208,12.152081679235886
1987-07-31,14.549534748779367,12.561500076893315,True,2,True,True,True,2.0,24.435543373797348,31.017590082701407,15.813352518418803,244355.43373797348,310175.90082701406,158133.52518418804,12.561500076893315
1987-08-31,15.09476324775588,13.00767425432688,True,2,True,True,True,2.0,25.35123963937648,32.17994162003006,16.40594125794034,253512.3963937648,321799.41620030056,164059.4125794034,13.00767425432688
1987-09-30,14.765776785301151,13.377109918676984,True,3,True,True,True,3.0,24.79871592562823,31.478588112074412,16.04837800973952,247987.1592562823,314785.8811207441,160483.78009739518,13.377109918676984
1987-10-31,11.581707047510294,13.546977754160723,False,2,True,False,False,2.0,21.86754258920508,27.757863280229245,12.587730086881347,218675.4258920508,277578.6328022925,125877.30086881347,13.546977754160723
1987-11-30,10.617737348363667,13.438522225069248,False,1,False,True,False,1.0,21.06394620209612,27.888780264667282,11.540026986206003,210639.4620209612,278887.8026466728,115400.26986206003,13.438522225069248
1987-12-31,11.420364033422658,13.236814465096604,False,1,False,True,False,1.0,22.65623321765833,28.02392886663152,12.41237231756394,226562.3321765833,280239.2886663152,124123.7231756394,13.236814465096604
1988-01-31,11.89852717995952,13.063670197001239,False,2,True,False,False,2.0,22.301030475200225,28.14897297092005,12.932070199871697,223010.30475200224,281489.7297092005,129320.70199871698,13.063670197001239
1988-02-29,12.453548840542702,12.95018952412487,False,1,False,True,False,1.0,23.52561162622635,28.27526434248257,13.535302765428225,235256.1162622635,282752.6434248257,135353.02765428225,12.95018952412487
1988-03-31,12.06859162501035,12.847078265702416,False,1,False,True,False,1.0,22.798400928192677,28.41774699207398,13.116906970728834,227984.0092819268,284177.4699207398,131169.06970728835,12.847078265702416
1988-04-30,12.202148612938581,12.67116853768128,False,1,False,True,False,1.0,23.05069927850222,28.54304857592873,13.262065133369365,230506.9927850222,285430.4857592873,132620.65133369365,12.67116853768128
1988-05-31,12.307514781102318,12.40248074651481,False,0,False,True,False,0.0,23.249743228343554,28.680328619635677,13.376583734098359,232497.43228343554,286803.28619635676,133765.8373409836,12.40248074651481
1988-06-30,12.872240830639397,12.163316220457807,True,1,False,True,True,1.0,24.316549637242137,29.49084217517107,13.990363641968822,243165.49637242136,294908.4217517107,139903.6364196882,12.163316220457807
1988-07-31,12.823716065236582,11.970932393108495,True,0,False,True,True,0.0,24.224883012753235,29.37966990789377,13.937623864756864,242248.83012753236,293796.6990789377,139376.23864756865,11.970932393108495
1988-08-31,12.388387979790348,12.091030771553443,True,0,False,True,True,0.0,23.402518271639778,28.38231505482453,13.46448182996382,234025.18271639777,283823.1505482453,134644.8182996382,12.091030771553443
1988-09-30,12.916142578022901,12.274356844938971,True,1,False,True,True,1.0,24.39948306223461,29.59142291479019,14.038078831460243,243994.83062234608,295914.2291479019,140380.78831460243,12.274356844938971
1988-10-31,13.275681656349018,12.446348306636459,True,1,False,True,True,1.0,25.078677148149712,30.41514198237348,14.428848590623522,250786.77148149713,304151.4198237348,144288.48590623523,12.446348306636459
1988-11-30,13.086669606938994,12.576808323793081,True,0,False,True,True,0.0,24.721620366662556,29.98210747100163,14.223418367653661,247216.20366662557,299821.0747100163,142234.1836765366,12.576808323793081
1988-12-31,13.314963206346537,12.668086458030718,True,0,False,True,True,0.0,25.152882702016374,30.505137656523353,14.47154225803669,251528.82702016374,305051.3765652335,144715.4225803669,12.668086458030718
1989-01-31,14.289600614440278,12.814291342076835,True,0,False,True,True,0.0,26.994039904095146,32.73807272651476,15.530839697985225,269940.39904095145,327380.7272651476,155308.39697985226,12.814291342076835
1989-02-28,13.933759386402945,13.008876878317622,True,0,False,True,True,0.0,26.321831312103058,31.922825588620192,15.144088995869915,263218.3131210306,319228.2558862019,151440.88995869915,13.008876878317622
1989-03-31,14.258638522434191,13.211517374711391,True,0,False,True,True,0.0,26.935550379462658,32.667137278617346,15.497188142519429,269355.50379462657,326671.3727861735,154971.8814251943,13.211517374711391
1989-04-30,14.998974382138613,13.396788636741844,True,1,False,True,True,1.0,28.334095816701698,34.36327770066365,16.301831873997838,283340.958167017,343632.7770066365,163018.31873997836,13.396788636741844
1989-05-31,15.605754664231467,13.686799928647439,True,1,False,True,True,1.0,29.48034556781653,35.753436707913764,16.96131897565687,294803.4556781653,357534.36707913765,169613.1897565687,13.686799928647439
1989-06-30,15.517487175282533,14.05366617321291,True,0,False,True,True,0.0,29.313602200859577,35.55121219859634,16.865384298516602,293136.02200859576,355512.1219859634,168653.84298516603,14.05366617321291
1989-07-31,16.918673447599136,14.38329610195308,True,0,False,True,True,0.0,31.960539590401606,38.76138855860876,18.388281961616833,319605.39590401604,387613.8855860876,183882.81961616833,14.38329610195308
1989-08-31,17.249097948746897,14.820279419653296,True,0,False,True,True,0.0,32.58473423446043,39.518404912044566,18.74740816101716,325847.34234460426,395184.0491204457,187474.0816101716,14.820279419653296
1989-09-30,17.179315480291894,15.227919604256847,True,0,False,True,True,0.0,32.4529103445627,39.35853035788755,18.67156417065335,324529.103445627,393585.30357887555,186715.6417065335,15.227919604256847
1989-10-31,16.78049485196826,15.63738750989377,True,2,True,True,True,3.0,31.699510704780945,38.444815616154365,18.2381007440769,316995.10704780946,384448.1561615436,182381.007440769,15.63738750989377
1989-11-30,17.12247407753097,15.924341792350383,True,1,True,True,True,2.0,32.345533019210265,39.2283043265467,18.609785347136306,323455.33019210264,392283.043265467,186097.85347136305,15.924341792350383
1989-12-31,17.53377177736676,16.2381921886175,True,2,True,True,True,3.0,33.122502706565285,40.17060456101685,19.05680964240209,331225.02706565283,401706.04561016854,190568.0964240209,16.2381921886175
1990-01-31,16.356720080620313,16.52275723951319,False,3,True,False,False,4.0,31.058384306179807,37.66726461827248,17.777515580121776,310583.8430617981,376672.64618272486,177775.15580121777,16.52275723951319
1990-02-28,16.56745241694779,16.666589082433674,False,2,True,False,False,3.0,30.687594032634546,37.217574279785296,18.00655278157977,306875.94032634544,372175.74279785296,180065.52781579772,16.666589082433674
1990-03-31,17.00647835268281,16.80388634297589,True,2,True,True,True,3.0,30.792419180213884,37.344705058179784,18.48371387342081,307924.1918021388,373447.05058179784,184837.1387342081,16.80388634297589
1990-04-30,16.5822409974696,16.914490843267156,False,1,False,True,False,1.0,30.024282814605307,36.926242541440736,18.022625944129395,300242.82814605307,369262.42541440733,180226.25944129395,16.914490843267156
1990-05-31,18.198779803499665,17.015171036875774,True,2,True,True,True,3.0,32.95123450348967,39.62019375806291,19.77958233076587,329512.34503489675,396201.93758062914,197795.8233076587,17.015171036875774
1990-06-30,18.075853782572523,17.130819710999656,True,1,False,True,True,1.0,32.72866111198283,39.35257401544124,19.64597857393299,327286.6111198283,393525.7401544124,196459.7857393299,17.130819710999656
1990-07-31,18.018087212081074,17.232609041095827,True,3,True,True,True,3.0,32.62406729683262,39.22681158849161,19.583194219743376,326240.6729683262,392268.11588491604,195831.94219743376,17.232609041095827
1990-08-31,16.389531097770792,17.23428889042715,False,4,True,False,False,5.0,30.83782483748594,37.079053745588965,17.81317666411155,308378.2483748594,370790.53745588963,178131.76664111548,17.23428889042715
1990-09-30,15.591891251440185,17.13107392057805,False,4,True,False,False,5.0,31.005347434344824,37.280481031892904,16.94625134377981,310053.47434344824,372804.810318929,169462.5134377981,17.13107392057805
1990-10-31,15.525344049408702,16.94783374724369,False,4,True,False,False,5.0,31.206749865278,37.52264504963469,16.873923645127686,312067.49865277996,375226.4504963469,168739.23645127687,16.94783374724369
1990-11-30,16.529096034680798,16.917233648266922,False,4,True,False,False,5.0,31.38722153227105,37.739642152227255,17.964864644839167,313872.2153227105,377396.4215222726,179648.64644839166,16.917233648266922
1990-12-31,16.989379673468004,16.939979820679344,True,5,True,True,True,6.0,31.192065135013443,37.504988295126616,18.465129949832047,311920.65135013446,375049.88295126613,184651.29949832047,16.939979820679344
1991-01-31,17.729254359623827,16.90645904051377,True,5,True,True,True,6.0,32.048555913853136,38.53482317448536,19.26927244879533,320485.55913853133,385348.2317448536,192692.7244879533,16.90645904051377
1991-02-28,18.9973448175608,17.072001827003813,True,5,True,True,True,6.0,34.340838889812396,41.291038443027006,20.64751318177017,343408.388898124,412910.38443027006,206475.13181770168,17.072001827003813
1991-03-31,19.457167282799407,17.184944731043487,True,5,True,True,True,6.0,35.1720439528525,42.29047006210168,21.14727725424792,351720.439528525,422904.70062101685,211472.77254247922,17.184944731043487
1991-04-30,19.503380539192566,17.35789785014647,True,5,True,True,True,6.0,35.25558204765533,42.39091532772342,21.197504737599612,352555.8204765533,423909.1532772342,211975.04737599613,17.35789785014647
1991-05-31,20.34492354322334,17.575130201990813,True,5,True,True,True,6.0,36.77681004018803,44.2200227563981,22.112146780243908,367768.10040188034,442200.227563981,221121.4678024391,17.575130201990813
1991-06-30,19.41280295155064,17.918838990547197,True,5,True,True,True,6.0,35.09184809566831,42.19404346540176,21.099059299420226,350918.4809566831,421940.4346540176,210990.59299420225,17.918838990547197
1991-07-31,20.317657891189377,18.375779501892545,True,5,True,True,True,6.0,36.727522870180024,44.1607604175228,22.08251274900495,367275.2287018002,441607.60417522804,220825.12749004952,18.375779501892545
1991-08-31,20.79873805948017,18.885148915947696,True,4,True,True,True,5.0,37.59715474300293,45.206396000486514,22.605381034634544,375971.5474300293,452063.96000486513,226053.81034634545,18.885148915947696
1991-09-30,20.450752295252343,19.27140160605662,True,4,True,True,True,5.0,36.968112991112974,44.45004327296875,22.227168146309175,369681.12991112977,444500.4327296875,222271.68146309175,19.27140160605662
1991-10-31,20.725721734918306,19.70704934682597,True,4,True,True,True,5.0,37.465165674941815,45.04769382955649,22.52602228538016,374651.6567494182,450476.93829556496,225260.22285380162,19.70704934682597
1991-11-30,19.89064785341791,19.96199171870776,False,4,True,False,False,5.0,35.78696367040084,43.02984261436026,21.618411293338095,357869.6367040084,430298.42614360264,216184.11293338097,19.96199171870776
1991-12-31,22.165264389501903,20.114130390233964,True,4,True,True,True,5.0,39.22484640337363,47.16351414595209,24.090608085220982,392248.4640337363,471635.1414595209,240906.08085220982,20.114130390233964
1992-01-31,21.752580348386985,20.40001484877999,True,1,True,True,True,2.0,38.49453848367549,46.285400117222046,23.64207702676749,384945.38483675494,462854.00117222045,236420.77026767487,20.40001484877999
1992-02-29,22.034018910583328,20.621179939153237,True,1,True,True,True,2.0,38.99258733074297,46.884248449283916,23.947962216440715,389925.8733074297,468842.48449283914,239479.62216440713,20.621179939153237
1992-03-31,21.605621121216075,20.83479840391129,True,1,True,True,True,2.0,38.2344715152856,45.972698519453786,23.482352464765047,382344.71515285596,459726.98519453785,234823.52464765045,20.83479840391129
1992-04-30,22.240129639208156,21.05983152043339,True,2,True,True,True,3.0,39.35733198392319,47.32281331791388,24.17197636299932,393573.3198392319,473228.13317913876,241719.7636299932,21.05983152043339
1992-05-31,22.348731073795413,21.266661263750617,True,2,True,True,True,3.0,39.549518935362784,47.553896746760906,24.29001125544001,395495.18935362785,475538.96746760904,242900.1125544001,21.266661263750617
1992-06-30,22.016457647503263,21.43647649174404,True,1,True,True,True,2.0,38.961509973177556,46.84688138408037,23.9288755275157,389615.0997317756,468468.8138408037,239288.755275157,21.43647649174404
1992-07-31,22.915767222025487,21.665190541806552,True,2,True,True,True,3.0,40.55297666222031,48.760443031450485,24.90630192434961,405529.7666222031,487604.43031450483,249063.0192434961,21.665190541806552
1992-08-31,22.446702951698246,21.869857486954597,True,1,True,True,True,2.0,39.722895250441134,47.762362478014026,24.39649327489422,397228.95250441134,477623.62478014024,243964.9327489422,21.869857486954597
1992-09-30,22.710580250814523,22.142404806475074,True,1,True,True,True,2.0,40.189866739943206,48.3238437448723,24.683291775642417,401898.66739943204,483238.437448723,246832.91775642417,22.142404806475074
1992-10-31,22.78914335080956,22.221863894748893,True,1,True,True,True,2.0,40.1796955095432,48.311613971837104,24.76867911046876,401796.955095432,483116.13971837104,247686.7911046876,22.221863894748893
1992-11-30,23.565064320539378,22.326823454515697,True,2,True,True,True,3.0,41.54772711228028,49.9565197844511,25.611998985133503,415477.27112280275,499565.197844511,256119.98985133503,22.326823454515697
1992-12-31,23.85435834654523,22.543699976414533,True,0,False,True,True,0.0,42.05778340086966,50.56980572914884,25.926421988596687,420577.8340086966,505698.0572914884,259264.21988596686,22.543699976414533
1993-01-31,24.053537368774414,22.758279656597004,True,0,False,True,True,0.0,42.408957305999046,50.99205328295529,26.142902319216773,424089.5730599905,509920.5328295529,261429.02319216775,22.758279656597004
1993-02-28,24.310148239135742,22.955066928477333,True,1,False,True,True,1.0,42.861389697898986,51.53605290238081,26.4218032066436,428613.8969789899,515360.5290238081,264218.03206643596,22.955066928477333
1993-03-31,24.854658126831055,23.24689149284704,True,1,False,True,True,1.0,43.821418828996435,52.69038113197832,27.0136109140765,438214.18828996434,526903.8113197832,270136.10914076504,23.24689149284704
1993-04-30,24.21869659423828,23.490184521242668,True,2,True,True,True,2.0,42.70015067327822,51.34218091266343,26.3224077878812,427001.50673278223,513421.8091266343,263224.077878812,23.490184521242668
1993-05-31,24.87186622619629,23.687196403704434,True,1,False,True,True,1.0,43.85175854743823,52.72686126819604,27.03231376238972,438517.58547438233,527268.6126819603,270323.1376238972,23.687196403704434
1993-06-30,24.961591720581055,23.929870043002165,True,1,False,True,True,1.0,44.009954184208176,52.91707392259119,27.129833091845576,440099.54184208176,529170.7392259119,271298.3309184558,23.929870043002165
1993-07-31,24.840412139892578,24.17509943236178,True,1,False,True,True,1.0,43.796301631363825,52.66018049604286,26.9981274764738,437963.01631363825,526601.8049604286,269981.274764738,24.17509943236178
1993-08-31,25.792490005493164,24.448533362256285,True,1,False,True,True,1.0,45.47491666977636,54.67852833852077,28.03290578201302,454749.1666977636,546785.2833852078,280329.0578201302,24.448533362256285
1993-09-30,25.604827880859375,24.670583635152283,True,1,False,True,True,1.0,45.14404828607332,54.28069591529718,27.828942742477444,451440.48286073323,542806.9591529717,278289.42742477445,24.670583635152283
1993-10-31,26.109947204589844,24.883797554694173,True,1,False,True,True,1.0,46.03462764270174,55.351518517188204,28.377938299238142,460346.2764270174,553515.185171882,283779.3829923814,24.883797554694173
1993-11-30,25.83125877380371,25.058044509887694,True,1,False,True,True,1.0,45.543270152047256,54.76071579681835,28.07504212592952,455432.7015204726,547607.1579681835,280750.4212592952,25.058044509887694
1993-12-31,26.148395538330078,25.239316577911378,True,1,False,True,True,1.0,46.102416164576,55.43302667345914,28.41972637464248,461024.16164576,554330.2667345913,284197.2637464248,25.239316577911378
1994-01-31,27.060319900512695,25.43906789779663,True,1,False,True,True,1.0,47.71023628471799,57.36625150245276,29.410863318766253,477102.36284717993,573662.5150245277,294108.6331876625,25.43906789779663
1994-02-28,26.271154403686523,25.650352973937988,True,1,False,True,True,1.0,46.31885316508937,55.693268088567436,28.5531484562527,463188.53165089374,556932.6808856743,285531.484562527,25.650352973937988
1994-03-31,25.170347213745117,25.80772720336914,False,1,False,True,False,1.0,44.378012431161984,53.972138354522045,27.356721735404196,443780.12431161985,539721.3835452205,273567.217354042,25.80772720336914
1994-04-30,25.452571868896484,25.85064419746399,False,1,False,True,False,1.0,44.87560466333621,54.11231074785449,27.66346130050762,448756.04663336213,541123.1074785448,276634.6130050762,25.85064419746399
1994-05-31,25.858251571655273,25.916080808639528,False,1,False,True,False,1.0,45.59086133974266,54.27647380097188,28.10437960202445,455908.6133974266,542764.7380097188,281043.79602024454,25.916080808639528
1994-06-30,25.265735626220703,25.946096324920653,False,1,False,True,False,1.0,44.54619239779821,53.79774321833287,27.460395881601542,445461.9239779821,537977.4321833287,274603.9588160154,25.946096324920653
1994-07-31,26.082481384277344,25.949440927505492,True,1,False,True,True,1.0,45.98620246584938,53.97122528490308,28.348086712482328,459862.0246584938,539712.2528490308,283480.8671248233,25.949440927505492
1994-08-31,27.0767765045166,26.007928218841553,True,1,False,True,True,1.0,47.739251036515334,56.02867239445845,29.428749394497373,477392.5103651533,560286.7239445845,294287.49394497374,26.007928218841553
1994-09-30,26.3929500579834,26.08248293876648,True,0,False,True,True,0.0,46.533591921553445,54.61366319123647,28.6855236592996,465335.91921553446,546136.6319123647,286855.236592996,26.08248293876648
1994-10-31,27.143220901489258,26.107119483947756,True,0,False,True,True,0.0,47.85639961018396,55.518191451333706,29.50096535812402,478563.99610183964,555181.9145133371,295009.6535812402,26.107119483947756
1994-11-30,26.0624942779541,26.08777060508728,False,0,False,True,False,0.0,45.95096306111085,52.553716640529395,28.326363464036955,459509.6306111085,525537.166405294,283263.63464036956,26.08777060508728
1994-12-31,26.252283096313477,26.07475784301758,True,0,False,True,True,0.0,46.28558103316044,52.472856004915805,28.53263792851925,462855.8103316044,524728.560049158,285326.3792851925,26.07475784301758
1995-01-31,27.134571075439453,26.199706020355226,True,0,False,True,True,0.0,47.84114904233498,54.23636624567071,29.491564181322826,478411.49042334984,542363.6624567071,294915.64181322826,26.199706020355226
1995-02-28,28.241901397705078,26.444542284011842,True,0,False,True,True,0.0,49.79349075576478,56.44968934358749,30.695080654025812,497934.9075576478,564496.8934358748,306950.8065402581,26.444542284011842
1995-03-31,29.028390884399414,26.75242486000061,True,0,False,True,True,0.0,51.18015578350979,58.021718314678665,31.549887059857536,511801.5578350979,580217.1831467866,315498.87059857533,26.75242486000061
1995-04-30,29.88826560974121,27.12934453010559,True,1,False,True,True,1.0,52.69620683065714,59.740429120881394,32.484453174052305,526962.0683065713,597404.2912088139,324844.53174052306,27.12934453010559
1995-05-31,31.07403564453125,27.62100911140442,True,2,True,True,True,3.0,54.78684614117392,62.11053689635405,33.77322287629215,547868.4614117392,621105.3689635405,337732.2287629215,27.62100911140442
1995-06-30,31.702651977539062,28.131972980499267,True,1,False,True,True,1.0,55.89516392494366,63.36701025538505,34.45644277605715,558951.6392494366,633670.1025538505,344564.42776057153,28.131972980499267
1995-07-31,32.7224006652832,28.74532467842102,True,0,False,True,True,0.0,57.69308985568562,65.40527587429857,35.56477000149273,576930.8985568562,654052.7587429857,355647.7000149273,28.74532467842102
1995-08-31,32.86806106567383,29.429934730529784,True,1,True,True,True,2.0,57.94990471025916,65.69642073157725,35.72308291658745,579499.0471025916,656964.2073157725,357230.8291658745,29.429934730529784
1995-09-30,34.26087188720703,30.21478103637695,True,0,False,True,True,0.0,60.4055790570359,68.48035999553643,37.23687761124055,604055.790570359,684803.5999553644,372368.7761124055,30.21478103637695
1995-10-31,34.16020584106445,31.0563569355011,True,1,False,True,True,1.0,60.22809405815311,68.27914949797916,37.12746739972697,602280.9405815311,682791.4949797916,371274.67399726965,31.0563569355011
1995-11-30,35.67965316772461,31.85956732749939,True,0,False,True,True,0.0,62.90704209881413,71.31620880769265,38.77889863959269,629070.4209881413,713162.0880769264,387788.9863959269,31.85956732749939
1995-12-31,36.240997314453125,32.66570529937744,True,1,True,True,True,2.0,63.896751827890654,72.43821905237967,39.38900288207466,638967.5182789066,724382.1905237966,393890.0288207466,32.66570529937744
1996-01-31,37.5303955078125,33.445048112869266,True,1,False,True,True,1.0,66.17009865809938,75.01545797232136,40.79040220653861,661700.9865809937,750154.5797232136,407904.02206538606,33.445048112869266
1996-02-29,37.650123596191406,34.27235089302063,True,1,True,True,True,2.0,66.3811920748615,75.25476952927058,40.920530248471415,663811.920748615,752547.6952927058,409205.30248471414,34.27235089302063
1996-03-31,38.298397064208984,35.05754862785339,True,0,False,True,True,0.0,67.52416748867566,76.55053341442655,41.625114763035334,675241.6748867566,765505.3341442655,416251.14763035334,35.05754862785339
1996-04-30,38.71466827392578,35.71161148071289,True,0,False,True,True,0.0,68.25809812390578,77.38257301899446,42.07754458269485,682580.9812390578,773825.7301899446,420775.4458269485,35.71161148071289
1996-05-31,39.59348678588867,36.443572425842284,True,0,False,True,True,0.0,69.80754909164324,79.13914851619984,43.03269999964364,698075.4909164323,791391.4851619984,430326.9999964364,36.443572425842284
1996-06-30,39.94280242919922,37.11030494689941,True,1,True,True,True,2.0,70.42342990685779,79.83735786372407,43.4123582844786,704234.2990685779,798373.5786372407,434123.582844786,37.11030494689941
1996-07-31,38.1479377746582,37.57276248931885,True,0,False,True,True,0.0,67.25889167959096,74.57311762806935,41.46158611236578,672588.9167959096,745731.1762806935,414615.8611236578,37.57276248931885
1996-08-31,38.882591247558594,38.126595973968506,True,0,False,True,True,0.0,68.55416427460572,76.00924767981921,42.26005386727658,685541.6427460572,760092.4767981921,422600.53867276583,38.126595973968506
1996-09-30,41.05506134033203,38.57630208969116,True,0,False,True,True,0.0,72.38446124924496,80.25607928389815,44.62123145858274,723844.6124924497,802560.7928389815,446212.3145858274,38.57630208969116
1996-10-31,42.38243103027344,39.26715002059937,True,0,False,True,True,0.0,74.72475588645204,82.85087475118262,46.06390060173654,747247.5588645204,828508.7475118261,460639.00601736543,39.26715002059937
1996-11-30,45.47655487060547,39.9262252998352,True,0,False,True,True,0.0,80.18002692756133,88.89939203837854,49.42678964716933,801800.2692756132,888993.9203837854,494267.8964716933,39.9262252998352
1996-12-31,44.394325256347656,40.603371124267575,True,0,False,True,True,0.0,78.27194044519936,86.78380621559151,48.25055420791813,782719.4044519936,867838.0621559151,482505.5420791813,40.603371124267575
1997-01-31,47.13724899291992,41.46051654815674,True,0,False,True,True,0.0,83.10800816590454,92.14578346480758,51.23173681798026,831080.0816590454,921457.8346480757,512317.3681798026,41.46051654815674
1997-02-28,47.588138580322266,42.36156003952026,True,1,True,True,True,2.0,83.90297470112561,93.02720050069681,51.721792075113186,839029.7470112562,930272.005006968,517217.92075113184,42.36156003952026
1997-03-31,45.488407135009766,43.14356689453125,True,0,False,True,True,0.0,80.20092373651701,88.92256131984277,49.43967143606518,802009.2373651701,889225.6131984277,494396.71436065185,43.14356689453125
1997-04-30,48.33615493774414,43.895214614868166,True,0,False,True,True,0.0,85.22180748982292,94.48945285465759,52.53478345619142,852218.0748982292,944894.5285465758,525347.8345619142,43.895214614868166
1997-05-31,51.39136505126953,45.13710334777832,True,0,False,True,True,0.0,90.60846947133903,100.46190002913492,55.855378607666495,906084.6947133903,1004619.0002913492,558553.7860766649,45.13710334777832
1997-06-30,53.503662109375,46.55140697479248,True,0,False,True,True,0.0,94.33267495435764,104.59110297347245,58.15115634765525,943326.7495435764,1045911.0297347244,581511.5634765525,46.55140697479248
1997-07-31,57.74457931518555,48.17176763534546,True,0,False,True,True,0.0,101.80986527202691,112.88141789188214,62.76045279148388,1018098.6527202692,1128814.1789188213,627604.5279148387,48.17176763534546
1997-08-31,54.75322723388672,49.59434917449951,True,0,False,True,True,0.0,96.53579182669246,107.03380295805847,59.50926257921593,965357.9182669246,1070338.0295805847,595092.6257921592,49.59434917449951
1997-09-30,57.38633346557617,50.87333639144897,True,1,False,True,True,1.0,101.1782395486164,112.18110454754107,62.37108859489964,1011782.395486164,1121811.0454754108,623710.8859489964,50.87333639144897
1997-10-31,55.98016357421875,52.333163585662845,True,0,False,True,True,0.0,98.69901173387618,109.43226728842961,60.84277442013286,986990.1173387618,1094322.6728842962,608427.7442013286,52.333163585662845
1997-11-30,58.146419525146484,53.28966728210449,True,0,False,True,True,0.0,102.51835251225259,113.66695123898256,63.197198089935526,1025183.5251225259,1136669.5123898257,631971.9808993553,53.28966728210449
1997-12-31,59.25534439086914,54.435857162475585,True,0,False,True,True,0.0,104.47350557622744,115.83472200920649,64.40244761309181,1044735.0557622744,1158347.220092065,644024.4761309181,54.435857162475585
1998-01-31,60.018455505371094,55.69732818603516,True,0,False,True,True,0.0,105.81895203503645,117.32648219926442,65.23184492872454,1058189.5203503645,1173264.821992644,652318.4492872454,55.69732818603516
1998-02-28,64.1773910522461,57.065353870391846,True,0,False,True,True,0.0,113.15159992552054,125.45653608518374,69.75203853214096,1131515.9992552055,1254565.3608518373,697520.3853214096,57.065353870391846
1998-03-31,67.30819702148438,58.653313617706296,True,0,False,True,True,0.0,118.67154548060371,131.57676106808609,73.15479603010753,1186715.454806037,1315767.610680861,731547.9603010754,58.653313617706296
1998-04-30,68.16919708251953,60.07031354904175,True,0,False,True,True,0.0,120.18958061485819,133.2598784939513,74.09058523014853,1201895.806148582,1332598.784939513,740905.8523014854,60.07031354904175
1998-05-31,66.75337219238281,61.16945537567139,True,0,False,True,True,0.0,117.69333000531056,130.4921672562798,72.55177739342635,1176933.3000531055,1304921.672562798,725517.7739342635,61.16945537567139
1998-06-30,69.59527587890625,62.513126106262206,True,0,False,True,True,0.0,122.70390995709734,136.04763447850905,75.64053765925951,1227039.0995709733,1360476.3447850905,756405.3765925951,62.513126106262206
1998-07-31,68.65481567382812,63.93483070373535,True,0,False,True,True,0.0,121.04577809592155,134.20918517852104,74.61838616031262,1210457.7809592155,1342091.8517852104,746183.8616031263,63.93483070373535
1998-08-31,58.9621467590332,64.90679912567138,False,0,False,True,False,0.0,103.95656681332893,124.61441841834399,64.08378192447407,1039565.6681332893,1246144.18418344,640837.8192447406,64.90679912567138
1998-09-30,62.71443557739258,65.37917613983154,False,0,False,True,False,0.0,110.57225305763825,122.02074692380656,68.16200620175657,1105722.5305763825,1220207.4692380656,681620.0620175657,65.37917613983154
1998-10-31,67.79944610595703,65.9803989982605,True,1,True,True,True,2.0,110.10977053385184,122.80106093127455,73.68871653555654,1101097.7053385184,1228010.6093127455,736887.1653555654,65.9803989982605
1998-11-30,71.57461547851562,66.99635301589966,True,1,True,True,True,2.0,116.24083881262835,129.63879826943722,77.79180884302808,1162408.3881262837,1296387.982694372,777918.0884302808,66.99635301589966
1998-12-31,76.25719451904297,68.01067459106446,True,0,False,True,True,0.0,123.84558683451218,138.12007218976782,82.88113124005045,1238455.8683451219,1381200.7218976782,828811.3124005045,68.01067459106446
1999-01-31,78.9433822631836,68.91667331695557,True,0,False,True,True,0.0,128.2080932133391,142.98540256909777,85.80064959319337,1282080.932133391,1429854.0256909777,858006.4959319338,68.91667331695557
1999-02-28,76.41179656982422,69.77535873413086,True,0,False,True,True,0.0,124.09666847770114,138.40009359036185,83.04916250505569,1240966.6847770114,1384000.9359036186,830491.625050557,69.77535873413086
1999-03-31,79.58041381835938,71.13388549804688,True,0,False,True,True,0.0,129.24266506299116,144.13921952949045,86.49301568745605,1292426.6506299116,1441392.1952949045,864930.1568745605,71.13388549804688
1999-04-30,82.60240936279297,72.49524124145508,True,0,False,True,True,0.0,134.15054049654395,149.61277839022316,89.77751114922528,1341505.4049654396,1496127.7839022316,897775.1114922528,72.49524124145508
1999-05-31,80.7136459350586,73.85768970489502,True,0,False,True,True,0.0,131.0830920207032,146.19177473760487,87.72468386489126,1310830.920207032,1461917.7473760487,877246.8386489126,73.85768970489502
1999-06-30,85.18346405029297,75.85948175430298,True,0,False,True,True,0.0,138.34230541054922,154.2876875841905,92.58276426195305,1383423.054105492,1542876.8758419051,925827.6426195304,75.85948175430298
1999-07-31,82.5409164428711,78.30563459396362,True,0,False,True,True,0.0,134.05067284730865,149.5013999610488,89.71067676332208,1340506.7284730864,1495013.999610488,897106.7676332209,78.30563459396362
1999-08-31,82.11344146728516,80.00313037872314,True,0,False,True,True,0.0,133.35643160826987,148.7271402356597,89.24606998389834,1333564.3160826988,1487271.4023565971,892460.6998389834,80.00313037872314
1999-09-30,80.2792739868164,81.07516120910644,False,1,False,True,False,1.0,130.3776497450752,144.54909114255076,87.25258102034879,1303776.497450752,1445490.9114255076,872525.8102034879,81.07516120910644
1999-10-31,85.42337799072266,81.6395909500122,True,1,False,True,True,1.0,138.73193792889296,144.62436278174158,92.84351787226448,1387319.3792889295,1446243.6278174159,928435.1787226448,81.6395909500122
1999-11-30,86.84579467773438,82.6618578338623,True,0,False,True,True,0.0,141.042015429609,147.03255725739828,94.38949008980808,1410420.15429609,1470325.5725739829,943894.9008980808,82.6618578338623
1999-12-31,91.8055191040039,83.86881046295166,True,0,False,True,True,0.0,149.09686174257465,155.4295207303269,99.78003158141091,1490968.6174257465,1554295.207303269,997800.315814109,83.86881046295166
2000-01-31,87.23483276367188,84.65110397338867,True,0,False,True,True,0.0,141.67383319261208,147.6912105043193,94.81232123198856,1416738.3319261207,1476912.1050431929,948123.2123198856,84.65110397338867
2000-02-29,85.90652465820312,84.9893278503418,True,0,False,True,True,0.0,139.51659284491305,141.77940252388223,93.36863215962067,1395165.9284491304,1417794.0252388222,933686.3215962067,84.9893278503418
2000-03-31,94.23214721679688,86.00415424346924,True,0,False,True,True,0.0,153.03782999551672,155.51993965646034,102.41744414760453,1530378.299955167,1555199.3965646033,1024174.4414760453,86.00415424346924
2000-04-30,90.92265319824219,86.62878974914551,True,0,False,True,True,0.0,147.66304232547125,145.02564648932372,98.82047720146943,1476630.4232547125,1450256.4648932372,988204.7720146943,86.62878974914551
2000-05-31,89.49311828613281,87.25101696014404,True,0,False,True,True,0.0,145.34140446287722,132.9468099806509,97.26676844769167,1453414.0446287722,1329468.099806509,972667.6844769168,87.25101696014404
2000-06-30,91.25450134277344,88.16352645874024,True,0,False,True,True,0.0,148.20198069658,135.56343864460734,99.18115070633844,1482019.8069658,1355634.3864460734,991811.5070633844,88.16352645874024
2000-07-31,89.82158660888672,89.3020118713379,True,0,False,True,True,0.0,145.8748538304362,132.61826718544717,97.62376854896824,1458748.538304362,1326182.6718544716,976237.6854896825,89.3020118713379
2000-08-31,95.69064331054688,90.47237995147705,True,1,False,True,True,1.0,155.40650229936347,141.28371342362684,104.0026297411948,1554065.0229936347,1412837.1342362685,1040026.297411948,90.47237995147705
2000-09-30,90.4407958984375,90.88351905822753,False,1,True,False,False,2.0,143.6467398516365,130.59263626139804,98.29676428026941,1436467.398516365,1305926.3626139804,982967.6428026941,90.88351905822753
2000-10-31,90.01773071289062,90.60707160949707,False,0,False,True,False,0.0,145.74085197528495,131.2590914620767,97.83695033894155,1457408.5197528496,1312590.9146207669,978369.5033894154,90.60707160949707
2000-11-30,83.29766082763672,90.43328857421875,False,0,False,True,False,0.0,134.86089862993697,131.90723091224012,90.53315431530275,1348608.9862993697,1319072.3091224013,905331.5431530275,90.43328857421875
2000-12-31,82.86233520507812,90.20217010498047,False,0,False,True,False,0.0,134.15609606919787,132.53491115413354,90.06001495733143,1341560.9606919787,1325349.1115413355,900600.1495733144,90.20217010498047
2001-01-31,86.5462875366211,89.25841724395752,False,1,False,True,False,1.0,138.1075046490493,133.15592625881507,94.06396682834415,1381075.046490493,1331559.2625881508,940639.6682834415,89.25841724395752
2001-02-28,78.29081726074219,88.58208629608154,False,2,True,False,False,3.0,136.3341246139164,133.6703994298717,85.09140076819895,1363341.246139164,1336703.994298717,850914.0076819895,88.58208629608154
2001-03-31,73.90365600585938,86.92430088043213,False,2,True,False,False,3.0,136.90659537715223,134.23168513732284,80.32315706305711,1369065.9537715223,1342316.8513732285,803231.5706305711,86.92430088043213
2001-04-30,80.21797180175781,85.25587860107422,False,2,True,False,False,3.0,137.37974780295332,134.6955930101841,87.18595393713166,1373797.4780295333,1346955.930101841,871859.5393713166,85.25587860107422
2001-05-31,79.7683334350586,83.96536506652832,False,4,True,False,False,5.0,137.8503383895073,135.15698909755952,86.69725858561758,1378503.383895073,1351569.8909755952,866972.5858561757,83.96536506652832
2001-06-30,77.86746978759766,82.31500171661376,False,4,True,False,False,5.0,138.2620870106475,135.56069288638264,84.63128001889612,1382620.870106475,1355606.9288638264,846312.8001889612,82.31500171661376
2001-07-31,77.07357788085938,80.92011867523193,False,3,True,False,False,4.0,138.6585977370738,135.94945650172633,83.76842819582835,1386585.9773707378,1359494.5650172634,837684.2819582835,80.92011867523193
2001-08-31,72.50057220458984,79.46260097503662,False,3,True,False,False,4.0,139.0954438537366,136.37776742585538,78.7981970457466,1390954.4385373662,1363777.674258554,787981.9704574661,79.46260097503662
2001-09-30,66.58235168457031,78.09148393630981,False,3,True,False,False,4.0,139.36933255374117,136.64630483006445,72.36590151322727,1393693.3255374117,1366463.0483006446,723659.0151322727,78.09148393630981
2001-10-31,67.4493637084961,76.40088903427124,False,3,True,False,False,4.0,139.7050597767308,136.9754725430166,73.30822489392482,1397050.597767308,1369754.7254301659,733082.2489392482,76.40088903427124
2001-11-30,72.70886993408203,75.04765283584595,False,3,True,False,False,4.0,139.96188333310218,137.2272782260059,79.02458816285935,1399618.8333310217,1372272.782260059,790245.8816285934,75.04765283584595
2001-12-31,73.11888885498047,74.36590524673461,False,3,True,False,False,4.0,140.16941880009276,137.43075882080967,79.47022260047824,1401694.1880009277,1374307.5882080968,794702.2260047824,74.36590524673461
2002-01-31,72.40245056152344,74.39668199539184,False,3,True,False,False,4.0,138.80463751851485,136.0926429267915,78.69155225206171,1388046.3751851486,1360926.4292679152,786915.5225206171,74.39668199539184
2002-02-28,71.1037826538086,73.67324213027955,False,3,True,False,False,4.0,138.97623065205735,136.2608834371187,77.28007801706768,1389762.3065205736,1362608.834371187,772800.7801706768,73.67324213027955
2002-03-31,73.469482421875,72.99657228469849,True,3,True,True,True,4.0,137.1245085215798,134.44534064828997,79.85126981330805,1371245.0852157979,1344453.4064828998,798512.6981330805,72.99657228469849
2002-04-30,69.19683837890625,72.27518556594849,False,3,True,False,False,4.0,131.98143412888552,129.40275273924047,75.20749064072284,1319814.3412888553,1294027.5273924046,752074.9064072284,72.27518556594849
2002-05-31,68.7862319946289,71.49714277267456,False,3,True,False,False,4.0,132.17915954436705,129.59661495341246,74.76121771083166,1321791.5954436706,1295966.1495341246,747612.1771083166,71.49714277267456
2002-06-30,63.709293365478516,70.63460245132447,False,3,True,False,False,4.0,132.3592141890139,129.7731516520365,69.2432804266949,1323592.141890139,1297731.516520365,692432.804266949,70.63460245132447
2002-07-31,58.687740325927734,69.69735134124755,False,2,True,False,False,3.0,132.55414443354076,129.9642733078996,63.785539696461896,1325541.4443354076,1299642.733078996,637855.3969646189,69.69735134124755
2002-08-31,59.08687973022461,68.49531244277954,False,2,True,False,False,3.0,132.74728966111707,130.15364482285383,64.21934958888252,1327472.8966111706,1301536.4482285383,642193.4958888253,68.49531244277954
2002-09-30,52.891502380371094,66.78277198791504,False,2,True,False,False,3.0,132.9167050453585,130.31975013320985,57.485822523621536,1329167.0504535849,1303197.5013320986,574858.2252362154,66.78277198791504
2002-10-31,57.243614196777344,64.7075698852539,False,1,False,True,False,1.0,145.65328595024494,130.51200160750045,62.215972287220154,1456532.8595024494,1305120.0160750046,622159.7228722016,64.7075698852539
2002-11-30,60.774417877197266,63.47642604827881,False,2,True,False,False,2.0,148.74564036617542,130.67473631007323,66.05347253969353,1487456.4036617542,1306747.3631007322,660534.7253969352,63.47642604827881
2002-12-31,57.3364372253418,61.981438331604004,False,3,True,False,False,4.0,148.8972518245383,130.80792870007792,62.316858212293496,1488972.518245383,1308079.2870007793,623168.582122935,61.981438331604004
2003-01-31,55.92626953125,60.46593709945679,False,2,True,False,False,3.0,149.04457649319593,130.93735509658546,60.78419897323228,1490445.7649319593,1309373.5509658547,607841.9897323227,60.46593709945679
2003-02-28,55.172447204589844,59.04704288482666,False,1,False,True,False,1.0,151.72384812690376,131.0522404380487,59.96489729839819,1517238.4812690376,1310522.404380487,599648.972983982,59.04704288482666
2003-03-31,55.290504455566406,57.68243276596069,False,3,True,False,False,3.0,150.86654726165892,126.81405740787264,60.093209368803365,1508665.4726165892,1268140.5740787263,600932.0936880336,57.68243276596069
2003-04-30,59.9687385559082,57.1853223991394,True,1,False,True,True,1.0,153.59566440404836,129.10807436689757,65.17780941064309,1535956.6440404837,1291080.7436689758,651778.0941064309,57.1853223991394
2003-05-31,63.25717544555664,57.70952756881714,True,3,True,True,True,4.0,162.01821357015174,136.18782566271256,68.7518901402655,1620182.1357015173,1361878.2566271257,687518.901402655,57.70952756881714
2003-06-30,63.930992126464844,58.269432373046875,True,3,True,True,True,4.0,163.7440347777153,137.6385010686533,69.48423663051231,1637440.3477771531,1376385.010686533,694842.3663051231,58.269432373046875
2003-07-31,65.08348846435547,59.491693782806394,True,3,True,True,True,4.0,166.69588010586926,140.11973690057326,70.73684237921366,1666958.8010586926,1401197.3690057325,707368.4237921366,59.491693782806394
2003-08-31,66.42584991455078,60.24586378097534,True,3,True,True,True,4.0,170.13401977293773,143.00973769286097,72.19580551347157,1701340.1977293773,1430097.3769286096,721958.0551347157,60.24586378097534
2003-09-30,65.70140838623047,61.05762327194214,True,3,True,True,True,4.0,168.27853505633817,141.45007089037108,71.40843674435875,1682785.3505633818,1414500.7089037108,714084.3674435875,61.05762327194214
2003-10-31,69.21820831298828,62.159362392425535,True,3,True,True,True,4.0,177.28598184168095,149.02147021293712,75.23071683364039,1772859.8184168094,1490214.7021293712,752307.1683364039,62.159362392425535
2003-11-30,69.97420501708984,63.45799291610718,True,1,False,True,True,1.0,179.22228763783332,150.64907287800372,76.05238175909265,1792222.8763783332,1506490.7287800373,760523.8175909265,63.45799291610718
2003-12-31,73.49478912353516,65.32329090118408,True,1,False,True,True,1.0,188.23942669964077,158.22861924791943,79.87877473366065,1882394.2669964076,1582286.1924791941,798787.7473366065,65.32329090118408
2004-01-31,74.9477767944336,67.11004833221436,True,1,False,True,True,1.0,191.96090912626326,161.35678977119383,81.45797342568484,1919609.0912626325,1613567.8977119382,814579.7342568485,67.11004833221436
2004-02-29,75.96483612060547,68.60167547225952,True,1,False,True,True,1.0,194.56586475320321,163.54644015039145,82.5633776832506,1945658.647532032,1635464.4015039145,825633.776832506,68.60167547225952
2004-03-31,74.9586181640625,69.92098896026611,True,0,False,True,True,0.0,191.9886767166996,161.38013040483057,81.46975651034592,1919886.767166996,1613801.3040483056,814697.5651034592,69.92098896026611
2004-04-30,73.54035186767578,70.98684139251709,True,0,False,True,True,0.0,188.356124834817,158.32671232608854,79.92829519924544,1883561.24834817,1583267.1232608855,799282.9519924544,70.98684139251709
2004-05-31,74.79957580566406,71.86115352630615,True,0,False,True,True,0.0,191.58132753286085,161.03772445916522,81.29689923881524,1915813.2753286085,1610377.2445916522,812968.9923881524,71.86115352630615
2004-06-30,76.1834716796875,72.8188748550415,True,1,False,True,True,1.0,195.12584775048194,164.01714566631443,82.80100460593388,1951258.4775048194,1640171.4566631443,828010.0460593388,72.8188748550415
2004-07-31,73.72895812988281,73.478369140625,True,1,False,True,True,1.0,188.83919492853684,157.3587151121161,80.13328438707579,1888391.9492853684,1573587.151121161,801332.8438707578,73.478369140625
2004-08-31,73.90856170654297,73.8902560043335,True,0,False,True,True,0.0,189.29920678389269,155.80032823944222,80.3284888881361,1892992.0678389268,1558003.2823944222,803284.8888813611,73.8902560043335
2004-09-30,74.65038299560547,74.41510601043701,True,0,False,True,True,0.0,191.19920562506218,155.14453986516455,81.1347470779794,1911992.0562506218,1551445.3986516455,811347.470779794,74.41510601043701
2004-10-31,75.61222839355469,74.59750938415527,True,0,False,True,True,0.0,193.66274390366465,154.0610629257862,82.18014135405865,1936627.4390366464,1540610.629257862,821801.4135405865,74.59750938415527
2004-11-30,78.97830200195312,74.90631591796875,True,1,False,True,True,1.0,202.28414106433488,160.91948899011444,85.83860256891063,2022841.4106433487,1609194.8899011444,858386.0256891063,74.90631591796875
2004-12-31,81.35718536376953,75.45973854064941,True,1,False,True,True,1.0,208.377085143145,165.76649994435252,88.4241231267938,2083770.8514314499,1657664.9994435252,884241.231267938,75.45973854064941
2005-01-31,79.53311920166016,75.93430870056153,True,1,False,True,True,1.0,203.70517339657832,162.04993745503052,86.44161291348439,2037051.7339657831,1620499.374550305,864416.1291348439,75.93430870056153
2005-02-28,81.1956787109375,76.54493774414063,True,1,False,True,True,1.0,207.9634242550761,165.43742768800558,88.24858750456248,2079634.242550761,1654374.276880056,882485.8750456248,76.54493774414063
2005-03-31,79.7103271484375,77.25182041168213,True,1,False,True,True,1.0,204.1590494156239,162.41100133609112,86.63421369281102,2041590.494156239,1624110.0133609113,866342.1369281102,77.25182041168213
2005-04-30,78.21694946289062,77.62695178985595,True,1,False,True,True,1.0,200.3341175704441,152.6203288789716,85.01111658404096,2003341.175704441,1526203.288789716,850111.1658404096,77.62695178985595
2005-05-31,80.73745727539062,78.36625141143799,True,1,False,True,True,1.0,206.7897990041233,157.53845383689116,87.75056353218724,2067897.990041233,1575384.5383689117,877505.6353218724,78.36625141143799
2005-06-30,80.85980987548828,79.18397457122802,True,1,False,True,True,1.0,207.10317609619014,157.77719357545598,87.88354405907673,2071031.7609619014,1577771.93575456,878835.4405907673,79.18397457122802
2005-07-31,83.9535903930664,79.97035026550293,True,1,False,True,True,1.0,215.02715925075813,163.8139132802579,91.2460599596751,2150271.592507581,1638139.132802579,912460.5995967509,79.97035026550293
2005-08-31,83.16658782958984,80.79568672180176,True,1,False,True,True,1.0,213.0114393184107,162.27827949638893,90.39069590961853,2130114.3931841073,1622782.7949638893,903906.9590961853,80.79568672180176
2005-09-30,83.83403778076172,81.19952732086182,True,1,False,True,True,1.0,214.7209536616401,163.58063700019872,91.11612263621313,2147209.536616401,1635806.370001987,911161.2263621313,81.19952732086182
2005-10-31,81.8512954711914,81.27132904052735,True,1,False,True,True,1.0,209.64263069347314,152.61812019477193,88.96115317252978,2096426.3069347313,1526181.2019477193,889611.5317252978,81.27132904052735
2005-11-30,85.44884490966797,81.74835567474365,True,0,False,True,True,0.0,218.85689815241028,159.32603152894612,92.87119692687334,2188568.981524103,1593260.3152894613,928711.9692687334,81.74835567474365
2005-12-31,85.28533935546875,82.2732070159912,True,0,False,True,True,0.0,218.43811755378934,159.0211626789219,92.6934887724948,2184381.1755378935,1590211.6267892192,926934.887724948,82.2732070159912
2006-01-31,87.33341217041016,83.08519329071045,True,0,False,True,True,0.0,223.68376907713298,162.83995407665103,94.91946355211965,2236837.6907713297,1628399.5407665102,949194.6355211965,83.08519329071045
2006-02-28,87.83345031738281,83.94895427703858,True,0,False,True,True,0.0,224.9644978911971,163.77231417647997,95.46293656533054,2249644.978911971,1637723.1417647996,954629.3656533053,83.94895427703858
2006-03-31,89.28297424316406,84.87752796173096,True,0,False,True,True,0.0,228.67710875831366,166.4750645172848,97.03837064058057,2286771.0875831367,1664750.6451728481,970383.7064058057,84.87752796173096
2006-04-30,90.41082000732422,85.61308429718018,True,0,False,True,True,0.0,231.56581750328704,168.578020852977,98.26418459016863,2315658.1750328704,1685780.2085297701,982641.8459016862,85.61308429718018
2006-05-31,87.68754577636719,86.16937953948974,True,1,False,True,True,1.0,224.5907981026653,163.5002637874238,95.30435830279802,2245907.981026653,1635002.637874238,953043.5830279802,86.16937953948974
2006-06-30,87.9162826538086,86.52510231018067,True,0,False,True,True,0.0,225.1766532250231,159.9520644255995,95.55296397572143,2251766.532250231,1599520.644255995,955529.6397572142,86.52510231018067
2006-07-31,88.30997467041016,86.97891067504882,True,1,False,True,True,1.0,226.18500171319607,156.94968730557792,95.98085330343555,2261850.017131961,1569496.8730557791,959808.5330343555,86.97891067504882
2006-08-31,90.23712158203125,87.7876768875122,True,1,False,True,True,1.0,231.12093028902717,160.3747262810696,98.07539818026076,2311209.302890272,1603747.262810696,980753.9818026077,87.7876768875122
2006-09-30,92.67366790771484,88.34103595733643,True,1,False,True,True,1.0,237.36156433864474,164.70509989230473,100.72359048611611,2373615.6433864473,1647050.9989230472,1007235.9048611611,88.34103595733643
2006-10-31,95.59444427490234,89.17373870849609,True,1,False,True,True,1.0,244.84243849903007,169.8960756482201,103.89807455858288,2448424.3849903005,1698960.756482201,1038980.7455858288,89.17373870849609
2006-11-30,97.49536895751953,90.16822978973389,True,1,False,True,True,1.0,249.71120507040683,173.2745109341741,105.96411946216378,2497112.0507040685,1732745.1093417408,1059641.1946216377,90.16822978973389
2006-12-31,98.79898834228516,91.19273071289062,True,1,False,True,True,1.0,253.05011614899158,175.59138007118915,107.38097527488125,2530501.1614899156,1755913.8007118914,1073809.7527488125,91.19273071289062
2007-01-31,100.28495788574219,92.18810073852539,True,1,False,True,True,1.0,256.85607379972123,178.2323326483089,108.99602074733471,2568560.7379972124,1782323.326483089,1089960.2074733472,92.18810073852539
2007-02-28,98.31761932373047,93.20345043182373,True,1,False,True,True,1.0,251.81720386821195,174.7358627049718,106.85779304855687,2518172.0386821195,1747358.627049718,1068577.9304855687,93.20345043182373
2007-03-31,99.45702362060547,94.43168849945069,True,1,False,True,True,1.0,254.73551704633857,176.7608791176317,108.09616954090461,2547355.1704633855,1767608.791176317,1080961.695409046,94.43168849945069
2007-04-30,103.86251831054688,96.0056485748291,True,1,False,True,True,1.0,266.0191441531387,184.59058370755238,112.88433918020601,2660191.441531387,1845905.8370755238,1128843.3918020602,96.0056485748291
2007-05-31,107.3856201171875,98.06078445434571,True,1,False,True,True,1.0,275.04273170533605,190.85204770368287,116.71346855022662,2750427.3170533604,1908520.4770368286,1167134.6855022663,98.06078445434571
2007-06-30,105.81551361083984,99.7860820388794,True,1,False,True,True,1.0,271.02127723030577,188.0615619615294,115.00697771701147,2710212.772303058,1880615.619615294,1150069.7771701147,99.7860820388794
2007-07-31,102.50245666503906,101.29679538726806,True,1,False,True,True,1.0,262.53566964454177,182.17340206102347,111.40613835670558,2625356.6964454176,1821734.0206102347,1114061.383567056,101.29679538726806
2007-08-31,103.81782531738281,102.10600986480713,True,2,True,True,True,3.0,253.90751173562134,176.18632654509113,112.83576401486859,2539075.1173562133,1761863.2654509114,1128357.6401486858,102.10600986480713
2007-09-30,107.8370132446289,102.87705238342285,True,2,True,True,True,3.0,263.7372495738502,183.0071779203829,117.20407108645024,2637372.495738502,1830071.7792038291,1172040.7108645025,102.87705238342285
2007-10-31,109.3000259399414,104.00468502044677,True,3,True,True,True,4.0,267.3153433353868,185.49001583080852,118.79416560764034,2673153.433353868,1854900.158308085,1187941.6560764033,104.00468502044677
2007-11-30,105.06657409667969,104.33935688018799,True,3,True,True,True,4.0,250.6054294407051,173.895012887161,114.19298299093403,2506054.294407051,1738950.12887161,1141929.8299093402,104.33935688018799
2007-12-31,103.8834457397461,104.95543556213379,False,3,True,False,False,4.0,242.90602395048978,168.55239832397064,112.90708443089252,2429060.239504898,1685523.9832397064,1129070.8443089253,104.95543556213379
2008-01-31,97.60253143310547,104.67186576843261,False,4,True,False,False,5.0,243.86103826572634,169.21508239680222,106.08059040315592,2438610.3826572634,1692150.8239680221,1060805.9040315591,104.67186576843261
2008-02-29,95.0802001953125,103.84005001068115,False,4,True,False,False,5.0,244.25981585734888,169.49179401709338,103.33916164133343,2442598.1585734887,1694917.9401709337,1033391.6164133344,103.84005001068115
2008-03-31,94.2300033569336,102.57655277252198,False,4,True,False,False,5.0,244.82985254427857,169.88734225896914,102.41511406541638,2448298.5254427856,1698873.4225896914,1024151.1406541638,102.57655277252198
2008-04-30,98.72119140625,101.57606647491455,False,4,True,False,False,5.0,244.669834992122,169.77630613993313,107.29642065539575,2446698.34992122,1697763.0613993313,1072964.2065539574,101.57606647491455
2008-05-31,100.21350860595703,101.13106735229492,False,4,True,False,False,5.0,235.30976092194467,163.28135427599761,108.91836516123276,2353097.609219447,1632813.5427599761,1089183.6516123277,101.13106735229492
2008-06-30,91.83810424804688,100.41198822021484,False,5,True,False,False,6.0,235.8594254682222,163.66276629716515,99.81544717225408,2358594.254682222,1636627.6629716514,998154.4717225408,100.41198822021484
2008-07-31,91.01288604736328,98.41630531311036,False,4,True,False,False,5.0,236.30204733215774,163.96990144146346,98.91854795606994,2363020.4733215775,1639699.0144146346,989185.4795606994,98.41630531311036
2008-08-31,92.41936492919922,96.8901471710205,False,5,True,False,False,6.0,236.48740423860224,164.09852052887442,100.44719796118774,2364874.0423860224,1640985.205288744,1004471.9796118774,96.8901471710205
2008-09-30,83.71588134765625,95.20343082427979,False,5,True,False,False,6.0,237.68950523146165,164.93265795403514,90.98770276841151,2376895.0523146167,1649326.5795403514,909877.0276841151,95.20343082427979
2008-10-31,69.88713836669922,91.52011522293091,False,5,True,False,False,6.0,237.13676174929694,164.54910946041767,75.95775222907696,2371367.617492969,1645491.0946041767,759577.5222907696,91.52011522293091
2008-11-30,65.02251434326172,88.50004224777221,False,5,True,False,False,6.0,237.01772611507124,164.46651067876357,70.67057185661594,2370177.2611507126,1644665.1067876357,706705.7185661594,88.50004224777221
2008-12-31,65.65953063964844,85.07300800323486,False,5,True,False,False,6.0,237.08980797701483,164.5165282555558,71.36292136666374,2370898.0797701483,1645165.282555558,713629.2136666374,85.07300800323486
2009-01-31,60.26792526245117,81.7681812286377,False,5,True,False,False,6.0,237.55586948189932,164.8399281578603,65.50298440359516,2375558.694818993,1648399.281578603,655029.8440359517,81.7681812286377
2009-02-28,53.792205810546875,77.89227306365967,False,5,True,False,False,6.0,237.54554014859977,164.83276063738302,58.464763850739644,2375455.4014859977,1648327.6063738302,584647.6385073964,77.89227306365967
2009-03-31,58.27365493774414,73.08337274551391,False,5,True,False,False,6.0,237.53004614865054,164.822009356667,63.33548556558181,2375300.4614865053,1648220.0935666698,633354.8556558181,73.08337274551391
2009-04-30,64.06292724609375,69.93355180740356,False,5,True,False,False,6.0,237.6750789270221,164.92264754683015,69.62763204433662,2376750.789270221,1649226.4754683014,696276.3204433662,69.93355180740356
2009-05-31,67.80765533447266,67.4588031578064,True,5,True,True,True,6.0,237.70097675065537,164.94061803687302,73.69763884315392,2377009.767506554,1649406.18036873,736976.3884315393,67.4588031578064
2009-06-30,67.76325225830078,64.91170209884643,True,5,True,True,True,6.0,237.5453209544959,164.8326085386769,73.64937877789875,2375453.209544959,1648326.0853867691,736493.7877789874,64.91170209884643
2009-07-31,72.81873321533203,63.65986053466797,True,5,True,True,True,6.0,255.26740197179572,177.12995386662328,79.14399450988255,2552674.0197179574,1771299.5386662327,791439.9450988255,63.65986053466797
2009-08-31,75.50865936279297,64.4521996498108,True,5,True,True,True,6.0,264.69698731115983,183.67313957400745,82.06757599566721,2646969.873111598,1836731.3957400746,820675.7599566721,64.4521996498108
2009-09-30,78.18595123291016,66.02977680206298,True,5,True,True,True,6.0,274.08228296007036,190.18559268190486,84.97742575154425,2740822.8296007034,1901855.9268190486,849774.2575154424,66.02977680206298
2009-10-31,76.68282318115234,67.63255798339844,True,5,True,True,True,6.0,268.8130400652714,186.5292670263051,83.34373132947587,2688130.400652714,1865292.6702630508,833437.3132947587,67.63255798339844
2009-11-30,81.40699768066406,69.59783643722534,True,5,True,True,True,6.0,285.37372023236145,198.0207167427114,88.47826229621835,2853737.2023236146,1980207.1674271137,884782.6229621834,69.59783643722534
2009-12-31,82.96195220947266,72.71126398086548,True,4,True,True,True,5.0,290.8246417909593,201.80310915453884,90.1682850040733,2908246.417909593,2018031.0915453883,901682.850040733,72.71126398086548
2010-01-31,79.94693756103516,74.94450437545777,True,3,True,True,True,4.0,280.25545276184425,194.46915287702865,86.89137682060456,2802554.5276184427,1944691.5287702866,868913.7682060456,74.94450437545777
2010-02-28,82.44084930419922,76.53637161254883,True,2,True,True,True,3.0,288.99790601960575,200.53553789237617,89.6019174822423,2889979.0601960574,2005355.3789237617,896019.174822423,76.53637161254883
2010-03-31,87.4598159790039,78.66729236602784,True,2,True,True,True,3.0,306.5919855522977,212.7440630384727,95.05684718805585,3065919.8555229767,2127440.630384727,950568.4718805585,78.66729236602784
2010-04-30,88.81280517578125,81.06792320251465,True,2,True,True,True,3.0,311.3349139432097,216.03517925850534,96.52736122796676,3113349.139432097,2160351.7925850535,965273.6122796676,81.06792320251465
2010-05-31,81.7562255859375,82.25955104827881,False,2,True,False,False,3.0,278.20503169353196,193.046366471746,88.85782522181783,2782050.3169353195,1930463.66471746,888578.2522181784,82.25955104827881
2010-06-30,77.52609252929688,82.93268348693847,False,1,False,True,False,1.0,261.5719239740292,183.71952032228336,84.26024967184456,2615719.2397402916,1837195.2032228336,842602.4967184457,82.93268348693847
2010-07-31,82.82115936279297,83.22960865020752,False,1,False,True,False,1.0,279.43740350513343,181.54880182172909,90.01526245352038,2794374.035051334,1815488.0182172908,900152.6245352038,83.22960865020752
2010-08-31,79.09581756591797,83.47697170257568,False,0,False,True,False,0.0,266.868153727696,175.9010803919621,85.96632589968823,2668681.53727696,1759010.803919621,859663.2589968822,83.47697170257568
2010-09-30,86.17922973632812,83.76697982788086,True,0,False,True,True,0.0,290.76748476924246,181.04654601527722,93.66502524767601,2907674.8476924244,1810465.4601527723,936650.2524767602,83.76697982788086
2010-10-31,89.47145080566406,84.25558967590332,True,0,False,True,True,0.0,301.87539142568335,187.96289065128335,97.24321886258473,3018753.9142568335,1879628.9065128334,972432.1886258472,84.25558967590332
2010-11-30,89.47145080566406,85.23163986206055,True,0,False,True,True,0.0,301.8753914256833,187.96289065128337,97.24321886258468,3018753.914256833,1879628.9065128337,972432.1886258469,85.23163986206055
2010-12-31,95.45284271240234,86.32089130401611,True,1,True,True,True,2.0,322.0565219076169,200.5286834576468,103.74417304464221,3220565.219076169,2005286.834576468,1037441.7304464221,86.32089130401611
2011-01-31,97.67686462402344,87.21639457702636,True,0,False,True,True,0.0,329.5603399307333,205.20094017882226,106.16138040586743,3295603.399307333,2052009.4017882226,1061613.8040586743,87.21639457702636
2011-02-28,101.06993865966797,88.3570539855957,True,0,False,True,True,0.0,341.008523048623,212.32915815439546,109.84918738892176,3410085.23048623,2123291.5815439546,1098491.8738892176,88.3570539855957
2011-03-31,101.08209228515625,90.37388301849366,True,2,True,True,True,2.0,341.0495292066598,212.3546906629007,109.8623967160612,3410495.2920665983,2123546.9066290073,1098623.9671606119,90.37388301849366
2011-04-30,104.00957489013672,92.45448471069336,True,2,True,True,True,2.0,350.9268135170469,218.50478756876913,113.04416955096087,3509268.135170469,2185047.8756876914,1130441.6955096088,92.45448471069336
2011-05-31,102.84314727783203,94.47942832946778,True,2,True,True,True,2.0,346.9913034871603,216.05433992574984,111.77642241408842,3469913.034871603,2160543.3992574983,1117764.2241408841,94.47942832946778
2011-06-30,101.10820770263672,96.32728656768799,True,1,False,True,True,1.0,341.13764225057685,212.40955430170382,109.89078059980147,3411376.4225057685,2124095.543017038,1098907.8059980148,96.32728656768799
2011-07-31,99.08558654785156,97.81713096618653,True,1,False,True,True,1.0,334.31334749165046,208.16040314206052,107.69246829057032,3343133.4749165047,2081604.0314206053,1076924.682905703,97.81713096618653
2011-08-31,93.63825988769531,97.90704063415528,False,1,False,True,False,1.0,315.9341454897744,201.97983712215043,101.771969920871,3159341.4548977436,2019798.3712215042,1017719.69920871,97.90704063415528
2011-09-30,87.13787078857422,97.76899620056152,False,1,False,True,False,1.0,294.00192592647875,201.93565257684233,94.70693683863365,2940019.2592647877,2019356.5257684232,947069.3683863365,97.76899620056152
2011-10-31,96.648681640625,97.45958595275879,False,1,False,True,False,1.0,326.0912652954644,196.9788895192392,105.04388625566564,3260912.6529546436,1969788.895192392,1050438.8625566564,97.45958595275879
2011-11-30,96.25592041015625,97.00178817749024,False,1,False,True,False,1.0,324.7660945385699,187.95215592321014,104.61700856505827,3247660.945385699,1879521.5592321013,1046170.0856505827,97.00178817749024
2011-12-31,97.26163482666016,96.62624309539795,True,1,False,True,True,1.0,328.15936055147944,182.21152935677793,105.71008245887239,3281593.6055147946,1822115.2935677792,1057100.824588724,96.62624309539795
2012-01-31,101.77210998535156,96.66811557769775,True,1,False,True,True,1.0,343.37763902785343,190.66152691496868,110.61235149644021,3433776.3902785345,1906615.2691496867,1106123.5149644022,96.66811557769775
2012-02-29,106.18958282470703,96.92699207305908,True,1,False,True,True,1.0,358.2821290130358,198.93729241475185,115.41353974441007,3582821.2901303577,1989372.9241475186,1154135.3974441008,96.92699207305908
2012-03-31,109.60503387451172,97.80111240386962,True,1,False,True,True,1.0,369.80581185567263,205.33585398877062,119.1256674785629,3698058.1185567263,2053358.5398877063,1191256.674785629,97.80111240386962
2012-04-30,108.87335205078125,98.58932102203369,True,1,False,True,True,1.0,367.33712787940124,203.96510935403268,118.33042949949694,3673371.2787940125,2039651.0935403267,1183304.2949949694,98.58932102203369
2012-05-31,102.33488464355469,99.47625431060791,True,1,False,True,True,1.0,345.2764326508442,191.71583811729593,111.22401050906568,3452764.326508442,1917158.3811729592,1112240.1050906568,99.47625431060791
2012-06-30,106.48773193359375,100.84591278076172,True,1,False,True,True,1.0,359.2880798290551,199.49584980691793,115.7375870107512,3592880.798290551,1994958.4980691792,1157375.870107512,100.84591278076172
2012-07-31,107.7474594116211,102.57462120056152,True,1,False,True,True,1.0,363.53838226737344,201.85584376294386,117.1067383294115,3635383.8226737343,2018558.4376294387,1171067.383294115,102.57462120056152
2012-08-31,110.4468002319336,104.20214839935302,True,1,False,True,True,1.0,372.6459194693027,206.91283278025674,120.04055227576747,3726459.194693027,2069128.3278025673,1200405.5227576746,104.20214839935302
2012-09-30,113.24673461914062,106.00295639038086,True,1,False,True,True,1.0,382.09285792277916,212.15827542268062,123.08369765861636,3820928.5792277916,2121582.754226806,1230836.9765861635,106.00295639038086
2012-10-31,111.18582153320312,107.64289352416992,True,1,False,True,True,1.0,375.13936673749583,208.2973273116465,120.84376726218306,3751393.6673749583,2082973.2731164652,1208437.6726218306,107.64289352416992
2012-11-30,111.81512451171875,108.37696933746338,True,1,False,True,True,1.0,377.2626259587795,204.65831500152456,121.52773345161695,3772626.259587795,2046583.1500152457,1215277.3345161695,108.37696933746338
2012-12-31,112.8141098022461,109.00397384643554,True,1,False,True,True,1.0,380.6331879971829,206.48678540893533,122.61349370667595,3806331.8799718292,2064867.8540893532,1226134.9370667594,109.00397384643554
2013-01-31,118.58911895751953,109.88356468200683,True,0,False,True,True,0.0,400.1179860365225,217.05694439232732,128.8901380905863,4001179.860365225,2170569.443923273,1288901.3809058631,109.88356468200683
2013-02-28,120.1021499633789,111.04970314025879,True,0,False,True,True,0.0,405.222930943754,219.82628689010173,130.53459566810156,4052229.3094375404,2198262.868901017,1305345.9566810157,111.04970314025879
2013-03-31,124.66259002685547,113.10665428161622,True,1,False,True,True,1.0,420.6097902920569,228.17338647195422,135.49116971724254,4206097.902920569,2281733.864719542,1354911.6971724255,113.10665428161622
2013-04-30,127.0576171875,115.31404014587402,True,1,False,True,True,1.0,428.6905775720697,232.5570709262788,138.09423637445207,4286905.775720697,2325570.7092627883,1380942.3637445206,115.31404014587402
2013-05-31,130.05747985839844,117.86150951385498,True,1,False,True,True,1.0,438.81207118647137,238.04780254369706,141.35467643256058,4388120.711864714,2380478.0254369704,1413546.7643256057,117.86150951385498
2013-06-30,128.3218994140625,119.69643627166748,True,1,False,True,True,1.0,432.9562476666016,234.87112165335685,139.46833808124939,4329562.476666016,2348711.2165335687,1394683.3808124939,119.69643627166748
2013-07-31,134.95323181152344,121.82571727752685,True,1,False,True,True,1.0,455.3302680399316,247.0086327513044,146.6756886033448,4553302.680399315,2470086.327513044,1466756.8860334482,121.82571727752685
2013-08-31,130.90557861328125,124.25815128326416,True,1,False,True,True,1.0,441.67354421828736,239.60010115166415,142.27644367893382,4416735.442182873,2396001.0115166414,1422764.4367893382,124.25815128326416
2013-09-30,135.04830932617188,126.73661083221435,True,1,False,True,True,1.0,455.651058210336,247.1826557560406,146.77902484616436,4556510.5821033595,2471826.5575604057,1467790.2484616437,126.73661083221435
2013-10-31,141.302001953125,129.48303844451905,True,1,False,True,True,1.0,476.7509274157412,258.6289623371823,153.57593263458293,4767509.274157412,2586289.623371823,1535759.3263458293,129.48303844451905
2013-11-30,145.48980712890625,131.91989391326905,True,1,False,True,True,1.0,490.88052199892684,266.29401797766707,158.12750357252264,4908805.219989268,2662940.179776671,1581275.0357252264,131.91989391326905
2013-12-31,149.2617950439453,134.4630904006958,True,1,False,True,True,1.0,503.60715510984613,273.19799178504843,162.22713807119496,5036071.551098461,2731979.917850484,1622271.3807119497,134.4630904006958
2014-01-31,144.0006103515625,136.85942237854005,True,1,False,True,True,1.0,485.85599343677166,263.5682999275572,156.50895053862533,4858559.934367716,2635682.9992755717,1565089.5053862534,136.85942237854005
2014-02-28,150.554931640625,138.7282441329956,True,1,False,True,True,1.0,507.97017943519705,275.56485546381265,163.6326005283006,5079701.794351971,2755648.5546381264,1636326.005283006,138.7282441329956
2014-03-31,151.8038330078125,140.81429531097413,True,1,False,True,True,1.0,512.1839547308574,277.85075417856945,164.98998534651463,5121839.547308574,2778507.5417856947,1649899.8534651464,140.81429531097413
2014-04-30,152.85914611816406,143.04536056518555,True,1,False,True,True,1.0,515.7445660252465,279.78232295253196,166.13696623074523,5157445.660252465,2797823.2295253198,1661369.6623074524,143.04536056518555
2014-05-31,156.406494140625,144.95627700805665,True,1,False,True,True,1.0,527.7132673613795,286.2751321513873,169.99244791818518,5277132.673613795,2862751.321513873,1699924.4791818517,144.95627700805665
2014-06-30,159.63543701171875,147.6521212005615,True,1,False,True,True,1.0,538.6076742847648,292.18515559517425,173.50186679405158,5386076.742847648,2921851.5559517425,1735018.6679405158,147.6521212005615
2014-07-31,157.49034118652344,150.3832534790039,True,1,False,True,True,1.0,531.3701517449443,288.2589273767792,171.170441284212,5313701.517449443,2882589.2737677917,1711704.4128421198,150.3832534790039
2014-08-31,163.7054443359375,152.3955810546875,True,1,False,True,True,1.0,552.3398206067525,299.63460256986485,177.92540759323873,5523398.206067525,2996346.0256986483,1779254.0759323873,152.3955810546875
2014-09-30,161.44686889648438,154.33104347229005,True,1,False,True,True,1.0,544.7194194764492,295.5006694748491,175.47064527745326,5447194.194764491,2955006.6947484906,1754706.4527745326,154.33104347229005
2014-10-31,165.2491455078125,155.6252946472168,True,1,False,True,True,1.0,557.5482462141147,297.8667559268598,179.6031994426313,5575482.462141147,2978667.559268598,1796031.994426313,155.6252946472168
2014-11-30,169.78887939453125,157.76071838378905,True,1,False,True,True,1.0,572.8652432190958,306.0497683197695,184.5372687122015,5728652.4321909575,3060497.683197695,1845372.687122015,157.76071838378905
2014-12-31,169.358154296875,159.80804740905762,True,0,False,True,True,0.0,571.4119829189553,305.273372852544,184.06912949501174,5714119.829189554,3052733.72852544,1840691.2949501174,159.80804740905762
2015-01-31,164.3402099609375,161.42915321350097,True,0,False,True,True,0.0,554.4815107189058,296.2283711602564,178.6153109315941,5544815.107189058,2962283.711602564,1786153.109315941,161.42915321350097
2015-02-28,173.57687377929688,163.2575756072998,True,0,False,True,True,0.0,585.6458819292382,312.8777467361904,188.65430005226654,5856458.819292381,3128777.4673619037,1886543.0005226654,163.2575756072998
2015-03-31,170.8507080078125,165.02485496520995,True,0,False,True,True,0.0,576.4478377268965,307.9637476230603,185.69133105617917,5764478.377268965,3079637.476230603,1856913.3105617918,165.02485496520995
2015-04-30,172.53089904785156,166.41979293823243,True,0,False,True,True,0.0,582.1167781913068,310.9923445510255,187.51746870753306,5821167.781913068,3109923.445510255,1875174.6870753306,166.41979293823243
2015-05-31,174.74893188476562,167.97223442077637,True,0,False,True,True,0.0,589.6003891622832,314.99041814856537,189.92816676442396,5896003.891622832,3149904.181485654,1899281.6676442397,167.97223442077637
2015-06-30,171.199462890625,169.26259552001954,True,0,False,True,True,0.0,577.6245316981315,308.59238921293246,186.07037987111798,5776245.316981315,3085923.8921293244,1860703.7987111798,169.26259552001954
2015-07-31,175.0667266845703,170.7324803161621,True,0,False,True,True,0.0,590.6726242576156,315.56325321998077,190.27356620740318,5906726.242576156,3155632.5321998075,1902735.6620740318,170.7324803161621
2015-08-31,164.39633178710938,171.57989883422852,False,0,False,True,False,0.0,554.670864955265,305.8405028237586,178.67630767386532,5546708.64955265,3058405.028237586,1786763.0767386532,171.57989883422852
2015-09-30,160.2017059326172,170.90308013916015,False,0,False,True,False,0.0,540.5182574999607,305.70683679514525,174.11732359188122,5405182.574999606,3057068.3679514527,1741173.2359188122,170.90308013916015
2015-10-31,173.8283233642578,171.03494285583497,True,0,False,True,True,0.0,586.4942692215022,309.68345929011565,188.92759132901568,5864942.692215023,3096834.5929011563,1889275.9132901568,171.03494285583497
2015-11-30,174.46365356445312,171.61596923828125,True,0,False,True,True,0.0,588.6378642022642,309.6363762610167,189.61810828332082,5886378.642022641,3096363.7626101673,1896181.0828332081,171.61596923828125
2015-12-31,171.44857788085938,171.5865470123291,False,1,False,True,False,1.0,578.4650421012801,291.8898394306781,186.34113376299243,5784650.421012801,2918898.394306781,1863411.3376299243,171.5865470123291
2016-01-31,162.91270446777344,170.5413320159912,False,1,False,True,False,1.0,549.6651276645258,291.95360451670433,177.06380787839322,5496651.276645258,2919536.0451670433,1770638.0787839321,170.5413320159912
2016-02-29,162.7781219482422,169.17714309692383,False,2,True,False,False,2.0,553.6731705427085,291.95360451670433,176.91753510329002,5536731.705427085,2919536.0451670433,1769175.3510329002,169.17714309692383
2016-03-31,173.7275390625,168.68566291809083,True,2,True,True,True,2.0,563.9811874586943,297.3890542624296,188.81805258983664,5639811.874586944,2973890.542624296,1888180.5258983665,168.68566291809083
2016-04-30,174.41224670410156,168.85584106445313,True,1,False,True,True,1.0,566.2039912286456,298.561145682598,189.56223606344284,5662039.912286456,2985611.45682598,1895622.3606344284,168.85584106445313
2016-05-31,177.3792724609375,168.86382888793946,True,1,False,True,True,1.0,575.8360088039298,303.64013884948037,192.7869868911634,5758360.088039298,3036401.3884948036,1927869.868911634,168.86382888793946
2016-06-30,177.99583435058594,170.15065742492675,True,1,False,True,True,1.0,577.8375873017442,299.29729868641965,193.45710526118563,5778375.8730174415,2992972.9868641966,1934571.0526118563,170.15065742492675
2016-07-31,184.487548828125,172.01034996032715,True,1,False,True,True,1.0,598.911994154236,310.21301822592335,200.51271021727266,5989119.94154236,3102130.1822592337,2005127.1021727265,172.01034996032715
2016-08-31,184.70852661132812,173.44948669433595,True,2,True,True,True,2.0,599.6293663869028,310.5845890203957,200.7528828169377,5996293.663869028,3105845.890203957,2007528.828169377,173.44948669433595
2016-09-30,184.71920776367188,174.54554969787597,True,2,True,True,True,2.0,599.6640411944475,310.6025492162339,200.7644917673426,5996640.411944475,3106025.492162339,2007644.917673426,174.54554969787597
2016-10-31,181.5167236328125,176.11818046569823,True,4,True,True,True,5.0,589.2676422545543,305.21762067029715,197.2838299200511,5892676.422545543,3052176.2067029714,1972838.2992005108,176.11818046569823
2016-11-30,188.20350646972656,178.88427261352538,True,2,True,True,True,2.0,610.9753101636961,316.4613447006539,204.55144747896347,6109753.101636961,3164613.447006539,2045514.4747896346,178.88427261352538
2016-12-31,192.01870727539062,181.5948277282715,True,2,True,True,True,2.0,623.360804670688,322.87654705214504,208.6980484741316,6233608.04670688,3228765.4705214505,2086980.4847413162,181.5948277282715
2017-01-31,195.4548797607422,183.74739807128907,True,1,False,True,True,1.0,634.5158388642267,328.654419025602,212.43269757207028,6345158.388642266,3286544.19025602,2124326.9757207027,183.74739807128907
2017-02-28,203.13455200195312,186.07805725097657,True,1,False,True,True,1.0,659.4467778118716,341.56767154624436,220.77944999220333,6594467.778118716,3415676.7154624434,2207794.4999220334,186.07805725097657
2017-03-31,203.3884735107422,189.22416374206543,True,1,False,True,True,1.0,660.271097058094,341.99463671616655,221.0554279117603,6602710.97058094,3419946.3671616656,2210554.279117603,189.22416374206543
2017-04-30,205.4073486328125,191.68811683654786,True,1,False,True,True,1.0,666.8250815030495,345.3893446464136,223.2496687962423,6668250.815030496,3453893.446464136,2232496.687962423,191.68811683654786
2017-05-31,208.3063201904297,194.14121688842772,True,1,False,True,True,1.0,676.2361710188324,350.2639213988933,226.4004540256681,6762361.710188324,3502639.213988933,2264004.540256681,194.14121688842772
2017-06-30,209.63417053222656,196.9549309539795,True,1,False,True,True,1.0,680.5468440219454,352.4966816306684,227.84364557159003,6805468.440219454,3524966.8163066837,2278436.4557159003,196.9549309539795
2017-07-31,213.9430694580078,199.83439247131346,True,1,False,True,True,1.0,694.5350576691059,359.7420298912295,232.52682883869298,6945350.576691058,3597420.298912295,2325268.28838693,199.83439247131346
2017-08-31,214.56727600097656,203.37136642456053,True,1,False,True,True,1.0,696.5614534220347,360.7916237360213,233.20525590036223,6965614.534220347,3607916.237360213,2332052.5590036223,203.37136642456053
2017-09-30,218.89068603515625,206.10475074768067,True,1,False,True,True,1.0,710.5967752720162,368.06137220549965,237.9042107558009,7105967.752720162,3680613.7220549965,2379042.107558009,206.10475074768067
2017-10-31,224.0486297607422,209.22936897277833,True,1,False,True,True,1.0,727.3412893709266,376.7343764332491,243.51018949059855,7273412.893709266,3767343.764332491,2435101.8949059853,209.22936897277833
2017-11-30,230.89686584472656,212.28241737365724,True,1,False,True,True,1.0,749.5730917638301,388.2495816524135,250.9532846269901,7495730.917638301,3882495.816524135,2509532.846269901,212.28241737365724
2017-12-31,233.69717407226562,215.1573013305664,True,1,False,True,True,1.0,758.6638851287764,392.95825751019214,253.9968363231031,7586638.8512877645,3929582.5751019213,2539968.363231031,215.1573013305664
2018-01-31,246.8681182861328,219.46364501953124,True,1,False,True,True,1.0,801.4214398479322,415.10500065585285,268.31184965174464,8014214.398479322,4151050.0065585286,2683118.4965174464,219.46364501953124
2018-02-28,237.89190673828125,222.4483334350586,True,1,False,True,True,1.0,772.2814746187205,400.01163693466435,258.55593649459126,7722814.7461872045,4000116.3693466433,2585559.3649459127,222.4483334350586
2018-03-31,231.37120056152344,225.44319915771484,True,1,False,True,True,1.0,751.1129504314638,389.04716829217085,251.46882153026203,7511129.504314638,3890471.6829217086,2514688.2153026205,225.44319915771484
2018-04-30,232.56698608398438,227.80151878356935,True,1,False,True,True,1.0,754.9948942070033,391.05786353111677,252.7684766965335,7549948.942070033,3910578.6353111677,2527684.766965335,227.80151878356935
2018-05-31,238.2204132080078,230.399810256958,True,1,False,True,True,1.0,773.3479230924861,400.5640155863835,258.912978056405,7733479.230924861,4005640.155863835,2589129.7805640497,230.399810256958
2018-06-30,239.5904541015625,233.46544929504395,True,1,False,True,True,1.0,777.7955615854021,402.86771859172023,260.40202495642677,7777955.615854021,4028677.1859172024,2604020.2495642677,233.46544929504395
2018-07-31,248.4664764404297,236.31670707702636,True,1,False,True,True,1.0,806.6102771198424,417.7926156759455,270.0490461587812,8066102.7711984245,4177926.1567594553,2700490.4615878123,236.31670707702636
2018-08-31,256.3974304199219,239.57852241516113,True,1,False,True,True,1.0,832.3569656827024,431.1283946323958,278.66890742929985,8323569.656827023,4311283.946323958,2786689.0742929983,239.57852241516113
2018-09-30,257.9218444824219,242.2628662109375,True,1,False,True,True,1.0,837.305754215522,433.69167378244146,280.32573683110394,8373057.54215522,4336916.737824415,2803257.368311039,242.2628662109375
2018-10-31,240.09837341308594,243.3865396118164,False,1,False,True,False,1.0,779.4444477550448,402.7518607040827,260.9540637166152,7794444.477550449,4027518.6070408267,2609540.6371661522,243.3865396118164
2018-11-30,244.55198669433594,243.4449642944336,True,1,False,True,True,1.0,793.902455509,398.7129057701134,265.79453167749125,7939024.55509,3987129.057701134,2657945.3167749126,243.4449642944336
2018-12-31,223.01956176757812,242.367731552124,False,1,False,True,False,1.0,724.0005698057251,391.5863877576047,242.3917334559346,7240005.698057251,3915863.877576047,2423917.334559346,242.367731552124
2019-01-31,240.87574768066406,242.33159507751463,False,2,True,False,False,3.0,732.195022340463,392.27154314595674,261.7989631270923,7321950.22340463,3922715.4314595675,2617989.6312709227,242.33159507751463
2019-02-28,248.6838836669922,243.36854682922365,True,3,True,True,True,4.0,739.843556301925,396.3692249497424,270.285338052168,7398435.56301925,3963692.249497424,2702853.38052168,243.36854682922365
2019-03-31,253.18527221679688,244.38719528198243,True,2,True,True,True,2.0,753.2353501885115,403.54384304068753,275.17773118978414,7532353.501885114,4035438.4304068754,2751777.3118978413,244.38719528198243
2019-04-30,263.5284729003906,246.19123931884766,True,2,True,True,True,2.0,784.006746647566,420.02953715967413,286.41937440398664,7840067.466475661,4200295.3715967415,2864193.744039866,246.19123931884766
2019-05-31,246.7229766845703,246.9196748352051,False,1,False,True,False,1.0,734.0097870441026,393.24379852740964,268.1541005999554,7340097.870441026,3932437.9852740965,2681541.0059995544,246.9196748352051
2019-06-30,263.89154052734375,247.46854774475096,True,1,False,True,True,1.0,785.0868859808525,412.79382595309545,286.81397921246787,7850868.859808524,4127938.2595309545,2868139.792124679,247.46854774475096
2019-07-31,267.8814392089844,248.9206029510498,True,0,False,True,True,0.0,796.9569789936436,419.03504739834653,291.15045288361733,7969569.789936436,4190350.473983465,2911504.5288361735,248.9206029510498
2019-08-31,263.39617919921875,250.90216255187988,True,0,False,True,True,0.0,783.613168097529,412.018954210495,286.27558926111294,7836131.68097529,4120189.54210495,2862755.892611129,250.90216255187988
2019-09-30,268.5213317871094,253.8966864013672,True,0,False,True,True,0.0,798.8606825777697,420.03600296136085,291.8459285181671,7988606.825777697,4200360.0296136085,2918459.285181671,253.8966864013672
2019-10-31,274.45684814453125,258.9111740875244,True,1,False,True,True,1.0,816.5190586076525,429.3206677948421,298.2970222582354,8165190.586076525,4293206.677948421,2982970.222582354,258.9111740875244
2019-11-30,284.3918151855469,263.0162929534912,True,1,False,True,True,1.0,846.0759452019205,444.86149584633404,309.09497138795825,8460759.452019205,4448614.95846334,3090949.7138795825,263.0162929534912
2019-12-31,292.65496826171875,267.08742416381835,True,1,False,True,True,1.0,870.6591247308706,457.78717950384294,318.0758876002876,8706591.247308707,4577871.795038429,3180758.876002876,267.08742416381835
2020-01-31,292.5367431640625,271.47039222717285,True,2,True,True,True,2.0,870.3074007855782,457.60224523013477,317.947393103519,8703074.007855782,4576022.452301348,3179473.93103519,271.47039222717285
2020-02-29,269.3778381347656,275.04458137512205,False,2,True,False,False,2.0,804.7021880803117,423.10743040306085,292.776833666931,8047021.880803117,4231074.304030608,2927768.33666931,275.04458137512205
2020-03-31,235.7402801513672,273.58157875061033,False,1,False,True,False,1.0,776.2512620307527,397.96950085868406,256.21741294079004,7762512.6203075275,3979695.0085868407,2562174.1294079004,273.58157875061033
2020-04-30,265.6753845214844,272.1060629272461,False,4,True,False,False,5.0,747.5415497397939,397.8913464530572,288.7527734353953,7475415.49739794,3978913.4645305723,2887527.734353953,272.1060629272461
2020-05-31,278.33355712890625,272.17719787597656,True,4,True,True,True,5.0,760.588872143054,404.83599946993274,302.51047422352156,7605888.72143054,4048359.9946993273,3025104.7422352154,272.17719787597656
2020-06-30,283.2696838378906,274.43875091552735,True,4,True,True,True,5.0,774.0775908051831,412.01559294171943,307.8753682268366,7740775.908051832,4120155.9294171943,3078753.682268366,274.43875091552735
2020-07-31,299.9519958496094,277.36680557250975,True,2,True,True,True,3.0,819.6645513162197,436.2800062104564,326.00675766426815,8196645.513162197,4362800.062104564,3260067.5766426814,277.36680557250975
2020-08-31,320.8876647949219,281.1700703430176,True,2,True,True,True,3.0,876.8744580013164,466.73092470362957,348.76096382669635,8768744.580013163,4667309.247036296,3487609.6382669634,281.1700703430176
2020-09-30,308.87249755859375,283.91265243530273,True,2,True,True,True,3.0,844.0411820170746,449.2548708382864,335.70212185295173,8440411.820170745,4492548.7083828645,3357021.2185295173,283.91265243530273
2020-10-31,301.1712951660156,286.1812811279297,True,2,True,True,True,3.0,822.9964725600554,438.05347636799746,327.33196910564516,8229964.725600554,4380534.763679975,3273319.6910564518,286.1812811279297
2020-11-30,333.9315490722656,288.7926123046875,True,1,False,True,True,1.0,912.5188601108123,485.7032469160853,362.9378803981625,9125188.601108123,4857032.469160853,3629378.803981625,288.7926123046875
2020-12-31,346.30322265625,296.7546757507324,True,2,True,True,True,2.0,946.326344033445,503.6978390599584,376.3841959679966,9463263.44033445,5036978.390599584,3763841.9596799663,296.7546757507324
2021-01-31,342.7742919921875,307.7133846282959,True,2,True,True,True,2.0,936.6830030675296,498.56501142974895,372.54873142789813,9366830.030675296,4985650.11429749,3725487.314278981,307.7133846282959
2021-02-28,352.3052978515625,317.05022842407226,True,1,False,True,True,1.0,962.7279294204576,512.427853994747,382.907630053303,9627279.294204576,5124278.53994747,3829076.30053303,317.05022842407226
2021-03-31,368.2997131347656,326.8098017883301,True,2,True,True,True,2.0,1006.4351072624916,535.6917218657484,400.2913699162215,10064351.072624916,5356917.218657483,4002913.6991622155,326.8098017883301
2021-04-30,387.7866516113281,337.03564743041994,True,0,False,True,True,0.0,1059.6861371070356,564.0354627216689,421.47100438257246,10596861.371070357,5640354.627216688,4214710.043825724,337.03564743041994
2021-05-31,390.3328552246094,345.6143583679199,True,1,False,True,True,1.0,1066.6440266064153,567.7389144192281,424.2383791485503,10666440.266064154,5677389.144192281,4242383.791485502,345.6143583679199
2021-06-30,399.08697509765625,354.34314910888673,True,1,False,True,True,1.0,1090.5659935784474,580.4717767619575,433.7529090583538,10905659.935784474,5804717.767619574,4337529.090583538,354.34314910888673
2021-07-31,408.82965087890625,364.4035043334961,True,1,False,True,True,1.0,1117.1893402584324,594.6424931071199,444.3418639123563,11171893.402584324,5946424.931071199,4443418.639123563,364.4035043334961
2021-08-31,420.9964294433594,375.1708253479004,True,1,False,True,True,1.0,1150.4369173073828,612.339065562408,457.5654866449926,11504369.173073828,6123390.6556240795,4575654.866449926,375.1708253479004
2021-09-30,401.37567138671875,383.4575120544434,True,1,False,True,True,1.0,1096.820205061721,583.8006842038891,436.24040861428125,10968202.05061721,5838006.842038891,4362404.086142813,383.4575120544434
2021-10-31,429.53765869140625,390.8823515319824,True,1,False,True,True,1.0,1173.7771281949927,624.7622786129765,466.84863358900884,11737771.281949926,6247622.786129765,4668486.335890088,390.8823515319824
2021-11-30,426.08636474609375,399.3152195739746,True,1,False,True,True,1.0,1164.3459413974779,619.7423735457336,463.09754953413966,11643459.413974779,6197423.735457336,4630975.495341397,399.3152195739746
2021-12-31,445.79193115234375,407.79419494628905,True,1,False,True,True,1.0,1218.1944053860605,648.4041086001981,484.51480263106686,12181944.053860605,6484041.086001981,4845148.026310668,407.79419494628905
2022-01-31,422.2803039550781,413.22092208862307,True,1,False,True,True,1.0,1153.9453001158174,601.3234133164606,458.96088248367556,11539453.001158174,6013234.133164606,4589608.824836755,413.22092208862307
2022-02-28,409.81585693359375,415.96993347167967,False,1,False,True,False,1.0,1119.8842986334594,576.8264514766886,445.4137348874664,11198842.986334594,5768264.514766886,4454137.348874664,415.96993347167967
2022-03-31,425.220947265625,418.4998663330078,True,1,False,True,True,1.0,1161.9810562136993,586.20683261133,462.15695920389555,11619810.562136993,5862068.3261133,4621569.592038956,418.4998663330078
2022-04-30,387.8997497558594,419.73083419799804,False,2,True,False,False,2.0,1126.470738513474,570.994847680739,421.5939265831466,11264707.385134742,5709948.476807389,4215939.265831466,419.73083419799804
2022-05-31,388.77532958984375,416.6389471435547,False,2,True,False,False,2.0,1126.8407054803633,571.1823796109376,422.54556200049046,11268407.054803634,5711823.796109376,4225455.620004904,416.6389471435547
2022-06-30,356.7167053222656,411.34564392089845,False,2,True,False,False,2.0,1127.7157049329335,571.6259066037468,387.7022260758639,11277157.049329335,5716259.066037468,3877022.260758639,411.34564392089845
2022-07-31,389.5658874511719,407.3389448547363,False,2,True,False,False,2.0,1128.1231525812877,571.83243705319,423.40479017261055,11281231.525812877,5718324.3705319,4234047.901726105,407.3389448547363
2022-08-31,373.6709289550781,403.2985610961914,False,1,False,True,False,1.0,1038.3695745716643,568.8731437039647,406.1291462221775,10383695.745716643,5688731.437039647,4061291.4622217747,403.2985610961914
2022-09-30,339.1264953613281,395.9180432128906,False,1,False,True,False,1.0,942.3763194504622,570.04943226286,368.584075854006,9423763.194504622,5700494.3226286005,3685840.7585400604,395.9180432128906
2022-10-31,366.6891784667969,386.68191848754884,False,1,False,True,False,1.0,1018.9684472092686,570.953358895862,398.54093920572296,10189684.472092686,5709533.58895862,3985409.3920572298,386.68191848754884
2022-11-30,387.0740051269531,381.65998321533203,True,2,True,True,True,2.0,1041.1770192613571,572.7527150135959,420.6964552115495,10411770.192613572,5727527.150135959,4206964.552115495,381.65998321533203
2022-12-31,364.7676696777344,378.2305740356445,False,4,True,False,False,5.0,1016.8898924058299,559.3923376819376,396.4525221962902,10168898.9240583,5593923.376819377,3964525.221962902,378.2305740356445
2023-01-31,387.70697021484375,373.61262619018555,True,3,True,True,True,3.0,1034.3829323525854,569.0152797350129,421.38440161255096,10343829.323525853,5690152.797350129,4213844.0161255095,373.61262619018555
2023-02-28,377.95892333984375,372.80827758789064,True,2,True,True,True,2.0,1008.3756276459268,554.7086305242071,410.7896091149162,10083756.276459267,5547086.305242071,4107896.0911491616,372.80827758789064
2023-03-31,391.9728088378906,372.9639598083496,True,4,True,True,True,5.0,1013.236623687314,557.3826702205023,426.02078422530695,10132366.23687314,5573826.702205023,4260207.842253069,372.9639598083496
2023-04-30,398.23455810546875,376.2011071777344,True,3,True,True,True,3.0,1029.4230364771902,566.2868351225563,432.8264484791738,10294230.364771903,5662868.351225563,4328264.484791738,376.2011071777344
2023-05-31,400.07281494140625,377.7897213745117,True,3,True,True,True,3.0,1034.174869022508,568.900823849998,434.824382012307,10341748.69022508,5689008.23849998,4348243.82012307,377.7897213745117
2023-06-30,425.9974670410156,380.8844346618652,True,3,True,True,True,4.0,1101.1892291296658,605.7655029451081,463.0009298983404,11011892.291296659,6057655.029451081,4630009.298983404,380.8844346618652
2023-07-31,439.9418029785156,388.69648223876953,True,4,True,True,True,5.0,1137.2348719556658,625.5942538789769,478.1565141573795,11372348.719556658,6255942.53878977,4781565.141573795,388.69648223876953
2023-08-31,432.79180908203125,396.73987579345703,True,3,True,True,True,3.0,1118.7523764567113,615.4270111513546,470.38544958783126,11187523.764567113,6154270.111513546,4703854.495878313,396.73987579345703
2023-09-30,412.2625732421875,401.2785028076172,True,4,True,True,True,5.0,1065.684987239296,586.2345773090087,448.0729805725287,10656849.872392962,5862345.773090087,4480729.805725287,401.2785028076172
2023-10-31,403.3129577636719,405.8747592163086,False,2,True,False,False,3.0,1041.837321920625,573.1159482907709,438.34597370188357,10418373.219206251,5731159.482907709,4383459.737018836,405.8747592163086
2023-11-30,440.153076171875,410.3836401367187,True,4,True,True,True,5.0,1125.349937754989,619.0563374581699,478.38613919639045,11253499.37754989,6190563.374581698,4783861.391963905,410.3836401367187
2023-12-31,460.2483825683594,417.59376068115233,True,3,True,True,True,4.0,1176.7280900994713,647.319520090227,500.2269863093817,11767280.900994712,6473195.20090227,5002269.863093817,417.59376068115233
2024-01-31,467.5785827636719,425.8016387939453,True,2,True,True,True,3.0,1195.4693889341188,657.629130840223,508.1939104564775,11954693.889341189,6576291.308402229,5081939.104564775,425.8016387939453
2024-02-29,491.97998046875,434.8144654846191,True,3,True,True,True,4.0,1257.8570283148815,691.9486453680897,534.7148893410367,12578570.283148816,6919486.453680897,5347148.893410367,434.8144654846191
2024-03-31,508.0687561035156,444.53597396850586,True,4,True,True,True,5.0,1298.9915872656125,714.5768151068263,552.2011859886763,12989915.872656124,7145768.151068263,5522011.859886764,444.53597396850586
2024-04-30,487.58355712890625,452.5151873779297,True,3,True,True,True,4.0,1246.6165872054669,685.7652653623197,529.9365790174721,12466165.872054668,6857652.653623197,5299365.790174721,452.5151873779297
2024-05-31,512.245361328125,460.63364913940427,True,4,True,True,True,5.0,1309.6700141220604,720.4510304044742,556.7405841129059,13096700.141220603,7204510.304044742,5567405.841129059,460.63364913940427
2024-06-30,530.3175048828125,470.03121307373044,True,4,True,True,True,5.0,1355.8754974535586,745.8687216683529,576.3825301770383,13558754.974535586,7458687.216683529,5763825.3017703835,470.03121307373044
2024-07-31,536.7392578125,483.25575469970704,True,3,True,True,True,4.0,1372.294147352713,754.900640480074,583.3620965079724,13722941.47352713,7549006.40480074,5833620.965079724,483.25575469970704
2024-08-31,549.2803955078125,496.45263900756834,True,5,True,True,True,6.0,1404.3583752062184,772.5392103084195,596.992596368089,14043583.752062185,7725392.1030841945,5969925.96368089,496.45263900756834
2024-09-30,560.8177490234375,507.2479296875,True,2,True,True,True,3.0,1433.8562039470453,788.7660009364918,609.5321202375724,14338562.039470453,7887660.009364918,6095321.202375724,507.2479296875
2024-10-31,555.8133544921875,519.4951147460938,True,3,True,True,True,4.0,1421.0613482954068,781.7275356446991,604.0930284569541,14210613.482954068,7817275.356446991,6040930.284569541,519.4951147460938
2024-11-30,588.9584350585938,529.8036430358886,True,3,True,True,True,4.0,1505.8041715801953,828.3446633918268,640.1171936483493,15058041.715801952,8283446.633918268,6401171.936483492,529.8036430358886
2024-12-31,574.7879638671875,539.7297396850586,True,4,True,True,True,5.0,1469.5741876575544,808.4145062017338,624.7158313250211,14695741.876575544,8084145.062017338,6247158.313250211,539.7297396850586
2025-01-31,590.2246704101562,547.8729382324219,True,2,True,True,True,3.0,1509.0415859053596,830.125568857525,641.493418134649,15090415.859053597,8301255.68857525,6414934.18134649,547.8729382324219
2025-02-28,582.73193359375,557.1624169921874,True,1,False,True,True,1.0,1489.88472578912,819.5873573529184,633.3498389308185,14898847.2578912,8195873.573529184,6333498.389308184,557.1624169921874
2025-03-31,550.2625732421875,561.6186474609375,False,2,True,False,False,3.0,1395.0826789674916,767.4366387897534,598.0600891104742,13950826.789674915,7674366.387897533,5980600.891104742,561.6186474609375
2025-04-30,545.49169921875,560.7811303710937,False,2,True,False,False,3.0,1399.8290282187206,770.0476111506039,592.8748021541394,13998290.282187207,7700476.111506038,5928748.021541394,560.7811303710937
2025-05-31,579.7730712890625,565.1683755493164,True,1,True,True,True,2.0,1417.0847157595226,779.5399853632351,630.1339606580501,14170847.157595227,7795399.853632351,6301339.606580501,565.1683755493164
2025-06-30,609.5653686523438,570.4193176269531,True,2,True,True,True,3.0,1489.9032223986828,819.597532359809,662.5141094857403,14899032.223986829,8195975.32359809,6625141.094857403,570.4193176269531
2025-07-31,623.6045532226562,577.4812463378906,True,1,False,True,True,1.0,1524.2178790488836,838.4740657422925,677.772781224376,15242178.790488835,8384740.657422925,6777727.81224376,577.4812463378906
2025-08-31,636.4006958007812,584.0356805419922,True,2,True,True,True,3.0,1555.494285225913,855.6792539306276,691.6804364833055,15554942.85225913,8556792.539306276,6916804.364833055,584.0356805419922
2025-09-30,659.0694580078125,590.7353756713867,True,2,True,True,True,3.0,1610.901405769384,886.1587767545866,716.3182777700223,16109014.05769384,8861587.767545866,7163182.777700223,590.7353756713867
2025-10-31,674.780029296875,600.2806997680664,True,2,True,True,True,3.0,1649.3012755668558,907.282590741831,733.3935180680345,16493012.755668558,9072825.90741831,7333935.180680345,600.2806997680664
2025-11-30,676.0958862304688,607.3153393554687,True,2,True,True,True,3.0,1652.5175007436767,909.0518400318564,734.8236744210736,16525175.007436767,9090518.400318563,7348236.744210736,607.3153393554687
2025-12-31,676.635009765625,618.6866772460937,True,2,True,True,True,3.0,1653.8352296265966,909.7767242555585,735.4096279006596,16538352.296265967,9097767.242555585,7354096.279006597,618.6866772460937
2026-01-31,686.6071166992188,633.2587940979004,True,2,True,True,True,3.0,1678.209111442279,923.1848255938461,746.2479430093618,16782091.11442279,9231848.255938461,7462479.430093618,633.2587940979004
2026-02-28,680.6734008789062,646.6912374877929,True,3,True,True,True,4.0,1663.7058886935408,915.2065855327277,739.7988062066477,16637058.88693541,9152065.855327277,7397988.062066477,646.6912374877929
2026-03-31,647.0620727539062,655.0949093627929,False,2,True,False,False,3.0,1578.4541316581488,868.3094927248777,703.2678937458583,15784541.316581488,8683094.927248778,7032678.937458582,655.0949093627929
2026-04-30,715.0377197265625,664.0652053833007,True,1,False,True,True,1.0,1722.7421113171847,923.8393437658232,777.1481165025606,17227421.113171846,9238393.437658232,7771481.165025606,664.0652053833007
2026-05-31,752.6671142578125,675.255686340332,True,1,False,True,True,1.0,1813.4027027712168,972.4570798530173,818.0461170951387,18134027.027712166,9724570.798530173,8180461.170951387,675.255686340332
2026-06-30,744.9202270507812,686.0986849975586,True,1,False,True,True,1.0,1794.7381086456364,962.4479866316019,809.6263112085288,17947381.086456366,9624479.866316019,8096263.112085288,686.0986849975586
2026-07-31,745.1796264648438,695.6812139892578,True,1,False,True,True,1.0,1795.363080282696,962.7831345235938,809.9082428612222,17953630.80282696,9627831.345235938,8099082.428612222,695.6812139892578
2026-08-31,765.1499633789062,706.1180755615235,True,2,True,True,True,2.0,1843.477661415847,988.5851061405947,831.6132652544745,18434776.61415847,9885851.061405947,8316132.652544745,706.1180755615235
2026-09-30,762.6300048828125,716.1109408569336,True,1,False,True,True,1.0,1837.406319303081,985.329282371971,828.8744153380636,18374063.19303081,9853292.82371971,8288744.153380636,716.1109408569336
2026-10-31,773.9299926757812,719.1625888061524,True,1,False,True,True,1.0,1864.6314072827215,999.9290342720666,841.1559551611176,18646314.072827216,9999290.342720665,8411559.551611176,719.1625888061524
