,Close,cash_return,source_date,monthly_return,ma_10m,trend_above_sma,always_timing_invested,buy_hold_invested,trip_count,signal_score,timing_on,combined_invested,combined_return,always_timing_return,buy_hold_return,combined_equity,always_timing_equity,buy_hold_equity,combined_growth_10k,always_timing_growth_10k,buy_hold_growth_10k,trend_level
1961-07-31,1.1459418342591565,0.0,1961-07-31,0.0,1.0544558054544289,True,True,True,2,3.0,True,True,0.0,0.0,0.0,1.0,1.0,1.0,10000.0,10000.0,10000.0,1.0544558054544289
1961-08-31,1.17146979282989,0.002029757840692481,1961-08-31,0.022276836229857322,1.0819311506420752,True,True,True,2,3.0,True,True,0.022276836229857322,0.022276836229857322,0.022276836229857322,1.0222768362298573,1.0222768362298573,1.0222768362298573,10222.768362298573,10222.768362298573,10222.768362298573,1.0819311506420752
1961-09-30,1.151007968622321,0.0018762711408022437,1961-09-29,-0.017466796269786866,1.1035045235319816,True,True,True,2,3.0,True,True,-0.017466796269786866,-0.017466796269786866,-0.017466796269786866,1.004420935000108,1.004420935000108,1.004420935000108,10044.209350001081,10044.209350001081,10044.209350001081,1.1035045235319816
1961-10-31,1.1865551710085593,0.001970839318168993,1961-10-31,0.030883541517775948,1.1240352397932976,True,True,True,1,2.0,True,True,0.030883541517775948,0.030883541517775948,0.030883541517775948,1.0354410106475074,1.0354410106475074,1.0354410106475074,10354.410106475074,10354.410106475074,10354.410106475074,1.1240352397932976
1961-11-30,1.2360338817963714,0.001813339432651384,1961-11-30,0.0416994607555885,1.1430687181838328,True,True,True,1,2.0,True,True,0.0416994607555885,0.0416994607555885,0.0416994607555885,1.07861834243573,1.07861834243573,1.07861834243573,10786.183424357301,10786.183424357301,10786.183424357301,1.1430687181838328
1961-12-31,1.242826593232465,0.001946135045240105,1961-12-29,0.005495570579522768,1.1597408528535356,True,True,True,0,0.0,False,True,0.005495570579522768,0.005495570579522768,0.005495570579522768,1.0845459656649534,1.0845459656649534,1.0845459656649534,10845.459656649535,10845.459656649535,10845.459656649535,1.1597408528535356
1962-01-31,1.1991492100404963,0.0022479965180668415,1962-01-31,-0.035143585943368194,1.1690225295739354,True,True,True,0,0.0,False,True,-0.035143585943368194,-0.035143585943368194,-0.035143585943368194,1.046431131311074,1.046431131311074,1.046431131311074,10464.311313110738,10464.311313110738,10464.311313110738,1.1690225295739354
1962-02-28,1.2216470648690614,0.002025834045776609,1962-02-28,0.018761514113665,1.179877510801692,True,True,True,0,0.0,False,True,0.018761514113665,0.018761514113665,0.018761514113665,1.066063763750145,1.066063763750145,1.066063763750145,10660.637637501452,10660.637637501452,10660.637637501452,1.179877510801692
1962-03-31,1.2179364286136414,0.0023541477251545206,1962-03-30,-0.003037404469856231,1.187961412664432,True,True,True,0,0.0,False,True,-0.003037404469856231,-0.003037404469856231,-0.003037404469856231,1.0628256969089787,1.0628256969089787,1.0628256969089787,10628.256969089787,10628.256969089787,10628.256969089787,1.187961412664432
1962-04-30,1.1454099631159091,0.0021325501270732516,1962-04-30,-0.059548646213241185,1.1917977908387871,False,False,True,0,0.0,False,True,-0.059548646213241185,-0.059548646213241185,-0.059548646213241185,0.9995358654974044,0.9995358654974044,0.9995358654974044,9995.358654974043,9995.358654974043,9995.358654974043,1.1917977908387871
1962-05-31,1.0498888940939441,0.0023525986674979293,1962-05-31,-0.08339465527444412,1.182192496822266,False,False,True,0,0.0,False,True,-0.08339465527444412,0.0023525986674979293,-0.08339465527444412,0.9161799165598051,1.00188737224269,0.9161799165598051,9161.799165598051,10018.873722426899,9161.799165598051,1.182192496822266
1962-06-30,0.9665808282775725,0.0022144946478341865,1962-06-29,-0.07934941143297514,1.161703600367034,False,False,True,0,0.0,False,True,-0.07934941143297514,0.0022144946478341865,-0.07934941143297514,0.8434815794140723,1.0041060464662541,0.8434815794140723,8434.815794140723,10041.060464662542,8434.815794140723,1.161703600367034
1962-07-31,1.0308046494542678,0.0022543699230364034,1962-07-31,0.06644433584632625,1.1496832684502287,False,False,True,0,0.0,False,True,0.06644433584632625,0.0022543699230364034,0.06644433584632625,0.8995261527568507,1.0063696729369467,0.8995261527568507,8995.261527568508,10063.696729369467,8995.261527568508,1.1496832684502287
1962-08-31,1.0496668541533285,0.00262649611794763,1962-08-31,0.01829852504938434,1.135994436764706,False,False,True,0,0.0,False,True,0.01829852504938434,0.00262649611794763,0.01829852504938434,0.9159861545956482,1.0090128989761358,0.9159861545956482,9159.861545956483,10090.128989761357,9159.861545956483,1.135994436764706
1962-09-30,1.0015152306656452,0.002098962888455347,1962-09-28,-0.04587324377935409,1.112542571651633,False,False,True,0,0.0,False,True,-0.04587324377935409,0.002098962888455347,-0.04587324377935409,0.873966898427369,1.0111307796050595,0.873966898427369,8739.66898427369,10111.307796050594,8739.66898427369,1.112542571651633
1962-10-31,1.0089514763293972,0.0025042591688020366,1962-10-31,0.007424995083509245,1.0891550599613262,False,False,True,0,0.0,False,True,0.007424995083509245,0.0025042591688020366,0.007424995083509245,0.880456098351342,1.0136629131307433,0.880456098351342,8804.56098351342,10136.629131307433,8804.56098351342,1.0891550599613262
1962-11-30,1.1142862700286555,0.0021511293948288657,1962-11-30,0.10440025726754487,1.0806687659601422,True,True,True,0,0.0,False,True,0.10440025726754487,0.0021511293948288657,0.10440025726754487,0.9723759415320009,1.0158434332196267,0.9723759415320009,9723.75941532001,10158.434332196266,9723.75941532001,1.0806687659601422
1962-12-31,1.132234996793919,0.0022188388645421053,1962-12-31,0.016107823678740862,1.0717275591526279,True,True,True,1,2.0,True,True,0.016107823678740862,0.016107823678740862,0.016107823678740862,0.988038801747648,1.0322064601271352,0.988038801747648,9880.38801747648,10322.064601271353,9880.38801747648,1.0717275591526279
1963-01-31,1.1910409992825222,0.0024748744666838185,1963-01-31,0.051937983417859934,1.069038016219516,True,True,True,1,2.0,True,True,0.051937983417859934,0.051937983417859934,0.051937983417859934,1.0393555446490195,1.0858171821370264,1.0393555446490195,10393.555446490194,10858.171821370264,10393.555446490194,1.069038016219516
1963-02-28,1.1593519629432196,0.0021654571393272537,1963-02-28,-0.026606167510935252,1.070432216202247,True,True,True,1,2.0,True,True,-0.026606167510935252,-0.026606167510935252,-0.026606167510935252,1.0117022769246684,1.056927748302837,1.0117022769246684,10117.022769246683,10569.27748302837,10117.022769246683,1.070432216202247
1963-03-31,1.2035361645402063,0.002401362114571093,1963-03-29,0.03811111984044713,1.0857969432468733,True,True,True,1,2.0,True,True,0.03811111984044713,0.03811111984044713,0.03811111984044713,1.0502593836433978,1.0972084483811004,1.0502593836433978,10502.593836433978,10972.084483811004,10502.593836433978,1.0857969432468733
1963-04-30,1.2651579574996483,0.0023773963962534506,1963-04-30,0.051200615964027696,1.115654656169081,True,True,True,0,0.0,False,True,0.051200615964027696,0.051200615964027696,0.051200615964027696,1.1040333110079399,1.1533861967791479,1.1040333110079399,11040.333110079398,11533.86196779148,11040.333110079398,1.115654656169081
1963-05-31,1.2867201512350877,0.002500006935536314,1963-05-31,0.017043084310241374,1.141246206347163,True,True,True,1,2.0,True,True,0.017043084310241374,0.017043084310241374,0.017043084310241374,1.122849443808763,1.1730434549731235,1.122849443808763,11228.494438087631,11730.434549731235,11228.494438087631,1.141246206347163
1963-06-30,1.2638003217823452,0.0022946095128031363,1963-06-28,-0.017812598513159417,1.1626595531100645,True,True,True,1,2.0,True,True,-0.017812598513159417,-0.017812598513159417,-0.017812598513159417,1.1028485774754733,1.1521485028711977,1.1028485774754733,11028.485774754732,11521.485028711977,11028.485774754732,1.1626595531100645
1963-07-31,1.2628006762067816,0.0025826975389362516,1963-07-31,-0.0007909837957263965,1.1887880976641783,True,True,True,1,2.0,True,True,-0.0007909837957263965,-0.0007909837957263965,-0.0007909837957263965,1.1019762421215502,1.1512371720751562,1.1019762421215502,11019.762421215502,11512.371720751562,11019.762421215502,1.1887880976641783
1963-08-31,1.3279073934744674,0.0027367010283074755,1963-08-30,0.05155739816615745,1.2206836893786854,True,True,True,0,0.0,False,True,0.05155739816615745,0.05155739816615745,0.05155739816615745,1.1587912700062568,1.210591965339516,1.1587912700062568,11587.912700062569,12105.91965339516,11587.912700062569,1.2206836893786854
1963-09-30,1.3164514385601829,0.0025977977947826414,1963-09-30,-0.008627073672893726,1.2409002062318382,True,True,True,0,0.0,False,True,-0.008627073672893726,-0.008627073672893726,-0.008627073672893726,1.1487942923484067,1.2001480992667188,1.1487942923484067,11487.942923484066,12001.480992667188,11487.942923484066,1.2409002062318382
1963-10-31,1.3626691862363656,0.003041232499657598,1963-10-31,0.03510782572179916,1.2639436251760827,True,True,True,0,0.0,False,True,0.03510782572179916,0.03510782572179916,0.03510782572179916,1.1891259621543722,1.2422826895761234,1.1891259621543722,11891.259621543722,12422.826895761234,11891.259621543722,1.2639436251760827
1963-11-30,1.3512615034711737,0.0024256670532121216,1963-11-29,-0.008371571677421863,1.2799656755949478,True,True,True,0,0.0,False,True,-0.008371571677421863,-0.008371571677421863,-0.008371571677421863,1.1791711089287136,1.2318828309967165,1.1791711089287136,11791.711089287135,12318.828309967164,11791.711089287135,1.2799656755949478
1963-12-31,1.3878294867622198,0.002887046578794905,1963-12-31,0.02706210692535005,1.3028134279768477,True,True,True,1,2.0,True,True,0.02706210692535005,0.02706210692535005,0.02706210692535005,1.211081963561826,1.2652201758886525,1.211081963561826,12110.81963561826,12652.201758886526,12110.81963561826,1.3028134279768477
1964-01-31,1.4287652245474907,0.0030247327004693236,1964-01-31,0.029496230030947812,1.3253363339775763,True,True,True,0,0.0,False,True,0.029496230030947812,0.029496230030947812,0.029496230030947812,1.2468043157453774,1.3025394012364604,1.2468043157453774,12468.043157453774,13025.394012364604,12468.043157453774,1.3253363339775763
1964-02-29,1.445978055026264,0.002611731033750564,1964-02-28,0.012047347025978317,1.3434183437302378,True,True,True,0,0.0,False,True,0.012047347025978317,0.012047347025978317,0.012047347025978317,1.2618250000106495,1.3182315454181661,1.2618250000106495,12618.250000106495,13182.315454181662,12618.250000106495,1.3434183437302378
1964-03-31,1.4714158012801135,0.002895503822544443,1964-03-31,0.017592069371611174,1.3618879087347406,True,True,True,0,0.0,False,True,0.017592069371611174,0.017592069371611174,0.017592069371611174,1.28402311294567,1.3414219662130087,1.28402311294567,12840.2311294567,13414.219662130086,12840.2311294567,1.3618879087347406
1964-04-30,1.4840630256732341,0.003038956965757178,1964-04-30,0.008595275640045141,1.3839141791238292,True,True,True,0,0.0,False,True,0.008595275640045141,0.008595275640045141,0.008595275640045141,1.2950596455296268,1.3529518577622208,1.2950596455296268,12950.596455296269,13529.518577622208,12950.596455296269,1.3839141791238292
1964-05-31,1.5044737356694018,0.0027109322054164053,1964-05-28,0.013753263603416332,1.4080814850700913,True,True,True,0,0.0,False,True,0.013753263603416332,0.013753263603416332,0.013753263603416332,1.3128709422167426,1.3715593613047565,1.3128709422167426,13128.709422167427,13715.593613047566,13128.709422167427,1.4080814850700913
1964-06-30,1.5330102477943481,0.0029908914733574044,1964-06-30,0.018967770223153435,1.4285917705020794,True,True,True,0,0.0,False,True,0.018967770223153435,0.018967770223153435,0.018967770223153435,1.3377731765813647,1.3975747841174002,1.3377731765813647,13377.731765813647,13975.747841174003,13377.731765813647,1.4285917705020794
1964-07-31,1.564878372122641,0.002990122144842511,1964-07-31,0.020787939528873922,1.4534344638583252,True,True,True,0,0.0,False,True,0.020787939528873922,0.020787939528873922,0.020787939528873922,1.3655827244794878,1.4266274842167117,1.3655827244794878,13655.827244794878,14266.274842167117,13655.827244794878,1.4534344638583252
1964-08-31,1.5431580594168979,0.002840132693338271,1964-08-31,-0.013879872770099722,1.4714833511763785,True,True,True,0,0.0,False,True,-0.013879872770099722,-0.013879872770099722,-0.013879872770099722,1.3466286100066664,1.4068260762454563,1.3466286100066664,13466.286100066665,14068.260762454564,13466.286100066665,1.4714833511763785
1964-09-30,1.5912666221072609,0.002872052073295439,1964-09-30,0.031175395415127705,1.4954838630399874,True,True,True,0,0.0,False,True,0.031175395415127705,0.031175395415127705,0.031175395415127705,1.388610289400948,1.450684435452721,1.388610289400948,13886.10289400948,14506.844354527211,13886.10289400948,1.4954838630399874
1964-10-31,1.6081352900925554,0.0030331911424468228,1964-10-30,0.010600780378938524,1.5175144433730208,True,True,True,1,1.0,False,True,0.010600780378938524,0.010600780378938524,0.010600780378938524,1.4033306421108218,1.4660628225520997,1.4033306421108218,14033.306421108218,14660.628225520997,14033.306421108218,1.5175144433730208
1964-11-30,1.6032542002505572,0.0026509227711557504,1964-11-30,-0.0030352482605597864,1.5349633409433274,True,True,True,1,1.0,False,True,-0.0030352482605597864,-0.0030352482605597864,-0.0030352482605597864,1.3990711852203648,1.4616129579200772,1.3990711852203648,13990.711852203647,14616.129579200771,13990.711852203647,1.5349633409433274
1964-12-31,1.613549438453446,0.0031338591537031224,1964-12-31,0.006421463421882656,1.5517204792860455,True,True,True,1,1.0,False,True,0.006421463421882656,0.006421463421882656,0.006421463421882656,1.4080552696608675,1.4709986520663108,1.4080552696608675,14080.552696608675,14709.986520663108,14080.552696608675,1.5517204792860455
1965-01-31,1.6708563744619767,0.0029950370586040442,1965-01-29,0.03551607074615459,1.5716645366042319,True,True,True,0,0.0,False,True,0.03551607074615459,0.03551607074615459,0.03551607074615459,1.4580638602326386,1.5232427442605958,1.4580638602326386,14580.638602326386,15232.427442605958,14580.638602326386,1.5716645366042319
1965-02-28,1.671995591250046,0.0028232248981532315,1965-02-26,0.0006818161066872719,1.590457793161913,True,True,True,1,1.0,False,True,0.0006818161066872719,0.0006818161066872719,0.0006818161066872719,1.4590579916571238,1.5242813156980273,1.4590579916571238,14590.579916571238,15242.813156980274,14590.579916571238,1.590457793161913
1965-03-31,1.6520370678000142,0.003524412142806632,1965-03-31,-0.011936947414502463,1.6052141263749742,True,True,True,1,1.0,False,True,-0.011936947414502463,-0.011936947414502463,-0.011936947414502463,1.4416412931360032,1.5060860497876314,1.4416412931360032,14416.412931360032,15060.860497876314,14416.412931360032,1.6052141263749742
1965-04-30,1.7126983345964568,0.003217449047940857,1965-04-30,0.03671907124773166,1.6231829350551852,True,True,True,0,0.0,False,True,0.03671907124773166,0.03671907124773166,0.03671907124773166,1.494577022492336,1.5613881307549982,1.494577022492336,14945.77022492336,15613.881307549982,14945.77022492336,1.6231829350551852
1965-05-31,1.70331801524706,0.0030640027130843794,1965-05-28,-0.005476924429664409,1.637026899367627,True,True,True,0,0.0,False,True,-0.005476924429664409,-0.005476924429664409,-0.005476924429664409,1.4863913370858326,1.5528365259574781,1.4863913370858326,14863.913370858327,15528.36525957478,14863.913370858327,1.637026899367627
1965-06-30,1.6245549536817856,0.0033337488582303454,1965-06-30,-0.046240960795480124,1.645166588794116,False,False,True,0,0.0,False,True,-0.046240960795480124,-0.046240960795480124,-0.046240960795480124,1.4176591735409054,1.4810318730388887,1.4176591735409054,14176.591735409054,14810.318730388888,14176.591735409054,1.645166588794116
1965-07-31,1.6503264724942153,0.0031128168457348337,1965-07-30,0.015863740868859333,1.6510725738328111,False,False,True,0,0.0,False,True,0.015863740868859333,0.0031128168457348337,0.015863740868859333,1.4401485513103196,1.4856420540023545,1.4401485513103196,14401.485513103196,14856.420540023544,14401.485513103196,1.6510725738328111
1965-08-31,1.6917352776076593,0.003295033685385418,1965-08-31,0.025091280909322666,1.6594325725843215,True,True,True,0,0.0,False,True,0.025091280909322666,0.003295033685385418,0.025091280909322666,1.4762837231624009,1.4905372946147175,1.4762837231624009,14762.83723162401,14905.372946147176,14762.83723162401,1.6594325725843215
1965-09-30,1.7500689561808158,0.0031480898028788395,1965-09-30,0.034481564193452385,1.6741140481773473,True,True,True,0,0.0,False,True,0.034481564193452385,0.034481564193452385,0.034481564193452385,1.5271882951303741,1.5419333520217098,1.5271882951303741,15271.882951303742,15419.333520217098,15271.882951303742,1.6741140481773473
1965-10-31,1.8022375091352858,0.0032094046775830165,1965-10-29,0.029809427091557428,1.6929828552455315,True,True,True,0,0.0,False,True,0.029809427091557428,0.029809427091557428,0.029809427091557428,1.572712903269143,1.5878975018588417,1.572712903269143,15727.12903269143,15878.975018588417,15727.12903269143,1.6929828552455315
1965-11-30,1.7905224229142795,0.003142862008199243,1965-11-30,-0.006500300965674111,1.7049494600907618,True,True,True,0,0.0,False,True,-0.006500300965674111,-0.006500300965674111,-0.006500300965674111,1.5624897960652944,1.5775756901941171,1.5624897960652944,15624.897960652943,15775.756901941171,15624.897960652943,1.7049494600907618
1965-12-31,1.8110887084870535,0.0035167570069243315,1965-12-31,0.011486192694141195,1.7188587718144628,True,True,True,0,0.0,False,True,0.011486192694141195,0.011486192694141195,0.011486192694141195,1.5804368549455297,1.5956960285612796,1.5804368549455297,15804.368549455297,15956.960285612795,15804.368549455297,1.7188587718144628
1966-01-31,1.8248316283315753,0.003586717580363885,1966-01-31,0.0075882091142860375,1.736138227867619,True,True,True,0,0.0,False,True,0.0075882091142860375,0.0075882091142860375,0.0075882091142860375,1.5924295402927808,1.6078045037088382,1.5924295402927808,15924.295402927808,16078.045037088383,15924.295402927808,1.736138227867619
1966-02-28,1.7966054910297045,0.0033916550426698056,1966-02-28,-0.015467803639329536,1.7445289435109435,True,True,True,0,0.0,False,True,-0.015467803639329536,-0.015467803639329536,-0.015467803639329536,1.5677981528540643,1.5829352993550403,1.5677981528540643,15677.981528540644,15829.352993550403,15677.981528540644,1.7445289435109435
1966-03-31,1.7626220129586838,0.004154660512140973,1966-03-31,-0.018915381390459562,1.750459343282106,True,True,True,1,1.0,False,True,-0.018915381390459562,-0.018915381390459562,-0.018915381390459562,1.5381426528495716,1.5529934744513185,1.5381426528495716,15381.426528495716,15529.934744513184,15381.426528495716,1.750459343282106
1966-04-30,1.8034074311130681,0.0035680773736874727,1966-04-29,0.0231390609299853,1.7683445910252342,True,True,True,0,0.0,False,True,0.0231390609299853,0.0231390609299853,0.0231390609299853,1.573733829412867,1.588928285080517,1.573733829412867,15737.33829412867,15889.282850805172,15737.33829412867,1.7683445910252342
1966-05-31,1.7103874105666135,0.0037715657149468562,1966-05-31,-0.05158014708248282,1.7743506848324742,False,False,True,0,0.0,False,True,-0.05158014708248282,-0.05158014708248282,-0.05158014708248282,1.4925604070230725,1.5069711304325468,1.4925604070230725,14925.604070230725,15069.711304325469,14925.604070230725,1.7743506848324742
1966-06-30,1.6875561844274078,0.003962140597465691,1966-06-30,-0.013348570036330054,1.7739327755144487,False,False,True,1,1.0,False,True,-0.013348570036330054,0.003962140597465691,-0.013348570036330054,1.4726368598964716,1.5129419619276423,1.4726368598964716,14726.368598964717,15129.419619276423,14726.368598964717,1.7739327755144487
1966-07-31,1.6691447544112636,0.0034995126505941165,1966-07-29,-0.010910113800087329,1.7658403553374935,False,False,True,1,1.0,False,True,-0.010910113800087329,0.0034995126505941165,-0.010910113800087329,1.456570224168798,1.5182365214630227,1.456570224168798,14565.702241687979,15182.365214630227,14565.702241687979,1.7658403553374935
1966-08-31,1.5439304520505226,0.00429430544328846,1966-08-31,-0.07501704212880345,1.7400096496290172,False,False,True,1,1.0,False,True,-0.07501704212880345,0.00429430544328846,-0.07501704212880345,1.3473026342987664,1.5247562928213407,1.3473026342987664,13473.026342987663,15247.562928213407,13473.026342987663,1.7400096496290172
1966-09-30,1.5372663186754951,0.004057776299913218,1966-09-30,-0.004316342984346688,1.7146840392051388,False,False,True,1,1.0,False,True,-0.004316342984346688,0.004057776299913218,-0.004316342984346688,1.341487214025419,1.5309434127694947,1.341487214025419,13414.87214025419,15309.434127694947,13414.87214025419,1.7146840392051388
1966-10-31,1.6147131795422496,0.004367739249108604,1966-10-31,0.050379599114278806,1.6950464863106585,False,False,True,1,1.0,False,True,0.050379599114278806,0.004367739249108604,0.050379599114278806,1.4090708020849503,1.5376301744016123,1.4090708020849503,14090.708020849503,15376.301744016124,14090.708020849503,1.6950464863106585
1966-11-30,1.6239214208397998,0.004143777196063514,1966-11-30,0.0057027101866851115,1.674955465561481,False,False,True,1,1.0,False,True,0.0057027101866851115,0.004143777196063514,0.0057027101866851115,1.4171063245017608,1.5440017712542768,1.4171063245017608,14171.063245017607,15440.017712542769,14171.063245017607,1.674955465561481
1966-12-31,1.6258878764879732,0.004328771233124362,1966-12-30,0.0012109302968343894,1.6578837041073076,False,False,True,2,2.0,True,False,0.0012109302968343894,0.004328771233124362,0.0012109302968343894,1.4188223414839356,1.5506854017055753,1.4188223414839356,14188.223414839356,15506.854017055754,14188.223414839356,1.6578837041073076
1967-01-31,1.7574044057124665,0.004033122027619962,1967-01-31,0.08088905214582076,1.657361943382686,True,True,True,2,2.0,True,True,0.004033122027619962,0.004033122027619962,0.08088905214582076,1.424544625122654,1.5569395051571029,1.5335895358498852,14245.446251226538,15569.39505157103,15335.895358498852,1.657361943382686
1967-02-28,1.7648600457937178,0.003477260757688505,1967-02-28,0.004242415722309989,1.6535072048507509,True,True,True,2,2.0,True,True,0.004242415722309989,0.004242415722309989,0.004242415722309989,1.4305881356374064,1.563544689792467,1.5400956602083449,14305.881356374064,15635.44689792467,15400.956602083448,1.6535072048507509
1967-03-31,1.8392465631496895,0.003888995543437357,1967-03-31,0.042148677756777886,1.6663931201090587,True,True,True,2,2.0,True,True,0.042148677756777886,0.042148677756777886,0.042148677756777886,1.490885533969057,1.629446031080851,1.6050086559050785,14908.85533969057,16294.46031080851,16050.086559050784,1.6663931201090587
1967-04-30,1.9215265996907762,0.0033164072574389802,1967-04-28,0.044735729395727786,1.6897901616353956,True,True,True,2,2.0,True,True,0.044735729395727786,0.044735729395727786,0.044735729395727786,1.5575813857767018,1.7023404877922266,1.6768098888134488,15575.813857767018,17023.404877922265,16768.09888813449,1.6897901616353956
1967-05-31,1.825556817458894,0.003285821237264175,1967-05-31,-0.04994455046697044,1.7054313679401585,True,True,True,2,2.0,True,True,-0.04994455046697044,-0.04994455046697044,-0.04994455046697044,1.4797886836483636,1.6173178573877207,1.5930623726980904,14797.886836483636,16173.178573877207,15930.623726980904,1.7054313679401585
1967-06-30,1.862420869521317,0.0030900733772032396,1967-06-30,0.02019331949017955,1.7372804096872378,True,True,True,2,3.0,True,True,0.02019331949017955,0.02019331949017955,0.02019331949017955,1.5096705293152273,1.6499768735991236,1.6252315901577663,15096.705293152272,16499.768735991234,16252.315901577664,1.7372804096872378
1967-07-31,1.951533730738834,0.002790420090987844,1967-07-31,0.0478478643983522,1.7787071508935717,True,True,True,3,4.0,True,True,0.0478478643983522,0.0478478643983522,0.0478478643983522,1.581905040088091,1.7289247433075117,1.7029954508995535,15819.05040088091,17289.247433075117,17029.954508995535,1.7787071508935717
1967-08-31,1.9339845029561,0.0037731619454794973,1967-08-31,-0.00899253110838627,1.810634283234957,True,True,True,3,4.0,True,True,-0.00899253110838627,-0.00899253110838627,-0.00899253110838627,1.5676797098045858,1.7133773337692602,1.687681211329899,15676.797098045858,17133.7733376926,16876.812113298987,1.810634283234957
1967-09-30,2.00217426394584,0.003324044392565506,1967-09-29,0.03525869048356478,1.8484595675455608,True,True,True,2,3.0,True,True,0.03525869048356478,0.03525869048356478,0.03525869048356478,1.6229540434699503,1.773788774862186,1.7471866407951075,16229.540434699504,17737.88774862186,17471.866407951075,1.8484595675455608
1967-10-31,1.936666998505882,0.003788359210240566,1967-10-31,-0.03271806386665754,1.8795374797473516,True,True,True,3,4.0,True,True,-0.03271806386665754,-0.03271806386665754,-0.03271806386665754,1.5698541294230504,1.7157538404402846,1.6900220766946024,15698.541294230503,17157.538404402847,16900.220766946022,1.8795374797473516
1967-11-30,1.9558703165345983,0.0035516979679690586,1967-11-30,0.009915653049043183,1.899384070829565,True,True,True,3,4.0,True,True,0.009915653049043183,0.009915653049043183,0.009915653049043183,1.585420258308017,1.7327666602396539,1.7067797492523296,15854.20258308017,17327.666602396537,17067.797492523296,1.899384070829565
1967-12-31,2.0120714277281087,0.0036746257207431743,1967-12-29,0.028734579546709105,1.9241052090230042,True,True,True,2,3.0,True,True,0.028734579546709105,0.028734579546709105,0.028734579546709105,1.630976642835333,1.7825569816741957,1.7558233477259328,16309.766428353329,17825.569816741958,17558.233477259328,1.9241052090230042
1968-01-31,1.929366330248487,0.00424462887726107,1968-01-31,-0.04110445401682716,1.9331171857328837,False,False,True,0,0.0,False,True,-0.04110445401682716,-0.04110445401682716,-0.04110445401682716,1.563936238417389,1.7092859501885946,1.6836511876676608,15639.36238417389,17092.859501885945,16836.511876676606,1.9331171857328837
1968-02-29,1.8737566960892003,0.003684639213164198,1968-02-29,-0.02882274521299677,1.9283401953727264,False,False,True,0,0.0,False,True,-0.02882274521299677,0.003684639213164198,-0.02882274521299677,1.5188593026881119,1.7155840522271701,1.6351237384579564,15188.593026881119,17155.8405222717,16351.237384579565,1.9283401953727264
1968-03-31,1.8965500124910715,0.004058184707587342,1968-03-29,0.01216450163964411,1.9354395148759438,False,False,True,0,0.0,False,True,0.01216450163964411,0.004058184707587342,0.01216450163964411,1.5373354691660501,1.7225462091924992,1.6550142038554492,15373.354691660501,17225.462091924994,16550.14203855449,1.9354395148759438
1968-04-30,2.054543603083789,0.004016587919060344,1968-04-30,0.08330578658729748,1.9546517882321912,True,True,True,0,0.0,False,True,0.08330578658729748,0.004016587919060344,0.08330578658729748,1.66540440967348,1.729464967486365,1.7928864639207773,16654.0440967348,17294.64967486365,17928.86463920777,1.9546517882321912
1968-05-31,2.086231040960248,0.0045958957879672635,1968-05-31,0.015423103130494331,1.9681215192543324,True,True,True,0,0.0,False,True,0.015423103130494331,0.015423103130494331,0.015423103130494331,1.691090113637854,1.7561386840404842,1.8205383367550947,16910.90113637854,17561.38684040484,18205.38336755095,1.9681215192543324
1968-06-30,2.109924408019457,0.0037210149682413984,1968-06-28,0.011357019713551741,1.9857155097606682,True,True,True,0,0.0,False,True,0.011357019713551741,0.011357019713551741,0.011357019713551741,1.7102958573958316,1.776083185694863,1.841214226534899,17102.958573958316,17760.83185694863,18412.14226534899,1.9857155097606682
1968-07-31,2.0755280012051327,0.003631241648646144,1968-07-30,-0.016302198639718712,1.9930508834865974,True,True,True,1,2.0,True,True,-0.016302198639718712,-0.016302198639718712,-0.016302198639718712,1.6824142745958768,1.7471291248010008,1.811198386475651,16824.14274595877,17471.29124801001,18111.98386475651,1.9930508834865974
1968-08-31,2.1042384161394505,0.0037024224814639073,1968-08-30,0.013832824668059018,2.009808025249954,True,True,True,0,0.0,False,True,0.013832824668059018,0.013832824668059018,0.013832824668059018,1.7056868162754013,1.7712968556568325,1.83625237619484,17056.868162754014,17712.968556568325,18362.5237619484,2.009808025249954
1968-09-30,2.1901779179769756,0.0033586000837411145,1968-09-30,0.04084114289444174,2.033238785394192,True,True,True,0,0.0,False,True,0.04084114289444174,0.04084114289444174,0.04084114289444174,1.7753490152720703,1.8436386436471885,1.9112470218812716,17753.490152720704,18436.386436471887,19112.470218812716,2.033238785394192
1968-10-31,2.211141113156595,0.003626738740048152,1968-10-31,0.009571457646227355,2.0531457539370406,True,True,True,0,0.0,False,True,0.009571457646227355,0.009571457646227355,0.009571457646227355,1.7923416931790184,1.8612849528398057,1.9295404418026865,17923.416931790183,18612.849528398056,19295.404418026865,2.0531457539370406
1968-11-30,2.3223330138600735,0.003522081744296912,1968-11-29,0.05028711195403668,2.092442422298199,True,True,True,0,0.0,False,True,0.05028711195403668,0.05028711195403668,0.05028711195403668,1.8824733805637994,1.9548835976416248,2.0265714580194594,18824.733805637996,19548.83597641625,20265.714580194595,2.092442422298199
1968-12-31,2.2309086997459238,0.003816891778572362,1968-12-31,-0.03936744367345857,2.1281576226638714,True,True,True,0,0.0,False,True,-0.03936744367345857,-0.03936744367345857,-0.03936744367345857,1.8083652157876688,1.8779248277233,1.9467905202956395,18083.652157876688,18779.248277233,19467.905202956394,2.1281576226638714
1969-01-31,2.2184881818545468,0.005073580567451552,1969-01-31,-0.005567470283652343,2.1603514396002192,True,True,True,0,0.0,False,True,-0.005567470283652343,-0.005567470283652343,-0.005567470283652343,1.7982971961867804,1.8674695370500176,1.9359518219253975,17982.971961867803,18674.695370500176,19359.518219253976,2.1603514396002192
1969-02-28,2.117950043877766,0.004264662334180214,1969-02-28,-0.04531831127120811,2.166692083679617,False,False,True,0,0.0,False,True,-0.04531831127120811,-0.04531831127120811,-0.04531831127120811,1.7168014040918471,1.782838971280486,1.8482177546533198,17168.01404091847,17828.38971280486,18482.1775465332,2.166692083679617
1969-03-31,2.1961549927473216,0.004725442815183278,1969-03-28,0.03692483167656291,2.1776844788583243,True,True,True,0,0.0,False,True,0.03692483167656291,0.004725442815183278,0.03692483167656291,1.7801940069600255,1.791263674887952,1.9164628841455287,17801.940069600256,17912.63674887952,19164.628841455287,2.1776844788583243
1969-04-30,2.2489679722021205,0.004886732660013937,1969-04-30,0.02404792905291786,2.1915888352765904,True,True,True,0,0.0,False,True,0.02404792905291786,0.02404792905291786,0.02404792905291786,1.8230039861398297,1.8343398566567264,1.9625498476160106,18230.039861398298,18343.398566567263,19625.498476160104,2.1915888352765904
1969-05-31,2.249629984914486,0.004954408184480563,1969-05-29,0.00029436289024475926,2.2089990336475256,True,True,True,1,2.0,True,True,0.00029436289024475926,0.00029436289024475926,0.00029436289024475926,1.8235406108621175,1.834879818238623,1.9631275494614042,18235.406108621173,18348.79818238623,19631.27549461404,2.2089990336475256
1969-06-30,2.1299522473103885,0.004914158751693654,1969-06-30,-0.05319885421452841,2.2115704167646197,False,False,True,1,2.0,True,False,-0.05319885421452841,-0.05319885421452841,-0.05319885421452841,1.7265303397505916,1.7372663142869662,1.8586914131530825,17265.303397505915,17372.663142869664,18586.914131530826,2.2115704167646197
1969-07-31,2.006816607704823,0.00523541846983,1969-07-31,-0.057811455520214494,2.1932342857374043,False,False,True,1,1.0,False,True,0.00523541846983,0.00523541846983,-0.057811455520214494,1.7355694485800437,1.7463616304357976,1.7512377571957785,17355.694485800435,17463.616304357976,17512.377571957786,2.1932342857374043
1969-08-31,2.0924938203094663,0.005654145387403053,1969-08-29,0.042693095261271186,2.1813695564526916,False,False,True,3,4.0,True,False,0.042693095261271186,0.005654145387403053,0.042693095261271186,1.8096662803808234,1.7562358129932638,1.8260035175888727,18096.662803808234,17562.35812993264,18260.035175888726,2.1813695564526916
1969-09-30,2.0452695153296445,0.005642580833388422,1969-09-30,-0.022568432232138003,2.1536632065996484,False,False,True,2,3.0,True,False,0.005642580833388422,0.005642580833388422,-0.022568432232138003,1.8198774686493295,1.7661455155305699,1.7847934809465227,18198.774686493296,17661.4551553057,17847.934809465227,2.1536632065996484
1969-10-31,2.1390084954665274,0.00626815767616673,1969-10-31,0.04583209177777947,2.144473186171709,False,False,True,1,2.0,True,False,0.00626815767616673,0.00626815767616673,0.04583209177777947,1.8312847475741267,1.7772159941009702,1.8665942995696463,18312.847475741266,17772.1599410097,18665.942995696463,2.144473186171709
1969-11-30,2.070814329288697,0.00511428082056975,1969-11-28,-0.03188120398884009,2.129705800915124,False,False,True,3,4.0,True,False,0.00511428082056975,0.00511428082056975,-0.03188120398884009,1.840650452035647,1.7863051757736106,1.8070850259406603,18406.50452035647,17863.051757736106,18070.850259406605,2.129705800915124
1969-12-31,2.037545158794327,0.006142497201710562,1969-12-31,-0.016065742845133513,2.12166531240678,False,False,True,1,1.0,False,True,0.006142497201710562,0.006142497201710562,-0.016065742845133513,1.8519566422866032,1.7972775503172012,1.7780528626146064,18519.56642286603,17972.77550317201,17780.528626146064,2.12166531240678
1970-01-31,1.8874139747525913,0.006294140713679841,1970-01-30,-0.07368238362411206,2.090791210607307,False,False,True,2,2.0,True,False,-0.07368238362411206,0.006294140713679841,-0.07368238362411206,1.7155000625144192,1.8085898681204353,1.6470416894874864,17155.000625144192,18085.898681204355,16470.416894874863,2.090791210607307
1970-02-28,1.9922974281909234,0.005728151555597805,1970-02-27,0.055569925221137906,2.0651241562061875,False,False,True,3,4.0,True,False,0.005728151555597805,0.005728151555597805,0.055569925221137906,1.7253267068661393,1.8189497449869478,1.7385676730084028,17253.267068661393,18189.49744986948,17385.67673008403,2.0651241562061875
1970-03-31,2.0012176340374257,0.00573723652334146,1970-03-31,0.004477346464579979,2.0402829211184814,False,False,True,4,5.0,True,False,0.00573723652334146,0.00573723652334146,0.004477346464579979,1.7352253142634682,1.8293854898980095,1.74635184283258,17352.253142634683,18293.854898980095,17463.5184283258,2.0402829211184814
1970-04-30,1.8259011468517934,0.005615540288513188,1970-04-30,-0.08760490823376066,2.0098778110726223,False,False,True,4,5.0,True,False,0.005615540288513188,0.005615540288513188,-0.08760490823376066,1.7449695419253626,1.8396584778197533,1.5933628498973729,17449.695419253625,18396.58477819753,15933.628498973729,2.0098778110726223
1970-05-31,1.7197610934477476,0.005269559835800797,1970-05-29,-0.05813022987966887,1.9811722596469146,False,False,True,3,4.0,True,False,0.005269559835800797,0.005269559835800797,-0.05813022987966887,1.7541647633381883,1.8493526682460628,1.5007403011511142,17541.647633381883,18493.52668246063,15007.403011511142,1.9811722596469146
1970-06-30,1.6388867914140905,0.005786797294139889,1970-06-30,-0.04702647498061585,1.9358115567573768,False,False,True,3,4.0,True,False,0.005786797294139889,0.005786797294139889,-0.04702647498061585,1.7643157592441492,1.8600544972625794,1.4301657749266294,17643.15759244149,18600.544972625794,14301.657749266295,1.9358115567573768
1970-07-31,1.7645752043008553,0.005652578512590045,1970-07-31,0.07669133313248344,1.907742125654498,False,False,True,3,4.0,True,False,0.005652578512590045,0.005652578512590045,0.07669133313248344,1.7742886925942767,1.8705686013460523,1.539847094806204,17742.886925942767,18705.686013460523,15398.47094806204,1.907742125654498
1970-08-31,1.8485925562860217,0.005220857132299139,1970-08-31,0.04761335860346905,1.8787005317364476,False,False,True,2,3.0,True,False,0.005220857132299139,0.005220857132299139,0.04761335860346905,1.7835520003697651,1.8803345727698446,1.6131643867257217,17835.520003697653,18803.345727698445,16131.643867257217,1.8787005317364476
1970-09-30,1.9174075631982683,0.0051799881326930475,1970-09-30,0.037225621556381094,1.8633598551274044,True,True,True,3,4.0,True,True,0.0051799881326930475,0.0051799881326930475,0.037225621556381094,1.7927907785657216,1.8900746835422848,1.6732154336942051,17927.907785657215,18900.746835422848,16732.15433694205,1.8633598551274044
1970-10-31,1.8995173217991648,0.005199213499087252,1970-10-30,-0.009330432268277011,1.8495570714278884,True,True,True,3,4.0,True,True,-0.009330432268277011,-0.009330432268277011,-0.009330432268277011,1.7760632656351225,1.8724394697255085,1.6576036104198857,17760.632656351227,18724.394697255084,16576.036104198858,1.8495570714278884
1970-11-30,1.995367587817038,0.004543718542495245,1970-11-30,0.050460327430490004,1.860352432734333,True,True,True,4,5.0,True,True,0.050460327430490004,0.050460327430490004,0.050460327430490004,1.8656839995563361,1.9669233784616307,1.7412468313516356,18656.83999556336,19669.233784616306,17412.468313516358,1.860352432734333
1970-12-31,2.1153096990704334,0.004486503463113634,1970-12-31,0.06011028343134206,1.872653659822284,True,True,True,3,4.0,True,True,0.06011028343134206,0.06011028343134206,0.06011028343134206,1.9778307935629873,2.0851557002286922,1.8459136719081086,19778.307935629873,20851.55700228692,18459.136719081085,1.872653659822284
1971-01-31,2.2060623763485907,0.003781043021708008,1971-01-29,0.04290278502388478,1.8931381340534004,True,True,True,3,4.0,True,True,0.04290278502388478,0.04290278502388478,0.04290278502388478,2.0626852429128397,2.174614686976932,1.925108509346632,20626.852429128397,21746.14686976932,19251.08509346632,1.8931381340534004
1971-02-28,2.2310091513129287,0.0032808010339320237,1971-02-26,0.011308281774710771,1.9336489344995136,True,True,True,3,4.0,True,True,0.011308281774710771,0.011308281774710771,0.011308281774710771,2.0860106688522357,2.1992058426086913,1.9468781788172171,20860.10668852236,21992.058426086915,19468.78178817217,1.9336489344995136
1971-03-31,2.31930269729009,0.003309208528588403,1971-03-31,0.03957560905799129,1.993603094883748,True,True,True,3,4.0,True,True,0.03957560905799129,0.03957560905799129,0.03957560905799129,2.1685658115735307,2.286240753273823,2.023927068505621,21685.658115735307,22862.40753273823,20239.270685056214,1.993603094883748
1971-04-30,2.4093473361539295,0.0027923848290656306,1971-04-30,0.03882401334204855,2.070649149357732,True,True,True,3,4.0,True,True,0.03882401334204855,0.03882401334204855,0.03882401334204855,2.2527582395751717,2.375001794782061,2.102504040016617,22527.582395751717,23750.017947820612,21025.04040016617,2.070649149357732
1971-05-31,2.314601401304682,0.003010367513937684,1971-05-28,-0.039324315522099695,2.125651769058115,True,True,True,2,3.0,True,True,-0.039324315522099695,-0.039324315522099695,-0.039324315522099695,2.164170063767108,2.2816064748384983,2.019824507760514,21641.700637671078,22816.064748384983,20198.24507760514,2.125651769058115
1971-06-30,2.2988758065328496,0.0035710100027448455,1971-06-30,-0.006794083319472732,2.1706800940827975,True,True,True,2,3.0,True,True,-0.006794083319472732,-0.006794083319472732,-0.006794083319472732,2.1494665120363656,2.266105050346197,2.006101651764076,21494.665120363657,22661.05050346197,20061.01651764076,2.1706800940827975
1971-07-31,2.2316553489365227,0.0038746849921285076,1971-07-30,-0.029240578114443028,2.202104872656623,True,True,True,2,2.0,True,True,-0.029240578114443028,-0.029240578114443028,-0.029240578114443028,2.086614868586787,2.199842828606015,1.9474420797101555,20866.14868586787,21998.428286060152,19474.420797101553,2.202104872656623
1971-08-31,2.3181372222705408,0.004584524641505272,1971-08-31,0.03875234290780161,2.2439668627037603,True,True,True,2,2.0,True,True,0.03875234290780161,0.03875234290780161,0.03875234290780161,2.1674760834907794,2.2850918922434236,2.022910022976166,21674.760834907793,22850.918922434237,20229.100229761658,2.2439668627037603
1971-09-30,2.3076198903080107,0.004016795235066706,1971-09-30,-0.004536975577411506,2.275192092952858,True,True,True,2,3.0,True,True,-0.004536975577411506,-0.004536975577411506,-0.004536975577411506,2.157642297435358,2.274724486136174,2.013732129606622,21576.422974353583,22747.244861361738,20137.32129606622,2.275192092952858
1971-10-31,2.216588172599867,0.003826754761649065,1971-10-29,-0.03944831559585538,2.2853199403058015,False,False,True,2,3.0,True,False,-0.03944831559585538,-0.03944831559585538,-0.03944831559585538,2.0725269431431617,2.1849904367134543,1.934293789032386,20725.269431431618,21849.904367134543,19342.937890323858,2.2853199403058015
1971-11-30,2.216354183362022,0.0036336277558357555,1971-11-30,-0.00010556279273599145,2.2863491210071443,False,False,True,0,0.0,False,True,0.0036336277558357555,0.0036336277558357555,-0.00010556279273599145,2.080057734568484,2.192929878610532,1.9340895995780438,20800.57734568484,21929.29878610532,19340.89599578044,2.2863491210071443
1971-12-31,2.4135316007183834,0.0036069975345005556,1971-12-31,0.08896475971058915,2.30460136594769,True,True,True,1,2.0,True,True,0.08896475971058915,0.0036069975345005556,0.08896475971058915,2.2651095711085216,2.2008397712760126,2.1061554160632543,22651.095711085218,22008.397712760125,21061.554160632542,2.30460136594769
1972-01-31,2.4627617469075744,0.00325759041026652,1972-01-31,0.020397556085256063,2.318947270909438,True,True,True,1,2.0,True,True,0.020397556085256063,0.020397556085256063,0.020397556085256063,2.311312270624458,2.245731523945277,2.1491158392866705,23113.12270624458,22457.31523945277,21491.158392866706,2.318947270909438
1972-02-29,2.5304533300141254,0.0026347506202093474,1972-02-29,0.027486046180289048,2.331057870295458,True,True,True,0,0.0,False,True,0.027486046180289048,0.027486046180289048,0.027486046180289048,2.3748411064319104,2.307457804320968,2.2081865364920947,23748.411064319105,23074.57804320968,22081.86536492095,2.331057870295458
1972-03-31,2.551374438899156,0.0027536680302506777,1972-03-30,0.008267731570814618,2.354735174054905,True,True,True,0,0.0,False,True,0.008267731570814618,0.008267731570814618,0.008267731570814618,2.394475655223226,2.326535246058075,2.226443230034098,23944.75655223226,23265.35246058075,22264.43230034098,2.354735174054905
1972-04-30,2.5680165818141525,0.002910670932199544,1972-04-28,0.006522814786126485,2.3816492515830356,True,True,True,0,0.0,False,True,0.006522814786126485,0.006522814786126485,0.006522814786126485,2.4100943764321356,2.341710804561507,2.2409659068554357,24100.943764321357,23417.10804561507,22409.659068554356,2.3816492515830356
1972-05-31,2.618498085434553,0.003184547954977246,1972-05-31,0.019657779462131986,2.420333525232839,True,True,True,0,0.0,False,True,0.019657779462131986,0.019657779462131986,0.019657779462131986,2.457471480166963,2.387743639121669,2.2850183204345567,24574.71480166963,23877.43639121669,22850.183204345565,2.420333525232839
1972-06-30,2.5673606311855037,0.0031768621442631595,1972-06-30,-0.019529307481071845,2.445255866124335,True,True,True,0,0.0,False,True,-0.019529307481071845,-0.019529307481071845,-0.019529307481071845,2.4094787640048176,2.341112659407288,2.240393495054908,24094.787640048176,23411.12659407288,22403.93495054908,2.445255866124335
1972-07-31,2.5788303244042337,0.0030513622692347475,1972-07-31,0.004467503738823764,2.472376909533957,True,True,True,0,0.0,False,True,0.004467503738823764,0.004467503738823764,0.004467503738823764,2.4202431193916256,2.351571588966198,2.250402461370502,24202.431193916254,23515.71588966198,22504.02461370502,2.472376909533957
1972-08-31,2.674213798571177,0.0035699982529333596,1972-08-31,0.036987107396830865,2.518139472131088,True,True,True,0,0.0,False,True,0.036987107396830865,0.036987107396830865,0.036987107396830865,2.509760911575005,2.438549419878627,2.3336383388953053,25097.60911575005,24385.49419878627,23336.383388953054,2.518139472131088
1972-09-30,2.6668809098780324,0.003132913407299709,1972-09-29,-0.002742072715750221,2.563192144782689,True,True,True,0,0.0,False,True,-0.002742072715750221,-0.002742072715750221,-0.002742072715750221,2.5028789646563188,2.4318627400483694,2.3272393328777916,25028.78964656319,24318.627400483696,23272.393328777915,2.563192144782689
1972-10-31,2.6980331894397622,0.003987269428504581,1972-10-31,0.011681166356676487,2.591642303654827,True,True,True,0,0.0,False,True,0.011681166356676487,0.011681166356676487,0.011681166356676487,2.5321155102130954,2.4602697332714776,2.3544242026769377,25321.155102130953,24602.697332714775,23544.242026769378,2.591642303654827
1972-11-30,2.8271171517397167,0.003683752057933143,1972-11-30,0.047843726609885895,2.6280778441380415,True,True,True,0,0.0,False,True,0.047843726609885895,0.047843726609885895,0.047843726609885895,2.6532613524283826,2.577978205776695,2.467068630553512,26532.613524283825,25779.78205776695,24670.68630553512,2.6280778441380415
1972-12-31,2.86634276485197,0.0035266876400410485,1972-12-29,0.013874774551919433,2.661666787621826,True,True,True,0,0.0,False,True,0.013874774551919433,0.013874774551919433,0.013874774551919433,2.690074755520647,2.6137470721816087,2.5012986516065543,26900.74755520647,26137.470721816087,25012.986516065543,2.661666787621826
1973-01-31,2.8244345799700725,0.004142761963026986,1973-01-31,-0.014620786249219586,2.688972801728917,True,True,True,0,0.0,False,True,-0.014620786249219586,-0.014620786249219586,-0.014620786249219586,2.650743747525758,2.5755320349297177,2.464727698675954,26507.43747525758,25755.320349297177,24647.276986759538,2.688972801728917
1973-02-28,2.724777680400066,0.003987532255540049,1973-02-28,-0.035283840623089424,2.7046489115875088,True,True,True,0,0.0,False,True,-0.035283840623089424,-0.035283840623089424,-0.035283840623089424,2.5572153276054084,2.4846573730895964,2.3777626393765576,25572.153276054083,24846.573730895965,23777.626393765575,2.7046489115875088
1973-03-31,2.7280973564758817,0.004768237098722539,1973-03-30,0.0012183291501890459,2.7156088386916415,True,True,True,0,0.0,False,True,0.0012183291501890459,0.0012183291501890459,0.0012183291501890459,2.5603308575823402,2.487684503595464,2.3806595369123404,25603.3085758234,24876.845035954637,23806.595369123406,2.7156088386916415
1973-04-30,2.6231063022709673,0.0047092810376934136,1973-04-30,-0.038485083369803386,2.721183405800188,False,False,True,0,0.0,False,True,-0.038485083369803386,-0.038485083369803386,-0.038485083369803386,2.4617963110740035,2.391945758076824,2.2890396561591513,24617.963110740035,23919.45758076824,22890.39656159151,2.721183405800188
1973-05-31,2.580404382175296,0.005318668833489415,1973-05-31,-0.016279142045711903,2.7213408115772943,False,False,True,0,0.0,False,True,-0.016279142045711903,0.005318668833489415,-0.016279142045711903,2.4217203792384203,2.404667725431705,2.251776054448269,24217.203792384204,24046.67725431705,22517.76054448269,2.7213408115772943
1973-06-30,2.5699352519452403,0.005151505307475546,1973-06-29,-0.0040571665055189055,2.7109129569147004,False,False,True,0,0.0,False,True,-0.0040571665055189055,0.005151505307475546,-0.0040571665055189055,2.411895056430042,2.4170553839819813,2.242640224062232,24118.95056430042,24170.55383981981,22426.40224062232,2.7109129569147004
1973-07-31,2.674305997989124,0.005833253596082111,1973-07-31,0.04061220840676172,2.71165546572581,False,False,True,1,1.0,False,True,0.04061220840676172,0.005833253596082111,0.04061220840676172,2.509847441117017,2.431154680992524,2.333718796223234,25098.47441117017,24311.54680992524,23337.187962232343,2.71165546572581
1973-08-31,2.5833509925374365,0.0070818051583509956,1973-08-31,-0.03401069493172393,2.7001872460355774,False,False,True,0,0.0,False,True,-0.03401069493172393,0.0070818051583509956,-0.03401069493172393,2.424485785472018,2.448371644753126,2.2543473981884556,24244.85785472018,24483.71644753126,22543.473981884556,2.7001872460355774
1973-09-30,2.69309235022759,0.0062886036189770955,1973-09-28,0.04248023517019761,2.686784765884364,True,True,True,1,1.0,False,True,0.04248023517019761,0.0062886036189770955,0.04248023517019761,2.5274785118056706,2.4637684835389213,2.350112605818824,25274.785118056705,24637.684835389213,23501.12605818824,2.686784765884364
1973-10-31,2.6970806528378684,0.007255761559428198,1973-10-31,0.0014809379299380865,2.6698585546829543,True,True,True,1,1.0,False,True,0.0014809379299380865,0.0014809379299380865,0.0014809379299380865,2.531221550600907,2.46741717173678,2.3535929767164068,25312.21550600907,24674.1717173678,23535.929767164067,2.6698585546829543
1973-11-30,2.396044740126749,0.005848935342808614,1973-11-30,-0.1116154655569418,2.6270195706986224,False,False,True,1,1.0,False,True,-0.1116154655569418,-0.1116154655569418,-0.1116154655569418,2.2486980788028226,2.192015255390187,2.0908956008886563,22486.980788028224,21920.15255390187,20908.956008886562,2.6270195706986224
1973-12-31,2.441623792915481,0.005986835001554169,1973-12-31,0.019022621750510726,2.5987041819501635,False,False,True,3,3.0,True,False,0.019022621750510726,0.005986835001554169,0.019022621750510726,2.291474211786989,2.2051384890450976,2.1306699170241683,22914.74211786989,22051.384890450976,21306.69917024168,2.5987041819501635
1974-01-31,2.426218182922305,0.006304685513531139,1974-01-31,-0.006309575634820042,2.568516264594806,False,False,True,4,5.0,True,False,0.006304685513531139,0.006304685513531139,-0.006309575634820042,2.3059212360546724,2.21904119373231,2.1172262940298685,23059.212360546724,22190.4119373231,21172.262940298686,2.568516264594806
1974-02-28,2.425303146829065,0.005633683042339799,1974-02-28,-0.00037714501510244247,2.5487359490506156,False,False,True,4,5.0,True,False,0.005633683042339799,0.005633683042339799,-0.00037714501510244247,2.318912065419205,2.2315425684756933,2.1164277926872312,23189.120654192047,22315.425684756934,21164.277926872313,2.5487359490506156
1974-03-31,2.377376248195265,0.00574808347996969,1974-03-29,-0.019761199211925873,2.5284331356526124,False,False,True,4,5.0,True,False,0.00574808347996969,0.00574808347996969,-0.019761199211925873,2.3322413655539433,2.2443696614483977,2.0746046414582824,23322.413655539433,22443.696614483975,20746.046414582823,2.5284331356526124
1974-04-30,2.29276785844626,0.0064166258104774165,1974-04-30,-0.03558897747600276,2.500716396302715,False,False,True,4,5.0,True,False,0.0064166258104774165,0.0064166258104774165,-0.03558897747600276,2.34720648569642,2.2587709417462998,2.000771583601813,23472.0648569642,22587.709417462996,20007.71583601813,2.500716396302715
1974-05-31,2.2242067167105275,0.0070059318952171434,1974-05-31,-0.029903220024287247,2.4557064681748546,False,False,True,4,5.0,True,False,0.0070059318952171434,0.0070059318952171434,-0.029903220024287247,2.363650854479221,2.2745957371310697,1.9409420707190264,23636.50854479221,22745.9573713107,19409.420707190264,2.4557064681748546
1974-06-30,2.1991066291143446,0.006296598396988484,1974-06-28,-0.0112849616933558,2.417282031832545,False,False,True,4,5.0,True,False,0.006296598396988484,0.006296598396988484,-0.0112849616933558,2.3785338146605755,2.288917953003286,1.9190386138019395,23785.338146605754,22889.179530032863,19190.386138019396,2.417282031832545
1974-07-31,2.035691367804115,0.00664705010592237,1974-07-31,-0.07430983979891981,2.351541933590198,False,False,True,5,6.0,True,False,0.00664705010592237,0.00664705010592237,-0.07430983979891981,2.394344048105255,2.3041325053252444,1.7764351618423762,23943.440481052552,23041.325053252443,17764.351618423763,2.351541933590198
1974-08-31,1.8589020451631135,0.006374535922200719,1974-08-30,-0.0868448554810658,2.2677240728227224,False,False,True,4,5.0,True,False,0.006374535922200719,0.006374535922200719,-0.0868448554810658,2.4096068802500095,2.3188202807499505,1.6221609069406913,24096.068802500096,23188.202807499503,16221.609069406913,2.2677240728227224
1974-09-30,1.642686913843548,0.006800474937889156,1974-09-30,-0.11631335383279606,2.192388290194402,False,False,True,5,6.0,True,False,0.006800474937889156,0.006800474937889156,-0.11631335383279606,2.425993351449315,2.3345893599546597,1.4334819313979692,24259.93351449315,23345.893599546598,14334.819313979691,2.192388290194402
1974-10-31,1.9180616457764221,0.007077748081151247,1974-10-31,0.1676367721762353,2.1400320754804967,False,False,True,5,6.0,True,False,0.007077748081151247,0.007077748081151247,0.1676367721762353,2.443163921237421,2.351112995317355,1.6737862153504803,24431.63921237421,23511.12995317355,16737.862153504804,2.1400320754804967
1974-11-30,1.8222896784564684,0.005726532616606939,1974-11-29,-0.0499316419421888,2.079639225033913,False,False,True,5,6.0,True,False,0.005726532616606939,0.005726532616606939,-0.0499316419421888,2.4571547791201045,2.3645767205703683,1.5902113213578288,24571.547791201046,23645.767205703683,15902.113213578288,2.079639225033913
1974-12-31,1.792000466337312,0.006009615052585238,1974-12-31,-0.016621513295741353,2.0163089569847377,False,False,True,5,6.0,True,False,0.006009615052585238,0.006009615052585238,-0.016621513295741353,2.4719213334672365,2.3787869164233006,1.5637796027368414,24719.213334672364,23787.869164233005,15637.796027368413,2.0163089569847377
1975-01-31,2.0191269494376596,0.006013920129701145,1975-01-31,0.1267446562469785,1.980484027108977,True,True,True,5,6.0,True,True,0.006013920129701145,0.006013920129701145,0.1267446562469785,2.486787270933613,2.3930927509442483,1.7619803109317589,24867.87270933613,23930.927509442485,17619.80310931759,1.980484027108977
1975-02-28,2.1465150459892475,0.004559880622850843,1975-02-28,0.06309068213222857,1.9658587458632755,True,True,True,5,6.0,True,True,0.06309068213222857,0.06309068213222857,0.06309068213222857,2.6436803761745575,2.544074605007012,1.8731448506519996,26436.803761745574,25440.746050070124,18731.448506519995,1.9658587458632755
1975-03-31,2.200062776973501,0.004257930396339482,1975-03-31,0.024946357158924792,1.9634443518895732,True,True,True,5,6.0,True,True,0.024946357158924792,0.024946357158924792,0.024946357158924792,2.7096305710526485,2.6075399987424674,1.9198729911067653,27096.305710526485,26075.399987424673,19198.729911067654,1.9634443518895732
1975-04-30,2.312118016229304,0.00468135348757448,1975-04-30,0.050932746296426634,1.974745490601069,True,True,True,5,6.0,True,True,0.050932746296426634,0.050932746296426634,0.050932746296426634,2.8476394974851145,2.7403491719562023,2.017657395084168,28476.394974851144,27403.491719562022,20176.573950841677,1.974745490601069
1975-05-31,2.42215413878168,0.004558933608843185,1975-05-30,0.0475910493236098,2.0133917676988258,True,True,True,5,6.0,True,True,0.0475910493236098,0.0475910493236098,0.0475910493236098,2.983161649265788,2.8707652645626833,2.1136798276917648,29831.616492657882,28707.652645626833,21136.79827691765,2.0133917676988258
1975-06-30,2.5379659568793906,0.0042613870262899756,1975-06-30,0.04781356241678458,2.0812981588704536,True,True,True,5,6.0,True,True,0.04781356241678458,0.04781356241678458,0.04781356241678458,3.125797234982316,3.008026778723788,2.2147423900622036,31257.97234982316,30080.26778723788,22147.423900622038,2.0812981588704536
1975-07-31,2.374549300932901,0.004581806432494284,1975-07-31,-0.06438882897681664,2.154484397579389,True,True,True,5,6.0,True,True,-0.06438882897681664,-0.06438882897681664,-0.06438882897681664,2.9245308114028337,2.8143434569108576,2.0721377210807823,29245.308114028336,28143.434569108576,20721.377210807823,2.154484397579389
1975-08-31,2.3322869673361244,0.004970191610520036,1975-08-29,-0.017798044277359315,2.195906929735359,True,True,True,4,5.0,True,True,-0.017798044277359315,-0.017798044277359315,-0.017798044277359315,2.8724798825309845,2.764253647453062,2.0352577221722,28724.798825309845,27642.536474530618,20352.577221722,2.195906929735359
1975-09-30,2.2590102524784634,0.005213737110826067,1975-09-30,-0.031418395713695424,2.239578987137558,True,True,True,3,4.0,True,True,-0.031418395713695424,-0.031418395713695424,-0.031418395713695424,2.7822311729019966,2.6774052325043556,1.9713131896776392,27822.311729019966,26774.052325043554,19713.13189677639,2.239578987137558
1975-10-31,2.4070443504661383,0.005677983705487444,1975-10-31,0.0655305117917282,2.301083375550441,True,True,True,3,4.0,True,True,0.0655305117917282,0.0655305117917282,0.0655305117917282,2.9645522055851647,2.852856967664217,2.100494351898999,29645.52205585165,28528.569676642168,21004.943518989992,2.301083375550441
1975-11-30,2.4739762531935785,0.004374373451423441,1975-11-28,0.027806676148064424,2.346568305926033,True,True,True,3,4.0,True,True,0.027806676148064424,0.027806676148064424,0.027806676148064424,3.0469865486899015,2.932185437460805,2.158902118093093,30469.865486899016,29321.85437460805,21589.02118093093,2.346568305926033
1975-12-31,2.4540704933913484,0.004666993833557731,1975-12-31,-0.008046059365579783,2.377323850666243,True,True,True,2,2.0,True,True,-0.008046059365579783,-0.008046059365579783,-0.008046059365579783,3.0224703140330194,2.908592899360107,2.14153146348644,30224.703140330195,29085.92899360107,21415.3146348644,2.377323850666243
1976-01-31,2.752789173802242,0.004424081209780217,1976-01-30,0.1217237570050751,2.432596490349117,True,True,True,0,0.0,False,True,0.1217237570050751,0.1217237570050751,0.1217237570050751,3.3903767560934277,3.2626377546685035,2.4022067189665863,33903.76756093428,32626.377546685035,24022.067189665864,2.432596490349117
1976-02-29,2.7289264061286156,0.0035916517822840444,1976-02-27,-0.008668578001077454,2.4742773293390483,True,True,True,0,0.0,False,True,-0.008668578001077454,-0.008668578001077454,-0.008668578001077454,3.360987010730192,3.2343553248028996,2.381383002648512,33609.87010730192,32343.553248028995,23813.83002648512,2.4742773293390483
1976-03-31,2.8220910912635535,0.004362729354648431,1976-03-31,0.03413968398917211,2.5142710245872353,True,True,True,0,0.0,False,True,0.03413968398917211,0.03413968398917211,0.03413968398917211,3.475730045168233,3.3447751935003667,2.4626826658161183,34757.300451682335,33447.75193500367,24626.826658161182,2.5142710245872353
1976-04-30,2.7995916487516297,0.004068807691359533,1976-04-30,-0.007972613847078147,2.5404335937744595,True,True,True,0,0.0,False,True,-0.007972613847078147,-0.007972613847078147,-0.007972613847078147,3.4480193916814192,3.318108592477302,2.4430486478936735,34480.19391681419,33181.08592477302,24430.486478936735,2.5404335937744595
1976-05-31,2.767408703487435,0.003773446124674562,1976-05-28,-0.011495585536035358,2.5797195340299126,True,True,True,0,0.0,False,True,-0.011495585536035358,-0.011495585536035358,-0.011495585536035358,3.4083823898344368,3.279964991334625,2.4149643731931163,34083.823898344366,32799.64991334625,24149.643731931163,2.5797195340299126
1976-06-30,2.889892934749693,0.00444334538274016,1976-06-30,0.044259538212735094,2.6354801307712696,True,True,True,1,1.0,False,True,0.044259538212735094,0.044259538212735094,0.044259538212735094,3.5592358204609273,3.4251347272050334,2.521849581150851,35592.35820460927,34251.347272050334,25218.49581150851,2.6354801307712696
1976-07-31,2.8753757656413814,0.004400263040966967,1976-07-30,-0.005023428007919883,2.697116682087562,True,True,True,0,0.0,False,True,-0.005023428007919883,-0.005023428007919883,-0.005023428007919883,3.5413562555536324,3.4079288094854925,2.509181251333137,35413.56255553632,34079.28809485493,25091.81251333137,2.697116682087562
1976-08-31,2.869803372701937,0.004456989270030576,1976-08-31,-0.0019379703362706335,2.7433925843111413,True,True,True,0,0.0,False,True,-0.0019379703362706335,-0.0019379703362706335,-0.0019379703362706335,3.534493212180203,3.4013243445445873,2.504318532499727,35344.932121802034,34013.24344544587,25043.18532499727,2.7433925843111413
1976-09-30,2.9437486732060245,0.004183344775947839,1976-09-30,0.025766678375064966,2.790369826312386,True,True,True,0,0.0,False,True,0.025766678375064966,0.025766678375064966,0.025766678375064966,3.6255653619973005,3.4889651749797466,2.568846502675362,36255.653619973,34889.651749797464,25688.46502675362,2.790369826312386
1976-10-31,2.8870920408679694,0.004137852270336584,1976-10-29,-0.019246423057016848,2.833671981060048,True,True,True,0,0.0,False,True,-0.019246423057016848,-0.019246423057016848,-0.019246423057016848,3.555786197219434,3.4218150751908873,2.519405396116334,35557.86197219434,34218.15075190887,25194.05396116334,2.833671981060048
1976-11-30,2.872984097382338,0.003812558046209613,1976-11-30,-0.00488655826898754,2.845691473418058,True,True,True,1,2.0,True,True,-0.00488655826898754,-0.00488655826898754,-0.00488655826898754,3.53841064077466,3.405094176440267,2.50709417484501,35384.1064077466,34050.94176440267,25070.9417484501,2.845691473418058
1976-12-31,3.0334914908708823,0.004044324059224724,1976-12-31,0.05586783220790803,2.8761479818922844,True,True,True,1,2.0,True,True,0.05586783220790803,0.05586783220790803,0.05586783220790803,3.736093972736135,3.5953294065417567,2.6471600915346745,37360.93972736135,35953.29406541757,26471.600915346746,2.8761479818922844
1977-01-31,2.891230074452984,0.0035649644341704256,1977-01-31,-0.04689692285144886,2.883061880211227,True,True,True,1,2.0,True,True,-0.04689692285144886,-0.04689692285144886,-0.04689692285144886,3.5608826619309655,3.4267195207376226,2.5230164289465384,35608.82661930966,34267.19520737623,25230.164289465385,2.883061880211227
1977-02-28,2.8383972353967226,0.003412970860109832,1977-02-28,-0.01827348142338936,2.8869424388757365,False,False,True,1,1.0,False,True,-0.01827348142338936,-0.01827348142338936,-0.01827348142338936,3.4958129387573007,3.364101425232258,2.4769121351012777,34958.129387573004,33641.01425232258,24769.121351012778,2.8869424388757365
1977-03-31,2.8103199698664776,0.004171793833264381,1977-03-31,-0.009891943657534097,2.891233565513641,False,False,True,0,0.0,False,True,-0.009891943657534097,0.004171793833264381,-0.009891943657534097,3.4612325541298348,3.378135762812518,2.452410659816193,34612.32554129835,33781.35762812518,24524.106598161932,2.891233565513641
1977-04-30,2.821134966657472,0.003575692323001256,1977-04-29,0.003848315105382305,2.884357768704419,False,False,True,0,0.0,False,True,0.003848315105382305,0.003575692323001256,0.003848315105382305,3.4745524676511335,3.3902149369256627,2.4618483088029643,34745.52467651133,33902.14936925663,24618.483088029643,2.884357768704419
1977-05-31,2.765189157779846,0.0037227889567834627,1977-05-31,-0.019830957943820615,2.873339107918265,False,False,True,0,0.0,False,True,-0.019830957943820615,0.0037227889567834627,-0.019830957943820615,3.405648763791546,3.402835991653972,2.413027498527027,34056.48763791546,34028.35991653972,24130.27498527027,2.873339107918265
1977-06-30,2.90220794075332,0.004237415044031634,1977-06-30,0.049551323672730296,2.8765795647234036,True,True,True,0,0.0,False,True,0.049551323672730296,0.004237415044031634,0.049551323672730296,3.5744031680018145,3.417255220077379,2.532596205137738,35744.031680018146,34172.55220077379,25325.96205137738,2.8765795647234036
1977-07-31,2.865011646461426,0.003699810886731436,1977-07-29,-0.012816550382064862,2.8687058620489436,False,False,True,0,0.0,False,True,-0.012816550382064862,-0.012816550382064862,-0.012816550382064862,3.5285916497133067,3.373457796380883,2.500137058277164,35285.91649713307,33734.577963808835,25001.37058277164,2.8687058620489436
1977-08-31,2.8164837941109298,0.004640109648532897,1977-08-31,-0.01693809950491232,2.86164503737324,False,False,True,0,0.0,False,True,-0.01693809950491232,0.004640109648532897,-0.01693809950491232,3.46882401323826,3.3891110104507884,2.457789488008147,34688.2401323826,33891.11010450788,24577.89488008147,2.86164503737324
1977-09-30,2.820250300404131,0.004475837410959249,1977-09-30,0.0013373079941296773,2.856371657675419,False,False,True,0,0.0,False,True,0.0013373079941296773,0.004475837410959249,0.0013373079941296773,3.4734628993213925,3.404280120301258,2.461076309538348,34734.628993213926,34042.801203012576,24610.76309538348,2.856371657675419
1977-10-31,2.708158191783495,0.00473049546840798,1977-10-31,-0.03974544692170545,2.8238383277666808,False,False,True,0,0.0,False,True,-0.03974544692170545,0.00473049546840798,-0.03974544692170545,3.335408564021901,3.4203840519835342,2.363259731707325,33354.08564021901,34203.84051983534,23632.59731707325,2.8238383277666808
1977-11-30,2.7918286386493056,0.004991607007127641,1977-11-30,0.03089570141052511,2.813898184186313,False,False,True,0,0.0,False,True,0.03089570141052511,0.004991607007127641,0.03089570141052511,3.43845835109803,3.437457264984483,2.4362742987336725,34384.5835109803,34374.57264984483,24362.742987336725,2.813898184186313
1977-12-31,2.810491859677001,0.004946515448805311,1977-12-30,0.006684945046170343,2.8111076466143405,False,False,True,0,0.0,False,True,0.006684945046170343,0.004946515448805311,0.006684945046170343,3.461444256218666,3.454460700450337,2.452560658538104,34614.44256218666,34544.60700450337,24525.60658538104,2.8111076466143405
1978-01-31,2.6488684499720283,0.004936719495012509,1978-01-31,-0.057507161655165784,2.7949624946248957,False,False,True,0,0.0,False,True,-0.057507161655165784,0.004936719495012509,-0.057507161655165784,3.262386421815954,3.4715144039350045,2.3115208562784537,32623.86421815954,34715.144039350045,23115.208562784537,2.7949624946248957
1978-02-28,2.5932546989998193,0.004717074212363448,1978-02-28,-0.020995286108978495,2.77217446785913,False,False,True,0,0.0,False,True,-0.020995286108978495,0.004717074212363448,-0.020995286108978495,3.1938916854918813,3.487889795007655,2.262989814554017,31938.916854918814,34878.89795007655,22629.89814554017,2.77217446785913
1978-03-31,2.669797224013362,0.005465717486708099,1978-03-31,0.02951600744927374,2.7626352744824816,False,False,True,1,1.0,False,True,0.02951600744927374,0.005465717486708099,0.02951600744927374,3.2881626162730333,3.506953615251939,2.3297842387780237,32881.62616273033,35069.53615251939,23297.842387780238,2.7626352744824816
1978-04-30,2.9096242973738744,0.004853089191996451,1978-04-28,0.08982969612950353,2.7633769101445376,True,True,True,0,0.0,False,True,0.08982969612950353,0.004853089191996451,0.08982969612950353,3.5835372649172332,3.523973173938951,2.53906804899476,35835.372649172336,35239.731739389514,25390.6804899476,2.7633769101445376
1978-05-31,2.9350153095021754,0.00534419311362222,1978-05-31,0.00872656038486408,2.7703772764486123,True,True,True,0,0.0,False,True,0.00872656038486408,0.00872656038486408,0.00872656038486408,3.6148092192509442,3.5547253386359703,2.5612253796455917,36148.092192509444,35547.253386359705,25612.253796455916,2.7703772764486123
1978-06-30,2.8963007595425374,0.0054507096733900084,1978-06-30,-0.01319057854120853,2.778358972991773,True,True,True,0,0.0,False,True,-0.01319057854120853,-0.01319057854120853,-0.01319057854120853,3.56712779433293,3.5078364548642686,2.52744133511364,35671.277943329296,35078.36454864268,25274.4133511364,2.778358972991773
1978-07-31,3.0648507229674395,0.005193048111374665,1978-07-31,0.05819491048005809,2.8028190152481036,True,True,True,0,0.0,False,True,0.05819491048005809,0.05819491048005809,0.05819491048005809,3.774716476995062,3.711974683333779,2.6745255573541766,37747.16476995062,37119.74683333779,26745.255573541766,2.8028190152481036
1978-08-31,3.1590097543630677,0.006205493351364,1978-08-31,0.03072222431259619,2.847904171506061,True,True,True,0,0.0,False,True,0.03072222431259619,0.03072222431259619,0.03072222431259619,3.890684163317757,3.8260148021978377,2.756692931456983,38906.841633177566,38260.14802197838,27566.92931456983,2.847904171506061
1978-09-30,3.1488228988582443,0.00544381421060236,1978-09-29,-0.003224698971174056,2.883603597526955,True,True,True,0,0.0,False,True,-0.003224698971174056,-0.003224698971174056,-0.003224698971174056,3.878137878099143,3.8136770562014934,2.7478034265970708,38781.37878099143,38136.770562014935,27478.03426597071,2.883603597526955
1978-10-31,2.873268687865296,0.006624477842916532,1978-10-31,-0.0875102283754553,2.8898812803457843,False,False,True,0,0.0,False,True,-0.0875102283754553,-0.0875102283754553,-0.0875102283754553,3.538761146715183,3.4799413060630666,2.5073425212047025,35387.61146715183,34799.413060630664,25073.425212047026,2.8898812803457843
1978-11-30,2.933551269434437,0.006450231029019093,1978-11-30,0.020980488815310894,2.9183495622920255,True,True,True,0,0.0,False,True,0.020980488815310894,0.006450231029019093,0.020980488815310894,3.6130060853738977,3.5023877314545997,2.559947792926991,36130.06085373898,35023.877314546,25599.47792926991,2.9183495622920255
1978-12-31,2.9893346087399095,0.006598618265475142,1978-12-29,0.019015634697336248,2.9579575532660343,True,True,True,0,0.0,False,True,0.019015634697336248,0.019015634697336248,0.019015634697336248,3.6817096892526204,3.5689878571243727,2.6086268250015427,36817.096892526206,35689.878571243724,26086.268250015426,2.9579575532660343
1979-01-31,3.122045114571005,0.007626243794912835,1979-01-31,0.0443946640978532,3.0031823423217987,True,True,True,0,0.0,False,True,0.0443946640978532,0.0443946640978532,0.0443946640978532,3.845157954212802,3.727431874210726,2.7244359366541353,38451.57954212802,37274.318742107265,27244.359366541354,3.0031823423217987
1979-02-28,3.0196215441841927,0.006760900311609808,1979-02-28,-0.03280656320717079,3.0141820670028308,True,True,True,0,0.0,False,True,-0.03280656320717079,-0.03280656320717079,-0.03280656320717079,3.7190115367463643,3.605147644829009,2.635056556894404,37190.115367463644,36051.47644829009,26350.56556894404,3.0141820670028308
1979-03-31,3.2004033728785504,0.007809710363588351,1979-03-30,0.05986903525792653,3.040720873340468,True,True,True,1,1.0,False,True,0.05986903525792653,0.05986903525792653,0.05986903525792653,3.9416651695644678,3.820984356287308,2.7928148508057458,39416.65169564468,38209.84356287308,27928.148508057457,3.040720873340468
1979-04-30,3.2187859454797842,0.007213397131021759,1979-04-30,0.005743829905009656,3.0729693919341927,True,True,True,2,2.0,True,True,0.005743829905009656,0.005743829905009656,0.005743829905009656,3.964305423840947,3.842931440499525,2.808856304264959,39643.05423840947,38429.314404995246,28088.56304264959,3.0729693919341927
1979-05-31,3.1480261438872614,0.007927797257767377,1979-05-31,-0.021983382179200928,3.081286934026175,True,True,True,2,2.0,True,True,-0.021983382179200928,-0.021983382179200928,-0.021983382179200928,3.8771565826335723,3.7584508099545566,2.7471081426418444,38771.565826335725,37584.508099545565,27471.081426418445,3.081286934026175
1979-06-30,3.2836676396856346,0.007675844846238622,1979-06-29,0.04308779203176494,3.0937527225584316,True,True,True,3,3.0,True,True,0.04308779203176494,0.04308779203176494,0.04308779203176494,4.044214699140676,3.920394156815497,2.865474966980764,40442.146991406764,39203.94156815497,28654.749669807643,3.0937527225584316
1979-07-31,3.3265193580711254,0.007260105399454986,1979-07-31,0.013049956051457645,3.1115223684797195,True,True,True,2,2.0,True,True,0.013049956051457645,0.013049956051457645,0.013049956051457645,4.096991523227121,3.9715551282663304,2.902869289366415,40969.91523227121,39715.551282663306,29028.692893664153,3.1115223684797195
1979-08-31,3.519458855001486,0.00810902460351759,1979-08-31,0.058000413093112435,3.176141385193339,True,True,True,2,2.0,True,True,0.058000413093112435,0.058000413093112435,0.058000413093112435,4.334618724013274,4.201906966327846,3.0712369073049772,43346.18724013274,42019.06966327846,30712.369073049773,3.176141385193339
1979-09-30,3.533043997592503,0.006879919386212796,1979-09-28,0.0038600089248697067,3.2360906580091453,True,True,True,3,4.0,True,True,0.0038600089248697067,0.0038600089248697067,0.0038600089248697067,4.351350390973873,4.218126364719344,3.0830919091775635,43513.50390973873,42181.263647193446,30830.919091775635,3.2360906580091453
1979-10-31,3.3060385373906676,0.009006223356185838,1979-10-31,-0.06425208980033148,3.2677610508742214,True,True,True,3,4.0,True,True,-0.06425208980033148,-0.06425208980033148,-0.06425208980033148,4.071767034900312,3.947102930744251,2.884996810966411,40717.67034900312,39471.02930744251,28849.96810966411,3.2677610508742214
1979-11-30,3.461664864077122,0.009266409167919765,1979-11-30,0.04707335529406276,3.3017230258248325,True,True,True,4,5.0,True,True,0.04707335529406276,0.04707335529406276,0.04707335529406276,4.263438771208827,4.132906309385412,3.020803290871271,42634.387712088275,41329.063093854114,30208.03290871271,3.3017230258248325
1979-12-31,3.5340096648040413,0.008893570205017909,1979-12-31,0.020898845950590328,3.3531618378868173,True,True,True,3,3.0,True,True,0.020898845950590328,0.020898845950590328,0.020898845950590328,4.352539721308094,4.21927928167348,3.083934593494226,43525.39721308094,42192.7928167348,30839.34593494226,3.3531618378868173
1980-01-31,3.753824625134214,0.009972932213573316,1980-01-31,0.06219987526331838,3.408503963112384,True,True,True,4,5.0,True,True,0.06219987526331838,0.06219987526331838,0.06219987526331838,4.623267149052096,4.4817179266946745,3.2757549405297994,46232.67149052096,44817.17926694675,32757.549405297996,3.408503963112384
1980-02-29,3.7520787017649804,0.009065539568432923,1980-02-29,-0.00046510520431441993,3.4618332387409034,True,True,True,4,5.0,True,True,-0.00046510520431441993,-0.00046510520431441993,-0.00046510520431441993,4.621116843440136,4.479633456362699,3.2742313698589003,46211.16843440136,44796.334563626995,32742.313698589,3.4618332387409034
1980-03-31,3.3840513468300792,0.010214746896092475,1980-03-31,-0.09808625676262628,3.485435759035185,False,False,True,4,5.0,True,False,-0.09808625676262628,-0.09808625676262628,-0.09808625676262628,4.16784879020437,4.040242978959457,2.9530742710146747,41678.4879020437,40402.429789594564,29530.742710146747,3.485435759035185
1980-04-30,3.5378193157732447,0.011791105275502645,1980-04-30,0.04543901766951719,3.510850926643946,True,True,True,5,6.0,True,True,0.011791105275502645,0.011791105275502645,0.04543901766951719,4.216992334062046,4.087881909262978,3.087259064994707,42169.92334062046,40878.81909262978,30872.59064994707,3.510850926643946
1980-05-31,3.7178656505993475,0.010385726106875826,1980-05-30,0.05089189660516924,3.549985555896769,True,True,True,5,6.0,True,True,0.05089189660516924,0.05089189660516924,0.05089189660516924,4.431603071911923,4.295921972723331,3.244375534123789,44316.030719119226,42959.219727233314,32443.75534123789,3.549985555896769
1980-06-30,3.8338965364672903,0.006827381543461852,1980-06-30,0.031209004512908534,3.5814293240433486,True,True,True,5,6.0,True,True,0.031209004512908534,0.031209004512908534,0.031209004512908534,4.569908992182641,4.429993420957157,3.3456292648098285,45699.08992182641,44299.93420957157,33456.292648098286,3.5814293240433486
1980-07-31,4.100911522080985,0.006018362955094059,1980-07-31,0.06964585065713136,3.638216076492198,True,True,True,5,6.0,True,True,0.06964585065713136,0.06964585065713136,0.06964585065713136,4.888184191368874,4.738524081165213,3.578638460940902,48881.841913688746,47385.24081165213,35786.38460940902,3.638216076492198
1980-08-31,4.141873390414647,0.0064806124180163405,1980-08-29,0.009988478930380795,3.721799561794595,True,True,True,5,6.0,True,True,0.009988478930380795,0.009988478930380795,0.009988478930380795,4.937009716172183,4.785854729111034,3.6143836158074607,49370.097161721824,47858.54729111034,36143.836158074606,3.721799561794595
1980-09-30,4.2636460306785,0.007348913920647293,1980-09-30,0.029400377265434097,3.8019976784547334,True,True,True,5,6.0,True,True,0.029400377265434097,0.029400377265434097,0.029400377265434097,5.082159664390758,4.9265606636844606,3.7206478576942037,50821.596643907586,49265.606636844605,37206.478576942034,3.8019976784547334
1980-10-31,4.351547827817996,0.009011343405829209,1980-10-31,0.020616579450313255,3.8837514947561287,True,True,True,5,6.0,True,True,0.020616579450313255,0.020616579450313255,0.020616579450313255,5.186936412890848,5.0281294930241,3.797354889858994,51869.36412890848,50281.294930241,37973.54889858994,3.8837514947561287
1980-11-30,4.814018638646005,0.007883056052628401,1980-11-28,0.10627731306814248,3.989770896107308,True,True,True,4,5.0,True,True,0.10627731306814248,0.10627731306814248,0.10627731306814248,5.738190077908197,5.562505585301382,4.20092756431938,57381.90077908197,55625.05585301382,42009.275643193796,3.989770896107308
1980-12-31,4.671067255357031,0.01135690805874301,1980-12-31,-0.02969481300745036,4.081669751466513,True,True,True,4,5.0,True,True,-0.02969481300745036,-0.02969481300745036,-0.02969481300745036,5.5677955965435055,5.397328022092959,4.076181805839072,55677.95596543505,53973.28022092959,40761.81805839072,4.081669751466513
1981-01-31,4.47600164753137,0.012073449388015689,1981-01-30,-0.04176039375197382,4.190864781536641,True,True,True,4,5.0,True,True,-0.04176039375197382,-0.04176039375197382,-0.04176039375197382,5.3352822601013425,5.171933478681796,3.9059588486226007,53352.822601013424,51719.334786817955,39059.588486226006,4.190864781536641
1981-02-28,4.552548411713615,0.010606573208338688,1981-02-27,0.01710159428213398,4.292337691130679,True,True,True,4,5.0,True,True,0.01710159428213398,0.01710159428213398,0.01710159428213398,5.426524092694263,5.260381786688398,3.9727569721344556,54265.24092694263,52603.817866883976,39727.56972134455,4.292337691130679
1981-03-31,4.737209617866919,0.01206432211044639,1981-03-31,0.04056216199220963,4.394272087857436,True,True,True,2,2.0,True,True,0.04056216199220963,0.04056216199220963,0.04056216199220963,5.646635641996756,5.473754244860921,4.133900583993854,56466.35641996756,54737.542448609216,41339.00583993854,4.394272087857436
1981-04-30,4.64539838016585,0.010516314361199042,1981-04-30,-0.019380868719592437,4.475422272227292,True,True,True,2,2.0,True,True,-0.019380868719592437,-0.019380868719592437,-0.019380868719592437,5.537198937911845,5.36766813243796,4.053781999475622,55371.98937911845,53676.681324379606,40537.819994756224,4.475422272227292
1981-05-31,4.656132562565755,0.010234979895035634,1981-05-29,0.0023107129941182247,4.5309443762757695,True,True,True,0,0.0,False,True,0.0023107129941182247,0.0023107129941182247,0.0023107129941182247,5.549993815448696,5.380071272939699,4.063149126217133,55499.93815448696,53800.71272939699,40631.49126217133,4.5309443762757695
1981-06-30,4.627816776159612,0.013215417786516692,1981-06-30,-0.006081396099800851,4.5795387148502655,True,True,True,1,2.0,True,True,-0.006081396099800851,-0.006081396099800851,-0.006081396099800851,5.5162421047055075,5.347352928483793,4.0384395069680465,55162.421047055075,53473.529284837925,40384.39506968047,4.5795387148502655
1981-07-31,4.637776434804943,0.012076166626484142,1981-07-31,0.0021521289902051155,4.616951755262909,True,True,True,2,2.0,True,True,0.0021521289902051155,0.0021521289902051155,0.0021521289902051155,5.528113769256034,5.358861121742041,4.047130749706182,55281.13769256034,53588.61121742042,40471.30749706182,4.616951755262909
1981-08-31,4.367926512514617,0.011697763819673801,1981-08-31,-0.05818519415148893,4.618589623732571,False,False,True,2,2.0,True,False,-0.05818519415148893,-0.05818519415148893,-0.05818519415148893,5.206459396300352,5.047054746942615,3.8116476612780668,52064.59396300352,50470.54746942614,38116.476612780665,4.618589623732571
1981-09-30,4.150039164084869,0.012059791635239403,1981-09-30,-0.04988347395622972,4.5521916762764585,False,False,True,2,2.0,True,False,0.012059791635239403,0.012059791635239403,-0.04988347395622972,5.269248211777069,5.107921175562389,3.6215094344363785,52692.48211777069,51079.21175562389,36215.09434436379,4.5521916762764585
1981-10-31,4.373040679946753,0.012045366652406742,1981-10-30,0.05373479792474645,4.52238901873543,False,False,True,4,5.0,True,False,0.012045366652406742,0.012045366652406742,0.05373479792474645,5.332718238470462,5.16944795895363,3.8161105120783803,53327.18238470462,51694.4795895363,38161.1051207838,4.52238901873543
1981-11-30,4.551065288665395,0.010033385886712765,1981-11-30,0.04070957069642667,4.529895382848833,True,True,True,4,5.0,True,True,0.010033385886712765,0.010033385886712765,0.04070957069642667,5.3862234583821476,5.221315025147091,3.971462732755212,53862.234583821475,52213.150251470914,39714.627327552116,4.529895382848833
1981-12-31,4.4334903940970225,0.00904088151436877,1981-12-31,-0.02583458753298873,4.517989581087173,False,False,True,5,6.0,True,False,-0.02583458753298873,-0.02583458753298873,-0.02583458753298873,5.247072596974337,5.086424505092619,3.868861631151845,52470.72596974337,50864.24505092619,38688.616311518446,4.517989581087173
1982-01-31,4.374902349632805,0.008208726607098926,1982-01-29,-0.013214880208655577,4.481758854263762,False,False,True,5,6.0,True,False,0.008208726607098926,0.008208726607098926,-0.013214880208655577,5.290144381410499,5.128177573262573,3.8177350881523093,52901.44381410499,51281.775732625734,38177.350881523096,4.481758854263762
1982-02-28,4.127212504487929,0.00877112277723624,1982-02-26,-0.05661608542317875,4.42994026669597,False,False,True,5,6.0,True,False,0.00877112277723624,0.00877112277723624,-0.05661608542317875,5.336544887289158,5.1731574483811285,3.6015898722784114,53365.448872891575,51731.57448381129,36015.89872278411,4.42994026669597
1982-03-31,4.105958466502057,0.011580120083335421,1982-03-31,-0.005149731922638012,4.3749228570896,False,False,True,5,6.0,True,False,0.011580120083335421,0.011580120083335421,-0.005149731922638012,5.398342717914076,5.233063232843383,3.5830426499408894,53983.42717914076,52330.632328433836,35830.426499408895,4.3749228570896
1982-04-30,4.290014586350614,0.009998841708861228,1982-04-30,0.044826590758322515,4.341142638108701,False,False,True,4,5.0,True,False,0.009998841708861228,0.009998841708861228,0.044826590758322515,5.452319892240682,5.285387803761046,3.743658236479405,54523.198922406824,52853.87803761046,37436.58236479405,4.341142638108701
1982-05-31,4.140172495663602,0.009533989840008417,1982-05-28,-0.03492810750894848,4.291382244194566,False,False,True,5,6.0,True,False,0.009533989840008417,0.009533989840008417,-0.03492810750894848,5.504302254697781,5.335778637382608,3.6128993391188917,55043.02254697781,53357.786373826086,36128.99339118892,4.291382244194566
1982-06-30,4.075834466548741,0.010027268658207467,1982-06-30,-0.015539939261527969,4.262173039597979,False,False,True,5,6.0,True,False,0.010027268658207467,0.010027268658207467,-0.015539939261527969,5.559495372181613,5.389281923280368,3.5567551028309694,55594.95372181613,53892.81923280368,35567.551028309696,4.262173039597979
1982-07-31,4.000554196430844,0.00984113639700479,1982-07-30,-0.01846990370579049,4.247224542832576,False,False,True,5,6.0,True,False,0.00984113639700479,0.00984113639700479,-0.01846990370579049,5.614207124437769,5.442318581769283,3.4910621785766023,56142.07124437769,54423.18581769283,34910.62178576602,4.247224542832576
1982-08-31,4.486171553599342,0.009332604931388433,1982-08-31,0.12138752115938067,4.258537630197835,True,True,True,4,5.0,True,True,0.009332604931388433,0.009332604931388433,0.12138752115938067,5.666602301533133,5.49310959100369,3.914833562647283,56666.02301533133,54931.0959100369,39148.335626472835,4.258537630197835
1982-09-30,4.541247131302664,0.006932538597436144,1982-09-30,0.012276743554118896,4.257555814461562,True,True,True,4,5.0,True,True,0.012276743554118896,0.012276743554118896,0.012276743554118896,5.736169724812235,5.560547088767113,3.9628949703529615,57361.69724812236,55605.47088767113,39628.949703529615,4.257555814461562
1982-10-31,5.0661470252558045,0.006371883450589921,1982-10-29,0.11558496571019505,4.320821477577441,True,True,True,4,5.0,True,True,0.11558496571019505,0.11558496571019505,0.11558496571019505,6.399184705762517,6.203262733352185,4.420946049614313,63991.84705762517,62032.62733352185,44209.46049614313,4.320821477577441
1982-11-30,5.272664585451098,0.006221870633136062,1982-11-30,0.04076422558716919,4.41059770115927,True,True,True,3,4.0,True,True,0.04076422558716919,0.04076422558716919,0.04076422558716919,6.660042514682183,6.456133934791033,4.601162491689496,66600.42514682183,64561.33934791033,46011.62491689496,4.41059770115927
1982-12-31,5.378925621612584,0.006793583103762879,1982-12-31,0.02015319473472532,4.535769012871735,True,True,True,3,4.0,True,True,0.02015319473472532,0.02015319473472532,0.02015319473472532,6.794263648422123,6.586245659212345,4.693890615390628,67942.63648422124,65862.45659212345,46938.90615390628,4.535769012871735
1983-01-31,5.576679160698079,0.0063844631131813045,1983-01-31,0.036764505218461974,4.682841082291337,True,True,True,3,4.0,True,True,0.036764505218461974,0.036764505218461974,0.036764505218461974,7.044051389780145,6.8283857221205295,4.866459181415046,70440.51389780144,68283.8572212053,48664.591814150466,4.682841082291337
1983-02-28,5.700671887979587,0.00573036127172033,1983-02-28,0.02223415113341143,4.823906812454235,True,True,True,3,4.0,True,True,0.02223415113341143,0.02223415113341143,0.02223415113341143,7.200669892972034,6.980209082263386,4.974660770339206,72006.69892972034,69802.09082263385,49746.60770339206,4.823906812454235
1983-03-31,5.912002855107594,0.00715138421472683,1983-03-31,0.037071238492714986,5.0010898483986335,True,True,True,3,4.0,True,True,0.037071238492714986,0.037071238492714986,0.037071238492714986,7.4676076438817125,7.238974077880987,5.159077606176804,74676.07643881712,72389.74077880986,51590.77606176804,5.0010898483986335
1983-04-30,6.376591422345561,0.006385103333311326,1983-04-29,0.0785839551543166,5.231165543978316,True,True,True,3,4.0,True,True,0.0785839551543166,0.0785839551543166,0.0785839551543166,8.054441788078545,7.807841292180447,5.564498329418241,80544.41788078545,78078.41292180447,55644.983294182406,5.231165543978316
1983-05-31,6.319608666699485,0.006596226199242938,1983-05-31,-0.008936240676545526,5.463070991005179,True,True,True,2,3.0,True,True,-0.008936240676545526,-0.008936240676545526,-0.008936240676545526,7.98246535774505,7.738068543229252,5.514772633102324,79824.6535774505,77380.68543229252,55147.726331023245,5.463070991005179
1983-06-30,6.547936357848359,0.006918038410063554,1983-06-30,0.036130036397985066,5.669247471430081,True,True,True,1,1.0,False,True,0.036130036397985066,0.036130036397985066,0.036130036397985066,8.270872121666034,8.017645241346228,5.714021569062923,82708.72121666034,80176.45241346228,57140.21569062923,5.669247471430081
1983-07-31,6.37076074259222,0.006708851213291123,1983-07-29,-0.027058237217558734,5.852198832559037,True,True,True,1,1.0,False,True,-0.027058237217558734,-0.027058237217558734,-0.027058237217558734,8.047076901801901,7.800701894479651,5.559410217980971,80470.76901801901,78007.01894479651,55594.102179809706,5.852198832559037
1983-08-31,6.467669840527496,0.007973454508144018,1983-08-31,0.015211542522289845,5.9923511140862065,True,True,True,1,1.0,False,True,0.015211542522289845,0.015211542522289845,0.015211542522289845,8.169485354273798,7.919362603051235,5.643977422910641,81694.85354273798,79193.62603051236,56439.77422910641,5.9923511140862065
1983-09-30,6.556326945409075,0.007456311055467069,1983-09-30,0.013707735098974716,6.120717350082004,True,True,True,1,1.0,False,True,0.013707735098974716,0.013707735098974716,0.013707735098974716,8.281470495405136,8.02791912776659,5.721343570328494,82814.70495405135,80279.19127766589,57213.43570328494,6.120717350082004
1983-10-31,6.479527044361566,0.007194100935396186,1983-10-31,-0.011713860777075258,6.230777492356902,True,True,True,0,0.0,False,True,-0.011713860777075258,-0.011713860777075258,-0.011713860777075258,8.184462502992504,7.933881200774312,5.6543245482878515,81844.62502992504,79338.81200774312,56543.24548287851,6.230777492356902
1983-11-30,6.615602596576064,0.006934100914057328,1983-11-30,0.021000846401730833,6.3346698359447,True,True,True,0,0.0,False,True,0.021000846401730833,0.021000846401730833,0.021000846401730833,8.356343142898575,8.100499421241354,5.77307014963198,83563.43142898576,81004.99421241354,57730.7014963198,6.3346698359447
1983-12-31,6.58020002196832,0.007022327865999989,1983-12-30,-0.005351375644308876,6.422622649343575,True,True,True,0,0.0,False,True,-0.005351375644308876,-0.005351375644308876,-0.005351375644308876,8.311625211728181,8.057150605931785,5.7421762826403535,83116.25211728181,80571.50605931785,57421.76282640354,6.422622649343575
1984-01-31,6.543981510707432,0.007203654800801207,1984-01-31,-0.00550416570012624,6.485820514903558,True,True,True,0,0.0,False,True,-0.00550416570012624,-0.00550416570012624,-0.00550416570012624,8.265876649325483,8.012802713925863,5.710570392901366,82658.76649325482,80128.02713925863,57105.70392901366,6.485820514903558
1984-02-29,6.312125814188453,0.006796564262401716,1984-02-29,-0.03543037157724416,6.479373954087848,False,False,True,0,0.0,False,True,-0.03543037157724416,-0.03543037157724416,-0.03543037157724416,7.973013568228215,7.728906136396319,5.508242761962862,79730.13568228214,77289.06136396319,55082.427619628616,6.479373954087848
1984-03-31,6.4224368227583435,0.0076244228190698315,1984-03-30,0.017476047185550847,6.489656769693734,False,False,True,0,0.0,False,True,0.017476047185550847,0.0076244228190698315,0.017476047185550847,8.112350329557607,7.787834584709108,5.604505072380394,81123.50329557607,77878.34584709108,56045.050723803935,6.489656769693734
1984-04-30,6.480577127283834,0.007249528198518984,1984-04-30,0.009052686095636808,6.48292084663728,False,False,True,0,0.0,False,True,0.009052686095636808,0.007249528198518984,0.009052686095636808,8.185788890588928,7.844292711136358,5.655240897522058,81857.88890588928,78442.92711136358,56552.40897522058,6.48292084663728
1984-05-31,6.119839968292712,0.008112138982644401,1984-05-31,-0.05566435703270711,6.45782876920733,False,False,True,0,0.0,False,True,-0.05566435703270711,0.008112138982644401,-0.05566435703270711,7.730132215188818,7.907926703829641,5.340445549096422,77301.32215188818,79079.2670382964,53404.455490964225,6.45782876920733
1984-06-30,6.250076163423258,0.007844233534403111,1984-06-29,0.021280980516698023,6.436069401496906,False,False,True,0,0.0,False,True,0.021280980516698023,0.007844233534403111,0.021280980516698023,7.894637008251751,7.969958327667423,5.45409546677723,78946.3700825175,79699.58327667422,54540.9546677723,6.436069401496906
1984-07-31,6.170284758764462,0.007883906674612584,1984-07-31,-0.012766469171328176,6.397465182832444,False,False,True,0,0.0,False,True,-0.012766469171328176,0.007883906674612584,-0.012766469171328176,7.793850368267078,8.032792735323305,5.384465925143138,77938.50368267078,80327.92735323306,53844.659251431374,6.397465182832444
1984-08-31,6.854398316734152,0.008849981876730695,1984-08-31,0.11087228300087038,6.434952310069702,True,True,True,0,0.0,False,True,0.11087228300087038,0.008849981876730695,0.11087228300087038,8.657972351964023,8.10388280545045,5.981453955004151,86579.72351964023,81038.8280545045,59814.5395500415,6.434952310069702
1984-09-30,6.853695706260832,0.007535801083794036,1984-09-28,-0.00010250505454345582,6.45876162103818,True,True,True,1,1.0,False,True,-0.00010250505454345582,-0.00010250505454345582,-0.00010250505454345582,8.657084866035849,8.103052116501463,5.980840825740244,86570.84866035849,81030.52116501462,59808.408257402436,6.45876162103818
1984-10-31,6.881407517074903,0.009023178035477475,1984-10-31,0.004043338368342919,6.488882370548838,True,True,True,0,0.0,False,True,0.004043338368342919,0.004043338368342919,0.004043338368342919,8.692088389432692,8.135815498024796,6.0050233889259115,86920.88389432692,81358.15498024796,60050.233889259114,6.488882370548838
1984-11-30,6.80280432275005,0.007733992943525614,1984-11-30,-0.011422546060499195,6.5147646517531,True,True,True,1,1.0,False,True,-0.011422546060499195,-0.011422546060499195,-0.011422546060499195,8.592802609442467,8.042883770758884,5.93643073267153,85928.02609442467,80428.83770758884,59364.3073267153,6.5147646517531
1984-12-31,6.9798257372134795,0.006556276320555332,1984-12-31,0.026021829537479446,6.581534644055603,True,True,True,1,1.0,False,True,0.026021829537479446,0.026021829537479446,0.026021829537479446,8.816403054194588,8.252174321231331,6.090907521258163,88164.03054194587,82521.74321231332,60909.075212581636,6.581534644055603
1985-01-31,7.5231415605320135,0.006779151460531985,1985-01-31,0.07784088654560573,6.691605117832969,True,True,True,0,0.0,False,True,0.07784088654560573,0.07784088654560573,0.07784088654560573,9.50267968407648,8.89453088632486,6.565029162580196,95026.7968407648,88945.3088632486,65650.29162580197,6.691605117832969
1985-02-28,7.610966590478011,0.005669631516706852,1985-02-28,0.011673983433562629,6.804644064152387,True,True,True,0,0.0,False,True,0.011673983433562629,0.011673983433562629,0.011673983433562629,9.61361380928284,8.998365492541128,6.641669204265013,96136.1380928284,89983.65492541128,66416.69204265013,6.804644064152387
1985-03-31,7.614451614029727,0.006643463998135868,1985-03-29,0.00045789500062665134,6.954105228726088,True,True,True,1,1.0,False,True,0.00045789500062665134,0.00045789500062665134,0.00045789500062665134,9.618015834984067,9.002485799113973,6.644710391389462,96180.15834984067,90024.85799113974,66447.10391389462,6.954105228726088
1985-04-30,7.604765104311107,0.0068159170293871085,1985-04-30,-0.0012721217770657045,7.089574122814874,True,True,True,0,0.0,False,True,-0.0012721217770657045,-0.0012721217770657045,-0.0012721217770657045,9.605780547588221,8.991033540881196,6.636257510598281,96057.80547588221,89910.33540881195,66362.5751059828,7.089574122814874
1985-05-31,8.043839502698408,0.006683313647837252,1985-05-31,0.05773674694283337,7.276929597208268,True,True,True,0,0.0,False,True,0.05773674694283337,0.05773674694283337,0.05773674694283337,10.160387068252714,9.510146569185581,7.019413431135171,101603.87068252714,95101.46569185582,70194.1343113517,7.276929597208268
1985-06-30,8.167319597651485,0.005741387023559863,1985-06-28,0.015350889946480706,7.408221725300001,True,True,True,0,0.0,False,True,0.015350889946480706,0.015350889946480706,0.015350889946480706,10.316358051951108,9.65613578254405,7.127167674205376,103163.58051951107,96561.3578254405,71271.67674205377,7.408221725300001
1985-07-31,8.156148041748391,0.005887989774012947,1985-07-31,-0.0013678362612754569,7.5384669588487565,True,True,True,0,0.0,False,True,-0.0013678362612754569,-0.0013678362612754569,-0.0013678362612754569,10.302246963323348,9.642927769876886,7.117418875820408,103022.46963323349,96429.27769876886,71174.18875820408,7.5384669588487565
1985-08-31,8.086496444298803,0.005989822907835229,1985-08-30,-0.008539766209866184,7.658975851571148,True,True,True,1,1.0,False,True,-0.008539766209866184,-0.008539766209866184,-0.008539766209866184,10.214268182820263,9.560579421143512,7.056637782603213,102142.68182820262,95605.79421143512,70566.37782603213,7.658975851571148
1985-09-30,7.829266903364597,0.0052118859484999724,1985-09-30,-0.031809763685181514,7.761622109632602,True,True,True,1,1.0,False,True,-0.031809763685181514,-0.031809763685181514,-0.031809763685181514,9.889354725707681,9.256459649063528,6.832167802326682,98893.54725707682,92564.59649063527,68321.67802326681,7.761622109632602
1985-10-31,8.191919716015647,0.006282327233982032,1985-10-31,0.04632014939932638,7.882831507512819,True,True,True,0,0.0,False,True,0.04632014939932638,0.04632014939932638,0.04632014939932638,10.347431114065396,9.685220242916987,7.148634835651721,103474.31114065395,96852.20242916988,71486.3483565172,7.882831507512819
1985-11-30,8.752629416131832,0.005503410548714394,1985-11-29,0.06844667911234126,8.0057802930728,True,True,True,1,1.0,False,True,0.06844667911234126,0.06844667911234126,0.06844667911234126,11.055678411166886,10.348141405016278,7.637935150338878,110556.78411166885,103481.41405016278,76379.35150338878,8.0057802930728
1985-12-31,9.177560546032748,0.005836711015371865,1985-12-31,0.04854896850970647,8.162439688628274,True,True,True,1,1.0,False,True,0.04854896850970647,0.04854896850970647,0.04854896850970647,11.592420194204069,10.850532996222404,8.00874902343186,115924.20194204069,108505.32996222403,80087.49023431861,8.162439688628274
1986-01-31,9.225608344436555,0.006005106653467873,1986-01-31,0.005235356188914242,8.323555361668957,True,True,True,1,1.0,False,True,0.005235356188914242,0.005235356188914242,0.005235356188914242,11.653110643012289,10.907339401297195,8.050677677197145,116531.10643012289,109073.39401297196,80506.77677197145,8.323555361668957
1986-02-28,9.909569511711304,0.005163470567128181,1986-02-28,0.07413724295885671,8.554035802408977,True,True,True,0,0.0,False,True,0.07413724295885671,0.07413724295885671,0.07413724295885671,12.517040137979729,11.715979472525875,8.647532724134955,125170.40137979729,117159.79472525875,86475.32724134954,8.554035802408977
1986-03-31,10.459875584128621,0.005410231783373076,1986-03-31,0.05553279300043812,8.795639410551999,True,True,True,1,2.0,True,True,0.05553279300043812,0.05553279300043812,0.05553279300043812,13.212146336940332,12.366600535371036,9.127754368868857,132121.46336940333,123666.00535371037,91277.54368868857,8.795639410551999
1986-04-30,10.341401033282477,0.005543615723419881,1986-04-30,-0.011326573618706592,9.013047554115099,True,True,True,1,2.0,True,True,-0.011326573618706592,-0.011326573618706592,-0.011326573618706592,13.062497988793853,12.22652932399402,9.024368187036393,130624.97988793852,122265.2932399402,90243.68187036393,9.013047554115099
1986-05-31,10.890511709136304,0.004914937685533305,1986-05-30,0.05309828659449378,9.286483920853888,True,True,True,0,0.0,False,True,0.05309828659449378,0.05309828659449378,0.05309828659449378,13.756094250642827,12.875737082095437,9.503546675365882,137560.94250642826,128757.37082095437,95035.46675365882,9.286483920853888
1986-06-30,11.074341912716461,0.0049882258669897706,1986-06-30,0.016879849954703152,9.585268467695654,True,True,True,1,2.0,True,True,0.016879849954703152,0.016879849954703152,0.016879849954703152,13.988295057556432,13.093077592097416,9.663965117283576,139882.95057556432,130930.77592097415,96639.65117283576,9.585268467695654
1986-07-31,10.454303576529467,0.005259311777467968,1986-07-31,-0.0559887297208167,9.847772135012141,True,True,True,1,1.0,False,True,-0.0559887297208167,-0.0559887297208167,-0.0559887297208167,13.20510818632387,12.360012809579793,9.122891986300585,132051.08186323868,123600.12809579793,91228.91986300585,9.847772135012141
1986-08-31,11.229164766846257,0.0047331534101924255,1986-08-29,0.07411887216059032,10.151496640095202,True,True,True,0,0.0,False,True,0.07411887216059032,0.07411887216059032,0.07411887216059032,14.183855911852772,13.276123018916296,9.799070451168072,141838.55911852772,132761.23018916298,97990.70451168073,10.151496640095202
1986-09-30,10.2978153813974,0.004483393089441456,1986-09-30,-0.08294021904448623,10.30601523662176,False,False,True,0,0.0,False,True,-0.08294021904448623,-0.08294021904448623,-0.08294021904448623,13.007443795628273,12.174998467665834,8.98633340151584,130074.43795628272,121749.98467665834,89863.3340151584,10.30601523662176
1986-10-31,10.893908949158678,0.004645051198285843,1986-10-31,0.05788543935620538,10.477650076934353,True,True,True,0,0.0,False,True,0.05788543935620538,0.004645051198285843,0.05788543935620538,13.760385394639362,12.231551958887193,9.506511258663927,137603.85394639362,122315.51958887193,95065.11258663927,10.477650076934353
1986-11-30,11.155379788131098,0.0038150232745530754,1986-11-28,0.024001562725803005,10.670627221303807,True,True,True,0,0.0,False,True,0.024001562725803005,0.024001562725803005,0.024001562725803005,14.090656147820022,12.525128320462343,9.734682384942301,140906.56147820022,125251.28320462344,97346.82384942302,10.670627221303807
1986-12-31,10.870837520633064,0.004567152262088259,1986-12-31,-0.025507178859188295,10.766754022195983,True,True,True,0,0.0,False,True,-0.025507178859188295,-0.025507178859188295,-0.025507178859188295,13.731243261214255,12.205647632158026,9.486378100212189,137312.43261214255,122056.47632158027,94863.78100212189,10.766754022195983
1987-01-31,12.333152788573852,0.004495498462258052,1987-01-30,0.13451725915002277,10.954081742640506,True,True,True,1,1.0,False,True,0.13451725915002277,0.13451725915002277,0.13451725915002277,15.578332469435017,13.84751789778689,10.762459681513533,155783.32469435016,138475.1789778689,107624.59681513533,10.954081742640506
1987-02-28,12.816652471345622,0.003994718625246918,1987-02-27,0.03920325086864351,11.201606886446822,True,True,True,2,2.0,True,True,0.03920325086864351,0.03920325086864351,0.03920325086864351,16.189053745349412,14.390385615841861,11.18438308837157,161890.53745349412,143903.8561584186,111843.8308837157,11.201606886446822
1987-03-31,13.188374802999995,0.004759930124015099,1987-03-31,0.029003074904733417,11.43139319583319,True,True,True,1,1.0,False,True,0.029003074904733417,0.029003074904733417,0.029003074904733417,16.658586083762536,14.807751047766121,11.508764588846844,166585.86083762537,148077.5104776612,115087.64588846844,11.43139319583319
1987-04-30,13.069047898762587,0.004544966130664907,1987-04-30,-0.009047885430907177,11.630863794437802,True,True,True,1,1.0,False,True,-0.009047885430907177,-0.009047885430907177,-0.009047885430907177,16.507861105435747,14.673772212796537,11.404634605395676,165078.61105435746,146737.72212796536,114046.34605395676,11.630863794437802
1987-05-31,13.17833726001913,0.004364010668689744,1987-05-29,0.008362457778342991,11.903267162786769,True,True,True,2,2.0,True,True,0.008362457778342991,0.008362457778342991,0.008362457778342991,16.645907396940704,14.796481013375072,11.500005380760728,166459.07396940704,147964.81013375073,115000.05380760727,11.903267162786769
1987-06-30,13.844930531825536,0.004818441234761162,1987-06-30,0.050582502075488645,12.164843739284697,True,True,True,2,2.0,True,True,0.050582502075488645,0.050582502075488645,0.050582502075488645,17.487899042394847,15.544924044944045,12.081704426801188,174878.99042394847,155449.24044944046,120817.04426801189,12.164843739284697
1987-07-31,14.549533595059863,0.004827120445842992,1987-07-31,0.050892495387726555,12.590015560650942,True,True,True,2,2.0,True,True,0.050892495387726555,0.050892495387726555,0.050892495387726555,18.377901863750953,16.336044020203918,12.696572513618044,183779.01863750952,163360.44020203917,126965.72513618044,12.590015560650942
1987-08-31,15.094762050801952,0.0046355048975286195,1987-08-31,0.03747394733857412,13.01010087081527,True,True,True,2,2.0,True,True,0.03747394733857412,0.03747394733857412,0.03747394733857412,19.06659439038664,16.94822007353767,13.172363203373754,190665.9439038664,169482.20073537668,131723.63203373755,13.01010087081527
1987-09-30,14.765775614434524,0.004912659878673287,1987-09-30,-0.021794741464636003,13.371140453445614,True,True,True,3,3.0,True,True,-0.021794741464636003,-0.021794741464636003,-0.021794741464636003,18.651042895037083,16.57883799874916,12.88527495287794,186510.42895037084,165788.37998749161,128852.74952877939,13.371140453445614
1987-10-31,11.581706129127573,0.005430479987242887,1987-10-30,-0.21563848513276285,13.442227314295064,False,False,True,1,1.0,False,True,-0.21563848513276285,-0.21563848513276285,-0.21563848513276285,14.629160259005106,13.003802487437406,10.106713781520208,146291.60259005107,130038.02487437407,101067.13781520208,13.442227314295064
1987-11-30,10.617736506419861,0.00471639272505886,1987-11-30,-0.08323209136548226,13.270685686079664,False,False,True,1,1.0,False,True,-0.08323209136548226,0.00471639272505886,-0.08323209136548226,13.411544655727312,13.065133526887259,9.26551085665194,134115.44655727313,130651.33526887259,92655.1085665194,13.270685686079664
1987-12-31,11.420363127833788,0.004845984682071869,1987-12-31,0.07559300618626486,13.131056751728483,False,False,True,1,1.0,False,True,0.07559300618626486,0.004845984682071869,0.07559300618626486,14.425363633855074,13.128446963827777,9.965918676157735,144253.63633855074,131284.46963827778,99659.18676157735,13.131056751728483
1988-01-31,11.89852623645424,0.004462047590957807,1988-01-29,0.041869343668685,13.002071895073906,False,False,True,1,1.0,False,True,0.041869343668685,0.004462047590957807,0.041869343668685,15.029344141386703,13.187026718975742,10.38318515018395,150293.44141386703,131870.26718975743,103831.8515018395,13.002071895073906
1988-02-29,12.45354785302644,0.0044865356790446675,1988-02-29,0.04664624891709246,12.940521890500293,False,False,True,1,1.0,False,True,0.04664624891709246,0.0044865356790446675,0.04664624891709246,15.730406669266472,13.246190784850942,10.867521789251688,157304.06669266472,132461.9078485094,108675.21789251688,12.940521890500293
1988-03-31,12.068590668019644,0.0050391270569778435,1988-03-31,-0.030911447047055285,12.829547231300342,False,False,True,1,1.0,False,True,-0.030911447047055285,0.0050391270569778435,-0.030911447047055285,15.244157036480797,13.312940023236775,10.531590964930515,152441.57036480797,133129.40023236774,105315.90964930516,12.829547231300342
1988-04-30,12.202147645357341,0.004409272272347442,1988-04-29,0.011066493264338506,12.665268942653523,False,False,True,1,1.0,False,True,0.011066493264338506,0.004409272272347442,0.011066493264338506,15.41285639764553,13.371640400544658,10.648138745406687,154128.5639764553,133716.4040054466,106481.38745406686,12.665268942653523
1988-05-31,12.307513805165966,0.004809578883691268,1988-05-31,0.008635050392027832,12.441066963664133,False,False,True,0,0.0,False,True,0.008635050392027832,0.004809578883691268,0.008635050392027832,15.545947189324288,13.435952359855431,10.740085960054577,155459.47189324288,134359.5235985543,107400.85960054577,12.441066963664133
1988-06-30,12.872239809922545,0.005322417886707065,1988-06-30,0.04588465336675407,12.218814739576192,True,True,True,1,1.0,False,True,0.04588465336675407,0.005322417886707065,0.04588465336675407,16.2592675873643,13.50746411302047,11.232891081460822,162592.675873643,135074.6411302047,112328.91081460823,12.218814739576192
1988-07-31,12.823715048367548,0.004980547752621689,1988-07-29,-0.0037697216857001115,12.024608682969495,True,True,True,0,0.0,False,True,-0.0037697216857001115,-0.0037697216857001115,-0.0037697216857001115,16.19797467374661,13.4565447326348,11.190546208357933,161979.7467374661,134565.447326348,111905.46208357933,12.024608682969495
1988-08-31,12.388386997441078,0.005974623829804626,1988-08-31,-0.033947108874809784,12.105276769800843,True,True,True,0,0.0,False,True,-0.033947108874809784,-0.033947108874809784,-0.033947108874809784,15.648100263945523,12.999733943517299,10.810659517854216,156481.00263945523,129997.339435173,108106.59517854216,12.105276769800843
1988-09-30,12.916141553824817,0.005707830749556608,1988-09-30,0.04260074830506588,12.335117274541341,True,True,True,1,1.0,False,True,0.04260074830506588,0.04260074830506588,0.04260074830506588,16.3147210447423,13.5535323372779,11.271201702986088,163147.210447423,135535.323372779,112712.01702986089,12.335117274541341
1988-10-31,13.275680603640934,0.005846017230789036,1988-10-31,0.0278364129347628,12.520649022122054,True,True,True,1,1.0,False,True,0.0278364129347628,0.0278364129347628,0.0278364129347628,16.76886435665921,13.930814060143028,11.584951527861412,167688.6435665921,139308.1406014303,115849.51527861411,12.520649022122054
1988-11-30,13.086668569218803,0.005943078977091343,1988-11-30,-0.014237464734598526,12.63946325539851,True,True,True,0,0.0,False,True,-0.014237464734598526,-0.014237464734598526,-0.014237464734598526,16.53011824174201,13.732474586237492,11.420011189031452,165301.1824174201,137324.74586237493,114200.11189031453,12.63946325539851
1988-12-31,13.314962150523582,0.006247463339720705,1988-12-30,0.01744474387024275,12.725604685148225,True,True,True,0,0.0,False,True,0.01744474387024275,0.01744474387024275,0.01744474387024275,16.818481920614026,13.972034088099024,11.619230359219413,168184.81920614027,139720.34088099023,116192.30359219413,12.725604685148225
1989-01-31,14.289599481332504,0.006495758535068674,1989-01-31,0.0731986557521378,12.947705566479513,True,True,True,0,0.0,False,True,0.0731986557521378,0.0731986557521378,0.0731986557521378,18.049572188994606,14.994768201470919,12.469742402388704,180495.72188994606,149947.6820147092,124697.42402388704,12.947705566479513
1989-02-28,13.933758281511945,0.00601843139725422,1989-02-28,-0.02490211151722055,13.120866630094971,True,True,True,0,0.0,False,True,-0.02490211151722055,-0.02490211151722055,-0.02490211151722055,17.60009972950614,14.621366811543018,12.159219486493406,176000.99729506142,146213.6681154302,121592.19486493406,13.120866630094971
1989-03-31,14.258637391781585,0.007182458031896655,1989-03-31,0.023315971449045847,13.315978988756536,True,True,True,0,0.0,False,True,0.023315971449045847,0.023315971449045847,0.023315971449045847,18.010463152299664,14.962278182666982,12.442723500883169,180104.63152299664,149622.78182666982,124427.23500883169,13.315978988756536
1989-04-30,14.998973192780356,0.0067308810104245165,1989-04-28,0.05192191796850709,13.528652327042314,True,True,True,1,1.0,False,True,0.05192191796850709,0.05192191796850709,0.05192191796850709,18.945600942668186,15.7391483630894,13.08877356980084,189456.00942668185,157391.483630894,130887.73569800839,13.528652327042314
1989-05-31,15.605753426757978,0.007260862330459084,1989-05-31,0.04045478488285381,13.806856164881358,True,True,True,1,1.0,False,True,0.04045478488285381,0.04045478488285381,0.04045478488285381,19.71204115328022,16.375872224357504,13.618277088947515,197120.41153280222,163758.72224357503,136182.77088947516,13.806856164881358
1989-06-30,15.5174859448083,0.007080408452789788,1989-06-30,-0.00565608590216049,14.119766059618081,True,True,True,0,0.0,False,True,-0.00565608590216049,-0.00565608590216049,-0.00565608590216049,19.600548155210348,16.283248884333734,13.541250943893004,196005.48155210348,162832.48884333734,135412.50943893005,14.119766059618081
1989-07-31,16.918672106016476,0.006227563817741366,1989-07-31,0.09029724055764143,14.520019114837249,True,True,True,0,0.0,False,True,0.09029724055764143,0.09029724055764143,0.09029724055764143,21.370423567043012,17.753581325902363,14.7639885378251,213704.23567043012,177535.81325902362,147639.885378251,14.520019114837249
1989-08-31,17.249096580962902,0.006947513071074551,1989-08-31,0.01953016601278801,14.917360712569442,True,True,True,0,0.0,False,True,0.01953016601278801,0.01953016601278801,0.01953016601278801,21.787791487070958,18.10031171651877,15.052331684979723,217877.9148707096,181003.11716518772,150523.31684979724,14.917360712569442
1989-09-30,17.17931411804137,0.006052743179224107,1989-09-29,-0.004045572044541146,15.326625267451698,True,True,True,0,0.0,False,True,-0.004045572044541146,-0.004045572044541146,-0.004045572044541146,21.699647406918572,18.02708560144094,14.991436392709808,216996.47406918573,180270.85601440942,149914.36392709808,15.326625267451698
1989-10-31,16.780493521342603,0.006533698688006906,1989-10-31,-0.02321516411880098,15.673178404533601,True,True,True,2,3.0,True,True,-0.02321516411880098,-0.02321516411880098,-0.02321516411880098,21.195886531046842,17.608583850619816,14.643407736476483,211958.86531046842,176085.83850619817,146434.07736476485,15.673178404533601
1989-11-30,17.12247271978774,0.006155891290390292,1989-11-30,0.020379567383413733,15.956465728379124,True,True,True,1,2.0,True,True,0.020379567383413733,0.020379567383413733,0.020379567383413733,21.627849528857503,17.967439171730014,14.941834051164808,216278.49528857504,179674.39171730014,149418.34051164807,15.956465728379124
1989-12-31,17.53377038700928,0.005897204844085513,1989-12-29,0.024020926997665448,16.316466938928862,True,True,True,4,5.0,True,True,0.024020926997665448,0.024020926997665448,0.024020926997665448,22.147370523506684,18.399033716409136,15.300750756119069,221473.70523506682,183990.33716409135,153007.5075611907,16.316466938928862
1990-01-31,16.356718783598293,0.0064402371714915585,1990-01-31,-0.06713054736265178,16.52627507811053,False,False,True,3,4.0,True,False,-0.06713054736265178,-0.06713054736265178,-0.06713054736265178,20.66060541762022,17.163896512082705,14.273602982801288,206606.05417620222,171638.96512082705,142736.0298280129,16.52627507811053
1990-02-28,16.567451103215543,0.005570015685203877,1990-02-28,0.01288353259631525,16.68312286915405,False,False,True,2,3.0,True,False,0.005570015685203877,0.005570015685203877,0.01288353259631525,20.775685313862173,17.25949968487422,14.457497412097071,207756.85313862172,172594.99684874222,144574.9741209707,16.68312286915405
1990-03-31,17.006477004137572,0.006529622814064107,1990-03-30,0.02649930264993028,16.823195226892008,True,True,True,2,3.0,True,True,0.006529622814064107,0.006529622814064107,0.02649930264993028,20.911342702665383,17.372197707775907,14.840611011580815,209113.42702665384,173721.97707775907,148406.11011580814,16.823195226892008
1990-04-30,16.582239682564676,0.006047930323619832,1990-04-30,-0.02494563227114477,16.929670600667645,False,False,True,1,1.0,False,True,-0.02494563227114477,-0.02494563227114477,-0.02494563227114477,20.389696037308806,16.938837252016107,14.470402586606818,203896.96037308805,169388.37252016107,144704.02586606817,16.929670600667645
1990-05-31,18.198778360409726,0.006552975357000834,1990-05-31,0.09748614836057112,17.057681226106972,True,True,True,2,3.0,True,True,0.09748614836057112,0.006552975357000834,0.09748614836057112,22.377408970228842,17.049837035104815,15.881066400001963,223774.08970228842,170498.37035104816,158810.66400001963,17.057681226106972
1990-06-30,18.07585234923012,0.006231898920787904,1990-06-29,-0.006754629829825443,17.14035680293369,True,True,True,1,1.0,False,True,-0.006754629829825443,-0.006754629829825443,-0.006754629829825443,22.22625785608433,16.934671697273835,15.77379567516707,222262.5785608433,169346.71697273836,157737.95675167072,17.14035680293369
1990-07-31,18.01808578331933,0.006220036554331676,1990-07-31,-0.0031957865551636155,17.224233969461487,True,True,True,3,3.0,True,True,-0.0031957865551636155,-0.0031957865551636155,-0.0031957865551636155,22.155227480056258,16.88055210114758,15.723385991024474,221552.2748005626,168805.5210114758,157233.85991024473,17.224233969461487
1990-08-31,16.389529798146988,0.0067187177506811135,1990-08-31,-0.09038451724322538,17.185137597141928,False,False,True,4,5.0,True,False,-0.09038451724322538,-0.09038451724322538,-0.09038451724322538,20.15273793985753,15.354811548686241,14.302235338796834,201527.37939857531,153548.1154868624,143022.35338796832,17.185137597141928
1990-09-30,15.591890015066006,0.0054323739674160265,1990-09-28,-0.048667642873510775,17.032079326669752,False,False,True,4,5.0,True,False,0.0054323739674160265,0.0054323739674160265,-0.048667642873510775,20.26221514881417,15.438224627217902,13.606179257035365,202622.1514881417,154382.24627217904,136061.79257035366,17.032079326669752
1990-10-31,15.525342818311449,0.006495732110715968,1990-10-31,-0.004268064788185089,16.83123656979997,False,False,True,4,5.0,True,False,0.006495732110715968,0.006495732110715968,-0.004268064788185089,20.39383307039056,15.538507198661367,13.548107202446678,203938.3307039056,155385.07198661368,135481.0720244668,16.83123656979997
1990-11-30,16.529094723990056,0.005783097175199536,1990-11-30,0.06465247933171092,16.848474163839146,False,False,True,4,5.0,True,False,0.005783097175199536,0.005783097175199536,0.06465247933171092,20.511772588811425,15.628367895748763,14.424025923336666,205117.72588811425,156283.67895748763,144240.25923336667,16.848474163839146
1990-12-31,16.989378326278626,0.005416965517466066,1990-12-31,0.027846873042630893,16.890666886145453,True,True,True,5,6.0,True,True,0.005416965517466066,0.005416965517466066,0.027846873042630893,20.622884153627123,15.713026225734307,14.82568994198744,206228.8415362712,157130.26225734307,148256.8994198744,16.890666886145453
1991-01-31,17.72925295376536,0.005691068315265779,1991-01-31,0.04354924666915694,16.962944481108234,True,True,True,5,6.0,True,True,0.04354924666915694,0.04354924666915694,0.04354924666915694,21.52099522266288,16.397316680757744,15.47133757031149,215209.95222662878,163973.16680757742,154713.3757031149,16.962944481108234
1991-02-28,18.997343311147873,0.004549455716011286,1991-02-28,0.07152531247026928,17.204454843966552,True,True,True,5,6.0,True,True,0.07152531247026928,0.07152531247026928,0.07152531247026928,23.060291130635015,17.5701398800229,16.577929824361036,230602.91130635014,175701.398800229,165779.29824361036,17.204454843966552
1991-03-31,19.457165739924406,0.004590082472099022,1991-03-28,0.024204564882854163,17.33029358191802,True,True,True,5,6.0,True,True,0.024204564882854163,0.024204564882854163,0.024204564882854163,23.618455443523978,17.99541747074974,16.979191402418184,236184.55443523978,179954.17470749738,169791.91402418184,17.33029358191802
1991-04-30,19.503378992653044,0.0050155951905896945,1991-04-30,0.002375127669998367,17.473046246260317,True,True,True,5,6.0,True,True,0.002375127669998367,0.002375127669998367,0.002375127669998367,23.674552290570514,18.03815888471769,17.019519149732265,236745.52290570515,180381.5888471769,170195.19149732264,17.473046246260317
1991-05-31,20.344921929952847,0.004802583979120145,1991-05-31,0.04314857120998439,17.705729860923665,True,True,True,5,6.0,True,True,0.04314857120998439,0.04314857120998439,0.04314857120998439,24.696075395944696,18.816479667851944,17.75388708372418,246960.75395944697,188164.79667851943,177538.8708372418,17.705729860923665
1991-06-30,19.412801412193552,0.004228083716121267,1991-06-28,-0.04581588078679122,18.008057022328323,True,True,True,5,6.0,True,True,-0.04581588078679122,-0.04581588078679122,-0.04581588078679122,23.564602949702486,17.954386078562557,16.94047710959412,235646.02949702487,179543.86078562555,169404.7710959412,18.008057022328323
1991-07-31,20.31765628008094,0.0047436916738192725,1991-07-31,0.04661124629436686,18.480633648829816,True,True,True,5,6.0,True,True,0.04661124629436686,0.04661124629436686,0.04661124629436686,24.662978461620032,18.791262390134587,17.730093860493497,246629.7846162003,187912.62390134588,177300.93860493496,18.480633648829816
1991-08-31,20.79873641022401,0.004751622431240055,1991-08-30,0.02367793428096876,19.00797300802107,True,True,True,4,5.0,True,True,0.02367793428096876,0.02367793428096876,0.02367793428096876,25.24694684480722,19.236200666064633,18.14990585771767,252469.4684480722,192362.00666064632,181499.0585771767,19.00797300802107
1991-09-30,20.450750673590054,0.004125617878457666,1991-09-30,-0.016731099898111945,19.40013860298107,True,True,True,4,5.0,True,True,-0.016731099898111945,-0.016731099898111945,-0.016731099898111945,24.82453765502443,18.914357871060577,17.846237969670867,248245.37655024428,189143.57871060577,178462.37969670867,19.40013860298107
1991-10-31,20.72572009145205,0.0046461790165617245,1991-10-31,0.013445443751709751,19.773772779498415,True,True,True,4,5.0,True,True,0.013445443751709751,0.013445443751709751,0.013445443751709751,25.15831457972726,19.16866980591563,18.086188558471704,251583.14579727262,191686.6980591563,180861.88558471703,19.773772779498415
1991-11-30,19.89064627616965,0.0038721538036894376,1991-11-29,-0.04029166714582866,19.989912111738843,False,False,True,4,5.0,True,False,-0.04029166714582866,-0.04029166714582866,-0.04029166714582866,24.14464414273084,18.396332142467383,17.35746586913707,241446.4414273084,183963.32142467384,173574.65869137069,19.989912111738843
1991-12-31,22.16526263188571,0.003704110108693204,1991-12-31,0.11435608095053218,20.306704043812626,True,True,True,4,5.0,True,True,0.003704110108693204,0.003704110108693204,0.11435608095053218,24.23407856317073,18.464474182319176,19.342397641164208,242340.7856317073,184644.74182319175,193423.97641164207,20.306704043812626
1992-01-31,21.752578623494976,0.0034784987677312085,1992-01-31,-0.01861850298119494,20.53624533216968,True,True,True,1,2.0,True,True,-0.01861850298119494,-0.01861850298119494,-0.01861850298119494,23.782876299195824,18.12069331470947,18.982271153018733,237828.76299195824,181206.9331470947,189822.7115301873,20.53624533216968
1992-02-29,22.034017163374376,0.0028159411051731364,1992-02-28,0.012938169067248761,20.789309149241816,True,True,True,1,2.0,True,True,0.012938169067248761,0.012938169067248761,0.012938169067248761,24.09058317366028,18.355141908430944,19.227866986476847,240905.83173660282,183551.41908430945,192278.66986476848,20.789309149241816
1992-03-31,21.60561940797734,0.0033026945395837615,1992-03-31,-0.019442562480578074,20.915378897044263,True,True,True,1,2.0,True,True,-0.019442562480578074,-0.019442562480578074,-0.019442562480578074,23.62220050511283,17.9982709150364,18.85402798122403,236222.0050511283,179982.709150364,188540.27981224027,20.915378897044263
1992-04-30,22.240127875655453,0.003294777254674086,1992-04-30,0.029367751773126116,21.198111543390457,True,True,True,2,3.0,True,True,0.029367751773126116,0.029367751773126116,0.029367751773126116,24.315931425881995,18.526839667614663,19.40772839490019,243159.31425881994,185268.39667614663,194077.2839490019,21.198111543390457
1992-05-31,22.348729301631053,0.002926016352325922,1992-05-29,0.004883129565746769,21.401218845545465,True,True,True,2,3.0,True,True,0.004883129565746769,0.004883129565746769,0.004883129565746769,24.43466926954639,18.61730862615544,19.502498847229308,244346.6926954639,186173.08626155442,195024.98847229307,21.401218845545465
1992-06-30,22.016455901686847,0.0031188867655309593,1992-06-30,-0.01486766408325313,21.522990794691754,True,True,True,1,2.0,True,True,-0.01486766408325313,-0.01486766408325313,-0.01486766408325313,24.071382814861387,18.34051273536751,19.21254224558467,240713.82814861386,183405.1273536751,192125.4224558467,21.522990794691754
1992-07-31,22.915765404897442,0.003125764823792121,1992-07-31,0.040847151204826515,21.769492267822493,True,True,True,2,3.0,True,True,0.040847151204826515,0.040847151204826515,0.040847151204826515,25.05463022840929,19.089670432243114,19.997319863719184,250546.3022840929,190896.70432243115,199973.19863719185,21.769492267822493
1992-08-31,22.44670117176511,0.0026333475900559566,1992-08-31,-0.02046906244868807,21.941590375853796,True,True,True,1,2.0,True,True,-0.02046906244868807,-0.02046906244868807,-0.02046906244868807,24.541785437635195,18.698922776040657,19.587993474622326,245417.85437635196,186989.22776040656,195879.93474622327,21.941590375853796
1992-09-30,22.71057844995698,0.002563150222215649,1992-09-30,0.011755726428246405,22.22358359323253,True,True,True,1,2.0,True,True,0.011755726428246405,0.011755726428246405,0.011755726428246405,24.830291953300755,18.918742196698698,19.818264567188262,248302.91953300755,189187.421966987,198182.6456718826,22.22358359323253
1992-10-31,22.78914154372228,0.002507352230180393,1992-10-30,0.003459317160873443,22.285971484416187,True,True,True,2,3.0,True,True,0.003459317160873443,0.003459317160873443,0.003459317160873443,24.916187808364306,18.98418812624188,19.886822229904265,249161.87808364307,189841.88126241878,198868.22229904265,22.285971484416187
1992-11-30,23.565062451924693,0.002250920698112502,1992-11-30,0.03404783399645672,22.467219867259157,True,True,True,2,3.0,True,True,0.03404783399645672,0.03404783399645672,0.03404783399645672,25.764530034688033,19.630558612121668,20.563925451905092,257645.30034688034,196305.58612121668,205639.2545190509,22.467219867259157
1992-12-31,23.85435645499069,0.0026977412450812643,1992-12-31,0.012276394499534549,22.649253796420787,True,True,True,0,0.0,False,True,0.012276394499534549,0.012276394499534549,0.012276394499534549,26.08082556948897,19.871551093890307,20.8163763132117,260808.2556948897,198715.51093890308,208163.763132117,22.649253796420787
1993-01-31,24.05353546142578,0.0025184395045716457,1993-01-29,0.008349795845924879,22.894045401765634,True,True,True,1,1.0,False,True,0.008349795845924879,0.008349795845924879,0.008349795845924879,26.29859513848738,20.037474488666156,20.99018880567896,262985.95138487377,200374.74488666156,209901.8880567896,22.894045401765634
1993-02-28,24.310150146484375,0.0022311251152475897,1993-02-26,0.010668480958656579,23.101047628848526,True,True,True,1,1.0,False,True,0.010668480958656579,0.010668480958656579,0.010668480958656579,26.57916119996175,20.25124390370806,21.214122235270953,265791.6119996175,202512.4390370806,212141.22235270953,23.101047628848526
1993-03-31,24.85467529296875,0.0026400277901132974,1993-03-31,0.02239908611025676,23.351642227982296,True,True,True,1,1.0,False,True,0.02239908611025676,0.02239908611025676,0.02239908611025676,27.174510120418088,20.704853259747026,21.6892991859723,271745.10120418086,207048.53259747024,216892.991859723,23.351642227982296
1993-04-30,24.218692779541016,0.002422615591412214,1993-04-30,-0.02558804353431443,23.57186591576771,True,True,True,2,2.0,True,True,-0.02558804353431443,-0.02558804353431443,-0.02558804353431443,26.479167572433163,20.175056573165026,21.134312454172868,264791.67572433164,201750.56573165028,211343.12454172867,23.57186591576771
1993-05-31,24.871862411499023,0.00224822738283037,1993-05-28,0.026969648523300194,23.76747561642787,True,True,True,1,1.0,False,True,0.026969648523300194,0.026969648523300194,0.026969648523300194,27.193301415051252,20.719170757880985,21.704297432843514,271933.0141505125,207191.70757880984,217042.97432843514,23.76747561642787
1993-06-30,24.96158790588379,0.002554113770179667,1993-06-30,0.003607510081081955,24.018964289839737,True,True,True,1,1.0,False,True,0.003607510081081955,0.003607510081081955,0.003607510081081955,27.29140152404395,20.793915375261697,21.782595904635297,272914.0152404395,207939.15375261699,217825.95904635297,24.018964289839737
1993-07-31,24.84040641784668,0.002523026075204715,1993-07-30,-0.004854718717976492,24.231947086628708,True,True,True,1,1.0,False,True,-0.004854718717976492,-0.004854718717976492,-0.004854718717976492,27.15890944622536,20.692966765069396,21.676847528570946,271589.09446225356,206929.66765069397,216768.47528570946,24.231947086628708
1993-08-31,25.792491912841797,0.002617075570691574,1993-08-31,0.03832809652869007,24.53228212354066,True,True,True,1,1.0,False,True,0.03832809652869007,0.03832809652869007,0.03832809652869007,28.199858749094236,21.486088792705953,22.50767983308371,281998.5874909424,214860.88792705952,225076.7983308371,24.53228212354066
1993-09-30,25.60482406616211,0.002479785509081456,1993-09-30,-0.007276064961611928,24.7362582849644,True,True,True,1,1.0,False,True,-0.007276064961611928,-0.007276064961611928,-0.007276064961611928,27.994674744927547,21.329754614879263,22.34391249248303,279946.74744927546,213297.54614879264,223439.1249248303,24.7362582849644
1993-10-31,26.10994529724121,0.0024257079041967167,1993-10-29,0.01972758062206892,24.96181716918945,True,True,True,1,1.0,False,True,0.01972758062206892,0.01972758062206892,0.01972758062206892,28.546941947946703,21.75053906869324,22.784703827590942,285469.41947946703,217505.3906869324,227847.0382759094,24.96181716918945
1993-11-30,25.831256866455078,0.0024855774623671056,1993-11-30,-0.010673650504184673,25.139589309692383,True,True,True,1,1.0,False,True,-0.010673650504184673,-0.010673650504184673,-0.010673650504184673,28.242241866631073,21.518381416396394,22.541507862093876,282422.4186663107,215183.81416396395,225415.07862093876,25.139589309692383
1993-12-31,26.148391723632812,0.0026672590078269387,1993-12-31,0.01227717485127755,25.323413467407228,True,True,True,1,1.0,False,True,0.01227717485127755,0.01227717485127755,0.01227717485127755,28.588976808219773,21.782566347561975,22.81825389552825,285889.7680821977,217825.66347561975,228182.5389552825,25.323413467407228
1994-01-31,27.06034278869629,0.0025118309097638125,1994-01-31,0.03487599064225644,25.543980216979982,True,True,True,1,1.0,False,True,0.03487599064225644,0.03487599064225644,0.03487599064225644,29.58604569585493,22.542254927663876,23.614063104861327,295860.45695854933,225422.54927663878,236140.63104861326,25.543980216979982
1994-02-28,26.271141052246094,0.002226864681958096,1994-02-28,-0.029164513643184953,25.749225044250487,True,True,True,1,1.0,False,True,-0.029164513643184953,-0.029164513643184953,-0.029164513643184953,28.723183062510277,21.88482102627787,22.92537043926857,287231.83062510274,218848.21026277868,229253.7043926857,25.749225044250487
1994-03-31,25.17036247253418,0.002932977053280883,1994-03-31,-0.04190067639326234,25.779075050354002,False,False,True,1,1.0,False,True,-0.04190067639326234,-0.04190067639326234,-0.04190067639326234,27.519662264023598,20.96783222253134,21.964781911297113,275196.622640236,209678.3222253134,219647.81911297113,25.779075050354002
1994-04-30,25.452585220336914,0.0025971250650049793,1994-04-29,0.011212502327318186,25.828174781799316,False,False,True,1,1.0,False,True,0.011212502327318186,0.0025971250650049793,0.011212502327318186,27.82822654120597,21.022288305155293,22.21106207959657,278282.2654120597,210222.88305155293,222110.6207959657,25.828174781799316
1994-05-31,25.858266830444336,0.0030337468655203814,1994-05-31,0.015938719253684175,25.929960823059083,False,False,True,1,1.0,False,True,0.015938719253684175,0.0030337468655203814,0.015938719253684175,28.271772831374175,21.086064606407124,22.56507796240941,282717.72831374174,210860.64606407125,225650.7796240941,25.929960823059083
1994-06-30,25.26573944091797,0.0035477512753110396,1994-06-30,-0.022914427846678187,25.8772855758667,False,False,True,1,1.0,False,True,-0.022914427846678187,0.0035477512753110396,-0.022914427846678187,27.623941332731974,21.160872719005795,22.048012111585113,276239.4133273197,211608.72719005795,220480.12111585113,25.8772855758667
1994-07-31,26.082481384277344,0.003224708996919734,1994-07-29,0.03232606531343629,25.925051307678224,True,True,True,1,1.0,False,True,0.03232606531343629,0.003224708996919734,0.03232606531343629,28.5169146644684,21.229110375645448,22.760737591135648,285169.14664468396,212291.10375645448,227607.37591135647,25.925051307678224
1994-08-31,27.076770782470703,0.0038820328768356394,1994-08-31,0.03812096646574137,26.021733856201173,True,True,True,1,1.0,False,True,0.03812096646574137,0.03812096646574137,0.03812096646574137,29.604007012099007,22.03838458037295,23.62839890558287,296040.0701209901,220383.8458037295,236283.9890558287,26.021733856201173
1994-09-30,26.392948150634766,0.003664133659023072,1994-09-30,-0.025254955154350944,26.07790298461914,True,True,True,0,0.0,False,True,-0.025254955154350944,-0.025254955154350944,-0.025254955154350944,28.856359142619358,21.48180616612129,23.03166475085326,288563.5914261936,214818.0616612129,230316.6475085326,26.07790298461914
1994-10-31,27.143217086791992,0.0037833487819123324,1994-10-31,0.028426871142820165,26.177385520935058,True,True,True,0,0.0,False,True,0.028426871142820165,0.028426871142820165,0.028426871142820165,29.676655145617538,22.09246670192066,23.6863829169304,296766.5514561754,220924.6670192066,236863.829169304,26.177385520935058
1994-11-30,26.062488555908203,0.004047157662846912,1994-11-30,-0.03981578629490001,26.07760009765625,False,False,True,0,0.0,False,True,-0.03981578629490001,-0.03981578629490001,-0.03981578629490001,28.495055786392186,21.212837768989793,22.74329095661073,284950.55786392186,212128.37768989793,227432.9095661073,26.07760009765625
1994-12-31,26.25229263305664,0.004304928185399293,1994-12-30,0.007282653639972825,26.075715255737304,True,True,True,1,1.0,False,True,0.007282653639972825,0.004304928185399293,0.007282653639972825,28.702575408136184,21.30415751219382,22.90892246728085,287025.7540813618,213041.57512193822,229089.2246728085,26.075715255737304
1995-01-31,27.134552001953125,0.004555156882148026,1995-01-31,0.03360694554294086,26.272134208679198,True,True,True,0,0.0,False,True,0.03360694554294086,0.03360694554294086,0.03360694554294086,29.66718129681957,22.020125173544354,23.678821377086212,296671.8129681957,220201.25173544354,236788.21377086212,26.272134208679198
1995-02-28,28.241907119750977,0.004197771442629783,1995-02-28,0.040809780744422985,26.551066398620605,True,True,True,0,0.0,False,True,0.040809780744422985,0.040809780744422985,0.040809780744422985,30.877892460847825,22.918761653841447,24.645148885771455,308778.92460847826,229187.61653841447,246451.48885771455,26.551066398620605
1995-03-31,29.028383255004883,0.005131561091244352,1995-03-31,0.027847840867088136,26.86807804107666,True,True,True,0,0.0,False,True,0.027847840867088136,0.027847840867088136,0.027847840867088136,31.737775096408576,23.556999681248346,25.331463070088112,317377.75096408575,235569.99681248347,253314.63070088113,26.86807804107666
1995-04-30,29.888280868530273,0.004209833726527279,1995-04-28,0.029622649183437932,27.33033218383789,True,True,True,1,1.0,False,True,0.029622649183437932,0.029622649183437932,0.029622649183437932,32.67793207395234,24.254820418620326,26.081848113916546,326779.3207395234,242548.20418620328,260818.48113916547,27.33033218383789
1995-05-31,31.074058532714844,0.004810515955320449,1995-05-31,0.039673665722042006,27.82948989868164,True,True,True,2,3.0,True,True,0.039673665722042006,0.039673665722042006,0.039673665722042006,33.97438542754192,25.217098056056827,27.116610637401145,339743.8542754192,252170.98056056828,271166.10637401143,27.82948989868164
1995-06-30,31.70265007019043,0.004818811801059031,1995-06-30,0.02022882002406612,28.292077827453614,True,True,True,1,1.0,False,True,0.02022882002406612,0.02022882002406612,0.02022882002406612,34.66164715578392,25.727210194162026,27.66514767364781,346616.4715578392,257272.10194162026,276651.4767364781,28.292077827453614
1995-07-31,32.72239303588867,0.004233751176441425,1995-07-31,0.0321658587985707,28.925022315979003,True,True,True,0,0.0,False,True,0.0321658587985707,0.0321658587985707,0.0321658587985707,35.77656880392274,26.55474800454859,28.55502090735997,357765.68803922745,265547.4800454859,285550.2090735997,28.925022315979003
1995-08-31,32.868072509765625,0.004828287565110445,1995-08-31,0.004451981055211274,29.497507858276368,True,True,True,1,2.0,True,True,0.004451981055211274,0.004451981055211274,0.004451981055211274,35.93584541045827,26.67296923959075,28.6821473194707,359358.4541045827,266729.6923959075,286821.473194707,29.497507858276368
1995-09-30,34.26089859008789,0.004182727265103381,1995-09-29,0.04237626285838436,30.317348861694335,True,True,True,0,0.0,False,True,0.04237626285838436,0.04237626285838436,0.04237626285838436,37.45867224161012,27.803269995301246,29.897589533623496,374586.72241610114,278032.69995301246,298975.89533623494,30.317348861694335
1995-10-31,34.160194396972656,0.004502057099309731,1995-10-31,-0.002939333095728247,31.108139038085938,True,True,True,1,1.0,False,True,-0.002939333095728247,-0.002939333095728247,-0.002939333095728247,37.34856872656832,27.721546923634588,29.80971055922482,373485.68726568314,277215.4692363459,298097.1055922482,31.108139038085938
1995-11-30,35.67966842651367,0.004300006321119154,1995-11-30,0.04448083672719605,31.96265068054199,True,True,True,0,0.0,False,True,0.04448083672719605,0.04448083672719605,0.04448083672719605,39.00986431408926,28.954624526170083,31.13567142749467,390098.6431408926,289546.2452617008,311356.7142749467,31.96265068054199
1995-12-31,36.240997314453125,0.004152476423436413,1995-12-29,0.015732458083111744,32.762559700012204,True,True,True,1,2.0,True,True,0.015732458083111744,0.015732458083111744,0.015732458083111744,39.62358536923855,29.410151942840294,31.62551207311727,396235.8536923855,294101.51942840294,316255.12073117273,32.762559700012204
1996-01-31,37.530391693115234,0.004380060425488885,1996-01-31,0.035578335978847075,33.61276054382324,True,True,True,1,1.0,False,True,0.035578335978847075,0.035578335978847075,0.035578335978847075,41.03332660219185,30.456516209851607,32.75069516715772,410333.2660219185,304565.16209851607,327506.95167157723,33.61276054382324
1996-02-29,37.650123596191406,0.0038732871159199433,1996-02-29,0.0031902652137290044,34.38894481658936,True,True,True,1,2.0,True,True,0.0031902652137290044,0.0031902652137290044,0.0031902652137290044,41.1642337966544,30.55368057404727,32.85517857067495,411642.33796654403,305536.8057404727,328551.78570674954,34.38894481658936
1996-03-31,38.29839324951172,0.003938552833674169,1996-03-29,0.017218260961721965,35.111378288269044,True,True,True,0,0.0,False,True,0.017218260961721965,0.017218260961721965,0.017218260961721965,41.87301031645453,31.07976181951231,33.42088760924881,418730.1031645453,310797.6181951231,334208.87609248806,35.111378288269044
1996-04-30,38.714691162109375,0.00404186322849176,1996-04-30,0.010869853204689361,35.812582397460936,True,True,True,0,0.0,False,True,0.010869853204689361,0.010869853204689361,0.010869853204689361,42.328163791832836,31.417594268127118,33.78416775153176,423281.63791832834,314175.9426812712,337841.6775153176,35.812582397460936
1996-05-31,39.593505859375,0.004229441520225308,1996-05-31,0.022699772899795967,36.49969367980957,True,True,True,0,0.0,False,True,0.022699772899795967,0.022699772899795967,0.022699772899795967,43.28900349717281,32.130766523071536,34.55106068710014,432890.03497172805,321307.66523071536,345510.6068710014,36.49969367980957
1996-06-30,39.94279098510742,0.003894916518889069,1996-06-28,0.008821778171728134,37.20716552734375,True,True,True,1,2.0,True,True,0.008821778171728134,0.008821778171728134,0.008821778171728134,43.67088948330003,32.41421701782566,34.85586248007965,436708.8948330003,324142.17017825664,348558.6248007965,37.20716552734375
1996-07-31,38.147918701171875,0.004345937958625701,1996-07-31,-0.04493607581415027,37.59586753845215,True,True,True,0,0.0,False,True,-0.04493607581415027,-0.04493607581415027,-0.04493607581415027,41.70849108260708,30.95764930445633,33.289576801107195,417084.9108260708,309576.4930445633,332895.76801107195,37.59586753845215
1996-08-31,38.88261413574219,0.004393710497215597,1996-08-30,0.019259122373765036,38.0681095123291,True,True,True,0,0.0,False,True,0.019259122373765036,0.019259122373765036,0.019259122373765036,42.5117600163921,31.553866460814955,33.93070483449057,425117.600163921,315538.66460814956,339307.0483449057,38.0681095123291
1996-09-30,41.05506134033203,0.003919189876828266,1996-09-30,0.055871943100473276,38.605648803710935,True,True,True,0,0.0,False,True,0.055871943100473276,0.055871943100473276,0.055871943100473276,44.88697465312894,33.31684229231354,35.82647924436218,448869.74653128936,333168.4229231354,358264.79244362185,38.605648803710935
1996-10-31,42.38243865966797,0.0045377550427008195,1996-10-31,0.03233163649013804,39.21979293823242,True,True,True,0,0.0,False,True,0.03233163649013804,0.03233163649013804,0.03233163649013804,46.33824400075594,34.39403032630788,36.984807948012374,463382.44000755943,343940.3032630788,369848.07948012376,39.21979293823242
1996-11-30,45.47654342651367,0.0038721538036896597,1996-11-29,0.07300440618085813,40.014408111572266,True,True,True,0,0.0,False,True,0.07300440618085813,0.07300440618085813,0.07300440618085813,49.721139987494844,36.90494608644641,39.6848618899701,497211.39987494843,369049.46086446405,396848.618899701,40.014408111572266
1996-12-31,44.39430618286133,0.0040934721562084775,1996-12-31,-0.023797702334196758,40.688826370239255,True,True,True,0,0.0,False,True,-0.023797702334196758,-0.023797702334196758,-0.023797702334196758,48.537891098355516,36.02669316482158,38.74045335953888,485378.91098355514,360266.9316482158,387404.5335953888,40.688826370239255
1997-01-31,47.137245178222656,0.004193364406849254,1997-01-31,0.06178582866152005,41.57271156311035,True,True,True,0,0.0,False,True,0.06178582866152005,0.06178582866152005,0.06178582866152005,51.53684492135003,38.2526322559444,41.13406437308096,515368.4492135003,382526.322559444,411340.6437308096,41.57271156311035
1997-02-28,47.5881233215332,0.0037024631637336824,1997-02-28,0.009565220487659065,42.46005477905273,True,True,True,1,2.0,True,True,0.009565220487659065,0.009565220487659065,0.009565220487659065,52.029806206261036,38.618527117705845,41.52752076836304,520298.06206261035,386185.27117705846,415275.2076836304,42.46005477905273
1997-03-31,45.48843765258789,0.003888088264332845,1997-03-31,-0.044122052360808794,43.04954795837402,True,True,True,0,0.0,False,True,-0.044122052360808794,-0.044122052360808794,-0.044122052360808794,49.734144372505654,36.91459844212111,39.69524132260675,497341.44372505654,369145.9844212111,396952.4132260675,43.04954795837402
1997-04-30,48.33617401123047,0.004360715880622479,1997-04-30,0.06260352092968757,43.888886260986325,True,True,True,0,0.0,False,True,0.06260352092968757,0.06260352092968757,0.06260352092968757,52.84767692064992,39.22558227830345,42.18030319355556,528476.7692064992,392255.82278303447,421803.03193555557,43.888886260986325
1997-05-31,51.391361236572266,0.004199262447568408,1997-05-30,0.06320705533358839,45.213230514526366,True,True,True,0,0.0,False,True,0.06320705533358839,0.06320705533358839,0.06320705533358839,56.18802296002504,41.7049158278604,44.84639595149816,561880.2296002504,417049.158278604,448463.9595149816,45.213230514526366
1997-06-30,53.5036735534668,0.004118129461355924,1997-06-30,0.04110247843350212,46.67533645629883,True,True,True,0,0.0,False,True,0.04110247843350212,0.04110247843350212,0.04110247843350212,58.49748996196059,43.41909123124605,46.689693973914906,584974.8996196059,434190.9123124605,466896.93973914906,46.67533645629883
1997-07-31,57.74457550048828,0.004228294748291228,1997-07-31,0.07926375266145991,48.34428787231445,True,True,True,0,0.0,False,True,0.07926375266145991,0.07926375266145991,0.07926375266145991,63.134220537621665,46.8606513393849,50.390494328902555,631342.2053762167,468606.513393849,503904.94328902557,48.34428787231445
1997-08-31,54.75321578979492,0.004104850864633969,1997-08-29,-0.05180330247068943,49.58136558532715,True,True,True,0,0.0,False,True,-0.05180330247068943,-0.05180330247068943,-0.05180330247068943,59.86365941486004,44.43311484407723,47.78010030953486,598636.5941486004,444331.1484407723,477801.0030953486,49.58136558532715
1997-09-30,57.386322021484375,0.004185619455329581,1997-09-30,0.048090439871117496,50.772343444824216,True,True,True,1,1.0,False,True,0.048090439871117496,0.048090439871117496,0.048090439871117496,62.74252912841542,46.56992288177278,50.07786635050651,627425.2912841542,465699.2288177278,500778.66350506514,50.772343444824216
1997-10-31,55.98014450073242,0.004448172541795303,1997-10-31,-0.02450370525968726,51.93092727661133,True,True,True,0,0.0,False,True,-0.02450370525968726,-0.02450370525968726,-0.02450370525968726,61.20510468740539,45.428787217511456,48.85077307341969,612051.0468740539,454287.8721751146,488507.7307341969,51.93092727661133
1997-11-30,58.14641189575195,0.0036630148154832565,1997-11-28,0.03869706686789964,53.031843948364255,True,True,True,0,0.0,False,True,0.03869706686789964,0.03869706686789964,0.03869706686789964,63.57356271615071,47.186748034195084,50.741154705590404,635735.6271615071,471867.48034195084,507411.54705590406,53.031843948364255
1997-12-31,59.25535583496094,0.0043789215105216606,1997-12-31,0.019071579880064915,54.19856719970703,True,True,True,0,0.0,False,True,0.019071579880064915,0.019071579880064915,0.019071579880064915,64.7860109957521,48.08667386860973,51.7088686907648,647860.109957521,480866.7386860973,517088.68690764805,54.19856719970703
1998-01-31,60.01847457885742,0.003999547835980888,1998-01-30,0.012878477112211462,55.651570892333986,True,True,True,0,0.0,False,True,0.012878477112211462,0.012878477112211462,0.012878477112211462,65.62035615555237,48.705956997429,52.374800172697164,656203.5615555238,487059.56997429,523748.00172697165,55.651570892333986
1998-02-28,64.1773910522461,0.0037187689787834266,1998-02-27,0.06929393828435826,57.23569259643555,True,True,True,0,0.0,False,True,0.06929393828435826,0.06929393828435826,0.06929393828435826,70.16744906519283,52.08098457568945,56.004056343519636,701674.4906519282,520809.8457568945,560040.5634351964,57.23569259643555
1998-03-31,67.30824279785156,0.004341766455675966,1998-03-31,0.04878434124965714,58.82738075256348,True,True,True,0,0.0,False,True,0.04878434124965714,0.04878434124965714,0.04878434124965714,73.59052184500713,54.62172109984801,58.73617733954693,735905.2184500713,546217.2109984801,587361.7733954693,58.82738075256348
1998-04-30,68.16918182373047,0.004107129485669159,1998-04-30,0.012790989484966708,60.293931579589845,True,True,True,0,0.0,False,True,0.012790989484966708,0.012790989484966708,0.012790989484966708,74.53181743611984,55.32038696008695,59.48747116628421,745318.1743611983,553203.8696008695,594874.7116628421,60.293931579589845
1998-05-31,66.75336456298828,0.003847864891036945,1998-05-29,-0.02076916904185766,61.194810485839845,True,True,True,0,0.0,False,True,-0.02076916904185766,-0.02076916904185766,-0.02076916904185766,72.9838535207922,54.17142849185193,58.25196582175902,729838.535207922,541714.2849185193,582519.6582175902,61.194810485839845
1998-06-30,69.59528350830078,0.004266645003879965,1998-06-30,0.042573418791960194,62.67901725769043,True,True,True,0,0.0,False,True,0.042573418791960194,0.042573418791960194,0.042573418791960194,76.09102568178396,56.477691403594264,60.73195115814372,760910.2568178396,564776.9140359426,607319.5115814372,62.67901725769043
1998-07-31,68.65481567382812,0.004254119292765868,1998-07-31,-0.01351338462987195,63.8058666229248,True,True,True,0,0.0,False,True,-0.01351338462987195,-0.01351338462987195,-0.01351338462987195,75.06277838486454,55.714486636650285,59.911256942821126,750627.7838486454,557144.8663665028,599112.5694282113,63.8058666229248
1998-08-31,58.96214294433594,0.0040430019781874105,1998-08-31,-0.14117979393522906,64.10406646728515,False,False,True,0,0.0,False,True,-0.14117979393522906,-0.14117979393522906,-0.14117979393522906,64.4654308002836,47.848726894080926,51.45299803323308,644654.308002836,478487.26894080924,514529.9803323308,64.10406646728515
1998-09-30,62.71446228027344,0.00400351319716119,1998-09-30,0.06363946675886467,64.56087150573731,False,False,True,0,0.0,False,True,0.06363946675886467,0.00400351319716119,0.06363946675886467,68.56797644079414,48.04028990366874,54.72743939121295,685679.7644079414,480402.89903668745,547274.3939121295,64.56087150573731
1998-10-31,67.79940795898438,0.0039754299198211385,1998-10-30,0.08108091010947538,65.41527671813965,True,True,True,1,2.0,True,True,0.08108091010947538,0.0039754299198211385,0.08108091010947538,74.12753037497879,48.23127070950867,59.16478998501365,741275.3037497879,482312.7070950867,591647.8998501365,65.41527671813965
1998-11-30,71.57461547851562,0.0031117895937269324,1998-11-30,0.05568201306145748,66.57089080810547,True,True,True,1,2.0,True,True,0.05568201306145748,0.05568201306145748,0.05568201306145748,78.25510048953194,50.91688495512622,62.45920459373757,782551.0048953195,509168.8495512622,624592.0459373756,66.57089080810547
1998-12-31,76.25720977783203,0.003688610503925327,1998-12-31,0.0654225561396411,67.77887268066407,True,True,True,0,0.0,False,True,0.0654225561396411,0.0654225561396411,0.0654225561396411,83.3747491945216,54.24799771955861,66.54544541270869,833747.491945216,542479.9771955861,665454.4541270869,67.77887268066407
1999-01-31,78.9433822631836,0.0032453415012134723,1999-01-29,0.03522516091498051,68.94238662719727,True,True,True,0,0.0,False,True,0.03522516091498051,0.03522516091498051,0.03522516091498051,86.31163815114476,56.15889216854556,68.8895194355304,863116.3815114476,561588.9216854556,688895.194355304,68.94238662719727
1999-02-28,76.41178131103516,0.003210247829594115,1999-02-26,-0.03206856457845342,69.76664657592774,True,True,True,0,0.0,False,True,-0.03206856457845342,-0.03206856457845342,-0.03206856457845342,83.54374780922268,54.357957108384156,66.68033143273347,835437.4780922268,543579.5710838416,666803.3143273346,69.76664657592774
1999-03-31,79.58045196533203,0.00396904988309732,1999-03-31,0.04146835213013511,71.0493553161621,True,True,True,0,0.0,False,True,0.04146835213013511,0.04146835213013511,0.04146835213013511,87.00816936164674,56.61209201482941,69.44545489674017,870081.6936164674,566120.9201482941,694454.5489674017,71.0493553161621
1999-04-30,82.60247802734375,0.0036267740400894866,1999-04-30,0.0379744772413233,72.3500747680664,True,True,True,0,0.0,False,True,0.0379744772413233,0.0379744772413233,0.0379744772413233,90.3122591088798,58.76190661463025,72.08260974322978,903122.591088798,587619.0661463025,720826.0974322978,72.3500747680664
1999-05-31,80.71367645263672,0.0033450391293490256,1999-05-28,-0.02286616115901252,73.55596084594727,True,True,True,0,0.0,False,True,-0.02286616115901252,-0.02286616115901252,-0.02286616115901252,88.24716443746166,57.41824738796927,70.43435717207889,882471.6443746167,574182.4738796926,704343.571720789,73.55596084594727
1999-06-30,85.18350982666016,0.003810071377715163,1999-06-30,0.055378884601376965,76.17809753417968,True,True,True,0,0.0,False,True,0.055378884601376965,0.055378884601376965,0.055378884601376965,93.13419397324259,60.59800588408093,74.33493330988361,931341.9397324258,605980.0588408094,743349.3330988361,76.17809753417968
1999-07-31,82.54096221923828,0.003725484356458031,1999-07-30,-0.03102182115763008,78.16074752807617,True,True,True,0,0.0,False,True,-0.03102182115763008,-0.03102182115763008,-0.03102182115763008,90.24500166414462,58.71814538303596,72.02892830298003,902450.0166414463,587181.4538303596,720289.2830298004,78.16074752807617
1999-08-31,82.11347198486328,0.0038928215310498615,1999-08-31,-0.005179128312552739,79.59215393066407,True,True,True,0,0.0,False,True,-0.005179128312552739,-0.005179128312552739,-0.005179128312552739,89.77761122095949,58.41403657382209,71.65588124108324,897776.1122095948,584140.3657382209,716558.8124108324,79.59215393066407
1999-09-30,80.27928161621094,0.003831307116335614,1999-09-30,-0.02233726481557685,80.46262054443359,False,False,True,1,1.0,False,True,-0.02233726481557685,-0.02233726481557685,-0.02233726481557685,87.772224944607,57.10922676992583,70.05528484620763,877722.24944607,571092.2676992583,700552.8484620763,80.46262054443359
1999-10-31,85.4234390258789,0.003821807620116413,1999-10-29,0.06407826908891012,81.37924346923828,True,True,True,0,0.0,False,True,0.06407826908891012,0.003821807620116413,0.06407826908891012,93.39651719313989,57.32748724797409,74.54430623968317,933965.1719313988,573274.8724797409,745443.0623968317,81.37924346923828
1999-11-30,86.84581756591797,0.003955647107858562,1999-11-30,0.01665091637914684,82.16948699951172,True,True,True,0,0.0,False,True,0.01665091637914684,0.01665091637914684,0.01665091637914684,94.95165479102641,58.282042444366716,75.78553724942165,949516.5479102641,582820.4244436672,757855.3724942165,82.16948699951172
1999-12-31,91.8055419921875,0.004295081350484065,1999-12-31,0.05710953693889742,83.70886306762695,True,True,True,0,0.0,False,True,0.05710953693889742,0.05710953693889742,0.05710953693889742,100.37429982772397,61.61050290021767,80.11361418840168,1003742.9982772397,616105.0290021767,801136.1418840168,83.70886306762695
2000-01-31,87.23478698730469,0.004026440691277555,2000-01-31,-0.049787353853559035,84.47429656982422,True,True,True,0,0.0,False,True,-0.049787353853559035,-0.049787353853559035,-0.049787353853559035,95.37692904439785,58.5430789912288,76.12496933031622,953769.2904439785,585430.7899122881,761249.6933031622,84.47429656982422
2000-02-29,85.90654754638672,0.00409950229149203,2000-02-29,-0.015226029509434857,84.80470352172851,True,True,True,0,0.0,False,True,-0.015226029509434857,-0.015226029509434857,-0.015226029509434857,93.92471710824857,57.65170034293518,74.965888300888,939247.1710824857,576517.0034293518,749658.88300888,84.80470352172851
2000-03-31,94.23207092285156,0.004907278317827446,2000-03-31,0.09691372327550862,86.15654296875,True,True,True,0,0.0,False,True,0.09691372327550862,0.09691372327550862,0.09691372327550862,103.0273111508078,63.238941276332945,82.23111165478295,1030273.1115080781,632389.4127633295,822311.1165478295,86.15654296875
2000-04-30,90.92263793945312,0.0041759024182483895,2000-04-28,-0.03512002814952342,86.7304557800293,True,True,True,0,0.0,False,True,-0.03512002814952342,-0.03512002814952342,-0.03512002814952342,99.40898908302172,61.017987878562074,79.34315269870037,994089.8908302173,610179.8787856208,793431.5269870036,86.7304557800293
2000-05-31,89.49311828613281,0.004819195847985069,2000-05-31,-0.015722373280373292,87.42567138671875,True,True,True,0,0.0,False,True,-0.015722373280373292,-0.015722373280373292,-0.015722373280373292,97.84604384923391,60.05864029631803,78.09569003472974,978460.4384923391,600586.4029631803,780956.9003472974,87.42567138671875
2000-06-30,91.25447845458984,0.004911223201016002,2000-06-30,0.01968151520685102,88.3397720336914,True,True,True,0,0.0,False,True,0.01968151520685102,0.01968151520685102,0.01968151520685102,99.77180224918281,61.24068533861281,79.6327315457378,997718.0224918281,612406.8533861281,796327.3154573779,88.3397720336914
2000-07-31,89.82156372070312,0.004405499681847891,2000-07-31,-0.01570240450828686,89.29400024414062,True,True,True,0,0.0,False,True,-0.01570240450828686,-0.01570240450828686,-0.01570240450828686,98.20514505174533,60.279059325061205,78.3823061829068,982051.4505174534,602790.593250612,783823.061829068,89.29400024414062
2000-08-31,95.69062042236328,0.005246840066404745,2000-08-31,0.06534128842278641,90.32071838378906,True,True,True,1,1.0,False,True,0.06534128842278641,0.06534128842278641,0.06534128842278641,104.621995759173,64.21777072627428,83.50390705844727,1046219.95759173,642177.7072627428,835039.0705844727,90.32071838378906
2000-09-30,90.44081115722656,0.004698008993922587,2000-09-29,-0.054862318187141934,90.68021774291992,False,False,True,1,2.0,True,False,-0.054862318187141934,-0.054862318187141934,-0.054862318187141934,98.88219053845944,60.69463495542049,78.92268913953721,988821.9053845945,606946.3495542048,789226.8913953721,90.68021774291992
2000-10-31,90.01775360107422,0.00510331378367046,2000-10-31,-0.00467772845841552,90.50143890380859,False,False,True,0,0.0,False,True,0.00510331378367046,0.00510331378367046,-0.00467772845841552,99.3868173843939,61.00437872258333,78.55351023053451,993868.173843939,610043.7872258333,785535.1023053451,90.50143890380859
2000-11-30,83.29763793945312,0.00493786329726853,2000-11-30,-0.07465322553373399,90.10772399902343,False,False,True,0,0.0,False,True,-0.07465322553373399,0.00493786329726853,-0.07465322553373399,91.9672708911167,61.305610005250244,72.68923731482793,919672.708911167,613056.1000525025,726892.3731482794,90.10772399902343
2000-12-31,82.86226654052734,0.004758497601326406,2000-12-29,-0.005226695614613197,89.8032958984375,False,False,True,1,1.0,False,True,-0.005226695614613197,0.004758497601326406,-0.005226695614613197,91.48658595966215,61.59733260340808,72.30931279692494,914865.8595966215,615973.3260340808,723093.1279692494,89.8032958984375
2001-01-31,86.54634094238281,0.0046856718676888676,2001-01-31,0.04446021760765628,89.03472290039062,False,False,True,1,1.0,False,True,0.04446021760765628,0.0046856718676888676,0.04446021760765628,95.55409947961029,61.88595749191254,75.52420057893632,955540.9947961029,618859.5749191254,755242.0057893632,89.03472290039062
2001-02-28,78.29081726074219,0.003863689626976141,2001-02-28,-0.09538847733766864,87.77154083251953,False,False,True,2,3.0,True,False,-0.09538847733766864,0.003863689626976141,-0.09538847733766864,86.43933942687815,62.12506562392953,68.32006208356691,864393.3942687815,621250.6562392953,683200.6208356691,87.77154083251953
2001-03-31,73.90364074707031,0.004199027681858869,2001-03-30,-0.056036923194462074,86.21259307861328,False,False,True,2,3.0,True,False,0.004199027681858869,0.004199027681858869,-0.056036923194462074,86.80230060593321,62.38593049422171,64.49161601194919,868023.0060593322,623859.3049422171,644916.1601194919,86.21259307861328
2001-04-30,80.2179946899414,0.003456023608633396,2001-04-30,0.08544036368223717,85.10894470214843,False,False,True,2,3.0,True,False,0.003456023608633396,0.003456023608633396,0.08544036368223717,87.10229140611101,62.6015377428563,70.00180313846532,871022.9140611101,626015.377428563,700018.0313846532,85.10894470214843
2001-05-31,79.76834106445312,0.0034254727795026696,2001-05-31,-0.005605395986602257,84.10362243652344,False,False,True,4,5.0,True,False,0.0034254727795026696,0.0034254727795026696,-0.005605395986602257,87.40065793435495,62.81597760634946,69.60941531209805,874006.5793435496,628159.7760634946,696094.1531209805,84.10362243652344
2001-06-30,77.86749267578125,0.0029869249938059284,2001-06-29,-0.023829609131973628,82.32130966186523,False,False,True,4,5.0,True,False,0.0029869249938059284,0.0029869249938059284,-0.023829609131973628,87.66171714401416,63.00360421987222,67.95065015330553,876617.1714401416,630036.0421987223,679506.5015330553,82.32130966186523
2001-07-31,77.07353973388672,0.0028678196243034915,2001-07-31,-0.010196205304829009,80.98458251953124,False,False,True,3,4.0,True,False,0.0028678196243034915,0.0028678196243034915,-0.010196205304829009,87.9131151367399,63.18428719245582,67.25781137374582,879131.151367399,631842.8719245582,672578.1137374582,80.98458251953124
2001-08-31,72.50060272216797,0.0031505158987052972,2001-08-31,-0.05933212653146358,79.23286743164063,False,False,True,3,4.0,True,False,0.0031505158987052972,0.0031505158987052972,-0.05933212653146358,88.19008680368292,63.383350293804014,63.267262399089425,881900.8680368292,633833.5029380402,632672.6239908943,79.23286743164063
2001-09-30,66.58235168457031,0.0019690702471364396,2001-09-28,-0.08163037016777897,77.56133880615235,False,False,True,3,4.0,True,False,0.0019690702471364396,0.0019690702471364396,-0.08163037016777897,88.36373927970043,63.50815656303137,58.102732349949754,883637.3927970042,635081.5656303137,581027.3234994975,77.56133880615235
2001-10-31,67.44934844970703,0.002408903141300156,2001-10-31,0.013021419988949345,76.02004699707031,False,False,True,3,4.0,True,False,0.002408903141300156,0.002408903141300156,0.013021419988949345,88.57659896882832,63.66114156087424,58.859312430383966,885765.9896882832,636611.4156087424,588593.1243038396,76.02004699707031
2001-11-30,72.7088623046875,0.0018383268063577596,2001-11-30,0.07797723737690632,74.63629913330078,False,False,True,3,4.0,True,False,0.0018383268063577596,0.0018383268063577596,0.07797723737690632,88.73943170512872,63.778171543928934,63.44899900760951,887394.3170512873,637781.7154392893,634489.9900760951,74.63629913330078
2001-12-31,73.11888885498047,0.0014827999027187122,2001-12-31,0.0056392926157302625,74.11910629272461,False,False,True,3,4.0,True,False,0.0014827999027187122,0.0014827999027187122,0.0056392926157302625,88.8710145258284,63.87274181048985,63.806806479188594,888710.145258284,638727.4181048985,638068.0647918859,74.11910629272461
2002-01-31,72.4024658203125,0.0014256523541025246,2002-01-31,-0.009798056916440312,73.96898880004883,False,False,True,3,4.0,True,False,0.0014256523541025246,0.0014256523541025246,-0.009798056916440312,88.99771369689863,63.963802135214955,63.18162375764921,889977.1369689862,639638.0213521495,631816.2375764921,73.96898880004883
2002-02-28,71.10380554199219,0.00123622046503713,2002-02-28,-0.01793668576900831,73.05756988525391,False,False,True,3,4.0,True,False,0.00123622046503713,0.00123622046503713,-0.01793668576900831,89.10773449191225,64.0428754964361,62.04835482593255,891077.3449191225,640428.754964361,620483.5482593254,73.05756988525391
2002-03-31,73.4695053100586,0.0013590753721679505,2002-03-28,0.033271071077472625,72.42768630981445,True,True,True,3,4.0,True,True,0.0013590753721679505,0.0013590753721679505,0.033271071077472625,89.22883861932989,64.12991459128612,64.11277004958639,892288.386193299,641299.1459128612,641127.7004958639,72.42768630981445
2002-04-30,69.19683074951172,0.0015500770837160172,2002-04-30,-0.05815575513289739,71.5606201171875,False,False,True,3,4.0,True,False,-0.05815575513289739,-0.05815575513289739,-0.05815575513289739,84.03966812979132,60.40039098162166,60.38424349369088,840396.6812979132,604003.9098162167,603842.4349369088,71.5606201171875
2002-05-31,68.78624725341797,0.0014981305271204448,2002-05-31,-0.005933559263429755,70.73189086914063,False,False,True,3,4.0,True,False,0.0014981305271204448,0.0014981305271204448,-0.005933559263429755,84.16557052210564,60.49087865120124,60.02595000634369,841655.7052210564,604908.7865120125,600259.5000634369,70.73189086914063
2002-06-30,63.709285736083984,0.0013622014640406466,2002-06-28,-0.07380779908852653,69.85275917053222,False,False,True,3,4.0,True,False,0.0013622014640406466,0.0013622014640406466,-0.07380779908852653,84.28022098549266,60.573279414661016,55.59556674817754,842802.2098549266,605732.7941466102,555955.6674817754,69.85275917053222
2002-07-31,58.68776321411133,0.0014727364900222195,2002-07-31,-0.078819319098543,69.06330032348633,False,False,True,2,3.0,True,False,0.0014727364900222195,0.0014727364900222195,-0.078819319098543,84.40434354232514,60.662487893575296,51.213562032188584,844043.4354232514,606624.8789357529,512135.62032188586,69.06330032348633
2002-08-31,59.0869026184082,0.0014571044036510994,2002-08-30,0.0068010669079461294,68.22705574035645,False,False,True,2,3.0,True,False,0.0014571044036510994,0.0014571044036510994,0.0068010669079461294,84.52732948298794,60.750879471821456,51.561868894163744,845273.2948298794,607508.7947182145,515618.68894163746,68.22705574035645
2002-09-30,52.89149856567383,0.0012762248078574956,2002-09-30,-0.10485240854043731,66.24531936645508,False,False,True,2,3.0,True,False,0.0012762248078574956,0.0012762248078574956,-0.10485240854043731,84.63520535781608,60.828411251302555,46.155482751764424,846352.0535781608,608284.1125130255,461554.82751764427,66.24531936645508
2002-10-31,57.24362564086914,0.0014752289970951793,2002-10-31,0.08228405685634721,64.65779304504395,False,False,True,1,1.0,False,True,0.0014752289970951793,0.0014752289970951793,0.08228405685634721,84.76006166693503,60.918147087427705,49.95334311874276,847600.6166693503,609181.4708742771,499533.4311874276,64.65779304504395
2002-11-30,60.77445983886719,0.0012468945427848155,2002-11-29,0.0616808274889773,63.49499244689942,False,False,True,2,2.0,True,False,0.0616808274889773,0.0012468945427848155,0.0616808274889773,89.98813240856833,60.99410559258758,53.03450665814762,899881.3240856833,609941.0559258758,530345.0665814762,63.49499244689942
2002-12-31,57.33647537231445,0.0010192665680133217,2002-12-31,-0.05656956023415016,62.11825942993164,False,False,True,3,4.0,True,False,0.0010192665680133217,0.0010192665680133217,-0.05656956023415016,90.07985430345035,61.05627484526398,50.0343679392611,900798.5430345035,610562.7484526398,500343.679392611,62.11825942993164
2003-01-31,55.92627716064453,0.0009894384674822287,2003-01-31,-0.02459513254891932,60.36393661499024,False,False,True,2,3.0,True,False,0.0009894384674822287,0.0009894384674822287,-0.02459513254891932,90.16898277644337,61.11668627227705,48.80376602779358,901689.8277644337,611166.8627227705,488037.6602779358,60.36393661499024
2003-02-28,55.17247009277344,0.0008774069201138435,2003-02-28,-0.013478584775200253,58.961500549316405,False,False,True,1,1.0,False,True,0.0008774069201138435,0.0008774069201138435,-0.013478584775200253,90.24809766591105,61.170310475746774,48.145960330038925,902480.9766591105,611703.1047574678,481459.60330038925,58.961500549316405
2003-03-31,55.290496826171875,0.0009698103146753567,2003-03-31,0.00213923235990654,57.611925506591795,False,False,True,3,3.0,True,False,0.00213923235990654,0.0009698103146753567,0.00213923235990654,90.44115931685796,61.229634073798046,48.24895572637572,904411.5931685796,612296.3407379804,482489.5572637572,57.611925506591795
2003-04-30,59.96875762939453,0.0009431074609487222,2003-04-30,0.08461238498056312,57.23787269592285,True,True,True,1,1.0,False,True,0.0009431074609487222,0.0009431074609487222,0.08461238498056312,90.52645504898655,61.287380198524204,52.331414943205964,905264.5504898655,612873.801985242,523314.1494320596,57.23787269592285
2003-05-31,63.25716018676758,0.0009368245400680486,2003-05-30,0.0548352623493602,57.69481239318848,True,True,True,3,4.0,True,True,0.0548352623493602,0.0548352623493602,0.0548352623493602,95.49049696115529,64.64808977041527,55.20102181072989,954904.9696115529,646480.8977041527,552010.218107299,57.69481239318848
2003-06-30,63.93098831176758,0.0008873234469333191,2003-06-30,0.010652203213209699,58.17922096252441,True,True,True,3,4.0,True,True,0.010652203213209699,0.010652203213209699,0.010652203213209699,96.5076811397159,65.33673435999556,55.789034312634605,965076.811397159,653367.3435999556,557890.343126346,58.17922096252441
2003-07-31,65.08349609375,0.0008175177086291452,2003-07-31,0.018027373147464498,59.39842071533203,True,True,True,3,4.0,True,True,0.018027373147464498,0.018027373147464498,0.018027373147464498,98.24746111921807,66.51458405053997,56.79476405172517,982474.6111921808,665145.8405053996,567947.6405172517,59.39842071533203
2003-08-31,66.42587280273438,0.0007477110046019142,2003-08-29,0.02062545483190914,60.31664543151855,True,True,True,3,4.0,True,True,0.02062545483190914,0.02062545483190914,0.02062545483190914,100.27385969088226,67.8864775995376,57.96618189236296,1002738.5969088227,678864.7759953759,579661.8189236296,60.31664543151855
2003-09-30,65.70142364501953,0.0007882403958692219,2003-09-30,-0.010906129300946477,60.80934181213379,True,True,True,3,4.0,True,True,-0.010906129300946477,-0.010906129300946477,-0.010906129300946477,99.18026001158853,67.14609889705123,57.333995217562666,991802.6001158853,671460.9889705123,573339.9521756266,60.80934181213379
2003-10-31,69.21822357177734,0.0008554743397486408,2003-10-31,0.053526997310725744,61.99751663208008,True,True,True,3,4.0,True,True,0.053526997310725744,0.053526997310725744,0.053526997310725744,104.48908152250591,70.74022795213942,60.402911825386305,1044890.8152250592,707402.2795213942,604029.1182538631,61.99751663208008
2003-11-30,69.97418212890625,0.0006907178719552931,2003-11-28,0.010921380499529842,63.40230712890625,True,True,True,1,1.0,False,True,0.010921380499529842,0.010921380499529842,0.010921380499529842,105.6302465398596,71.51280889822822,61.0625950087109,1056302.465398596,715128.0889822822,610625.950087109,63.40230712890625
2003-12-31,73.49474334716797,0.0008084792932563367,2003-12-31,0.050312288206186606,65.2345344543457,True,True,True,1,1.0,False,True,0.050312288206186606,0.050312288206186606,0.050312288206186606,110.94474594706357,75.11078194994982,64.13479388740681,1109447.4594706357,751107.8194994982,641347.9388740682,65.2345344543457
2004-01-31,74.94776153564453,0.0007125239918475135,2004-01-30,0.01977036890397632,67.20026092529297,True,True,True,1,1.0,False,True,0.01977036890397632,0.01977036890397632,0.01977036890397632,113.13816450239494,76.59574981776646,65.40276242214134,1131381.6450239494,765957.4981776646,654027.6242214134,67.20026092529297
2004-02-29,75.96484375,0.0006608079505436848,2004-02-27,0.013570548252755499,68.79986953735352,True,True,True,1,1.0,False,True,0.013570548252755499,0.013570548252755499,0.013570548252755499,114.67351142300288,77.63519613662444,66.29031376545451,1146735.1142300288,776351.9613662445,662903.1376545451,68.79986953735352
2004-03-31,74.95864868164062,0.0008452438787203143,2004-03-31,-0.013245535943847364,69.97001838684082,True,True,True,0,0.0,False,True,-0.013245535943847364,-0.013245535943847364,-0.013245535943847364,113.15459930564231,76.60687635568914,65.41226303174527,1131545.993056423,766068.7635568914,654122.6303174527,69.97001838684082
2004-04-30,73.54035186767578,0.0007791916903472362,2004-04-30,-0.018921056327850017,70.93095474243164,True,True,True,0,0.0,False,True,-0.018921056327850017,-0.018921056327850017,-0.018921056327850017,111.01359475842494,75.1573933330625,64.17459391838948,1110135.9475842495,751573.9333306251,641745.9391838948,70.93095474243164
2004-05-31,74.79960632324219,0.0007428229726269553,2004-05-28,0.017123312896737852,71.90256576538086,True,True,True,1,1.0,False,True,0.017123312896737852,0.017123312896737852,0.017123312896737852,112.91451527726511,76.44433689560773,65.27347557007515,1129145.152772651,764443.3689560774,652734.7557007514,71.90256576538086
2004-06-30,76.1834716796875,0.0008334662177824637,2004-06-30,0.018500971120957832,72.87832565307617,True,True,True,1,1.0,False,True,0.018500971120957832,0.018500971120957832,0.018500971120957832,115.00354346354675,77.85863136487414,66.48109825656165,1150035.4346354676,778586.3136487415,664810.9825656165,72.87832565307617
2004-07-31,73.72895050048828,0.0010325853601482748,2004-07-30,-0.032218552463967876,73.68107833862305,True,True,True,1,1.0,False,True,-0.032218552463967876,-0.032218552463967876,-0.032218552463967876,111.29829576492426,75.35013896547221,64.33917350452042,1112982.9576492426,753501.3896547221,643391.7350452042,73.68107833862305
2004-08-31,73.9085464477539,0.0011541229974301181,2004-08-31,0.0024358945305269497,74.15011062622071,False,False,True,0,0.0,False,True,0.0024358945305269497,0.0024358945305269497,0.0024358945305269497,111.56940667483501,75.53368395685266,64.49589694535871,1115694.0667483502,755336.8395685266,644958.9694535871,74.15011062622071
2004-09-30,74.65040588378906,0.0012074143376468172,2004-09-30,0.010037532486984801,74.61773300170898,True,True,True,0,0.0,False,True,0.010037532486984801,0.0012074143376468172,0.010037532486984801,112.68928821888728,75.62488440983745,65.14327660622497,1126892.882188873,756248.8440983745,651432.7660622498,74.61773300170898
2004-10-31,75.61222839355469,0.0013580587502286523,2004-10-29,0.012884357404070013,74.82948150634766,True,True,True,1,1.0,False,True,0.012884357404070013,0.012884357404070013,0.012884357404070013,114.14121728390968,76.59926244921527,65.98260586449177,1141412.1728390967,765992.6244921527,659826.0586449178,74.82948150634766
2004-11-30,78.9782943725586,0.001454966905754862,2004-11-30,0.04451748150423285,75.23253479003907,True,True,True,1,1.0,False,True,0.04451748150423285,0.04451748150423285,0.04451748150423285,119.22249681321675,80.00926869853609,68.91998530066537,1192224.9681321676,800092.6869853609,689199.8530066537,75.23253479003907
2004-12-31,81.35718536376953,0.0017540182512436608,2004-12-31,0.030120820031756645,75.77176895141602,True,True,True,1,1.0,False,True,0.030120820031756645,0.030120820031756645,0.030120820031756645,122.81357618346433,82.41921348187715,70.99591177449803,1228135.7618346433,824192.1348187715,709959.1177449803,75.77176895141602
2005-01-31,79.53311157226562,0.001720815385470864,2005-01-31,-0.022420561667024108,76.22921524047851,True,True,True,1,1.0,False,True,-0.022420561667024108,-0.022420561667024108,-0.022420561667024108,120.0600268250952,80.5713284234591,69.40414355645129,1200600.268250952,805713.284234591,694041.4355645129,76.22921524047851
2005-02-28,81.19561767578125,0.0017163325059681434,2005-02-28,0.02090332027315478,76.99474182128907,True,True,True,1,1.0,False,True,0.02090332027315478,0.02090332027315478,0.02090332027315478,122.56968001782373,82.2555367063282,70.8549205974958,1225696.8001782373,822555.367063282,708549.205974958,76.99474182128907
2005-03-31,79.71033477783203,0.002159554052816093,2005-03-31,-0.01829264855007373,77.48581466674804,True,True,True,1,1.0,False,True,-0.01829264855007373,-0.01829264855007373,-0.01829264855007373,120.32755593836268,80.75086508206165,69.55879643696244,1203275.5593836268,807508.6508206165,695587.9643696244,77.48581466674804
2005-04-30,78.21696472167969,0.002247400839761715,2005-04-29,-0.018734961536852834,77.68916397094726,True,True,True,1,1.0,False,True,-0.018734961536852834,-0.018734961536852834,-0.018734961536852834,118.07322380603395,79.23800073068163,68.25561506116617,1180732.2380603396,792380.0073068163,682556.1506116617,77.68916397094726
2005-05-31,80.73745727539062,0.00228766234692368,2005-05-31,0.03222437181856441,78.3900146484375,True,True,True,1,1.0,False,True,0.03222437181856441,0.03222437181856441,0.03222437181856441,121.87805927177617,81.7913955283868,70.45510937960199,1218780.5927177616,817913.955283868,704551.0937960199,78.3900146484375
2005-06-30,80.85980987548828,0.002440837173353083,2005-06-30,0.001515437867708913,79.08514099121093,True,True,True,1,1.0,False,True,0.001515437867708913,0.001515437867708913,0.001515437867708913,122.0627578980395,81.91534530642328,70.56187972032942,1220627.5789803949,819153.4530642327,705618.7972032941,79.08514099121093
2005-07-31,83.95362091064453,0.0023204923605473216,2005-07-29,0.03826141861971033,80.01546249389648,True,True,True,1,1.0,False,True,0.03826141861971033,0.03826141861971033,0.03826141861971033,126.73305217585273,85.04954262457046,73.26167733890259,1267330.5217585273,850495.4262457046,732616.7733890258,80.01546249389648
2005-08-31,83.16657257080078,0.0028967520842262395,2005-08-31,-0.009374799220172259,80.7708969116211,True,True,True,1,1.0,False,True,-0.009374799220172259,-0.009374799220172259,-0.009374799220172259,125.5449552571445,84.25222023869763,72.57486382331733,1255449.552571445,842522.2023869763,725748.6382331733,80.7708969116211
2005-09-30,83.83404541015625,0.0028054927899476834,2005-09-30,0.008025734603734458,81.25647201538087,True,True,True,1,1.0,False,True,0.008025734603734458,0.008025734603734458,0.008025734603734458,126.55254574887606,84.9284061981088,73.15733041926545,1265525.4574887606,849284.061981088,731573.3041926544,81.25647201538087
2005-10-31,81.85128021240234,0.002806278663768591,2005-10-31,-0.023651073833467873,81.30588150024414,True,True,True,1,1.0,False,True,-0.023651073833467873,-0.023651073833467873,-0.023651073833467873,123.55944214555606,82.91975819255858,71.42708099606,1235594.4214555607,829197.5819255857,714270.8099606,81.30588150024414
2005-11-30,85.44886016845703,0.0029957274020024904,2005-11-30,0.04395264126253173,81.89745635986328,True,True,True,0,0.0,False,True,0.04395264126253173,0.04395264126253173,0.04395264126253173,128.99020598077823,86.56430057797198,74.56648986350962,1289902.0598077823,865643.0057797198,745664.8986350961,81.89745635986328
2005-12-31,85.28534698486328,0.0031641801200525954,2005-12-30,-0.0019135794587709087,82.30642929077149,True,True,True,1,1.0,False,True,-0.0019135794587709087,-0.0019135794587709087,-0.0019135794587709087,128.7433729722308,86.3986529105231,74.42380096019416,1287433.7297223078,863986.5291052309,744238.0096019416,82.30642929077149
2006-01-31,87.33341217041016,0.0030333581017472078,2006-01-31,0.02401426807714535,83.0687370300293,True,True,True,0,0.0,False,True,0.02401426807714535,0.02401426807714535,0.02401426807714535,131.83505084394184,88.47345332302064,76.21103406777237,1318350.5084394184,884734.5332302063,762110.3406777238,83.0687370300293
2006-02-28,87.83340454101562,0.003095652032262919,2006-02-28,0.005725098312085342,84.03038101196289,True,True,True,0,0.0,False,True,0.005725098312085342,0.005725098312085342,0.005725098312085342,132.5898194710022,88.97997254130462,76.64734973027606,1325898.1947100218,889799.7254130462,766473.4973027606,84.03038101196289
2006-03-31,89.2829818725586,0.00394232731726718,2006-03-31,0.016503713355048966,84.88493347167969,True,True,True,0,0.0,False,True,0.016503713355048966,0.016503713355048966,0.016503713355048966,134.7780438453493,90.44847250246644,77.91231561964872,1347780.438453493,904484.7250246644,779123.1561964873,84.88493347167969
2006-04-30,90.41082763671875,0.003331485188642791,2006-04-28,0.012632259143965818,85.84003524780273,True,True,True,0,0.0,False,True,0.012632259143965818,0.012632259143965818,0.012632259143965818,136.48059502212053,91.59104104629347,78.89652418106259,1364805.9502212054,915910.4104629346,788965.2418106259,85.84003524780273
2006-05-31,87.68758392333984,0.003933964008902002,2006-05-31,-0.03012076965295818,86.21343154907227,True,True,True,1,1.0,False,True,-0.03012076965295818,-0.03012076965295818,-0.03012076965295818,132.36969445736057,88.83224839666343,76.52010014978576,1323696.9445736057,888322.4839666343,765201.0014978576,86.21343154907227
2006-06-30,87.916259765625,0.004025323763680699,2006-06-30,0.002607847451756351,86.68840026855469,True,True,True,0,0.0,False,True,0.002607847451756351,0.002607847451756351,0.002607847451756351,132.71489442774097,89.06390934927846,76.71965289796952,1327148.9442774097,890639.0934927847,767196.5289796953,86.68840026855469
2006-07-31,88.30996704101562,0.0037202491622918554,2006-07-31,0.004478207744963214,87.13599243164063,True,True,True,1,1.0,False,True,0.004478207744963214,0.004478207744963214,0.004478207744963214,133.30921929583926,89.4627560379231,77.0632194417681,1333092.1929583927,894627.560379231,770632.194417681,87.13599243164063
2006-08-31,90.23710632324219,0.004395010772417551,2006-08-31,0.021822443681034365,87.97457504272461,True,True,True,1,1.0,False,True,0.021822443681034365,0.021822443681034365,0.021822443681034365,136.21835222608536,91.4150519931108,78.74492720791527,1362183.5222608536,914150.519931108,787449.2720791526,87.97457504272461
2006-09-30,92.6736831665039,0.0038490055533297873,2006-09-29,0.027001939030863342,88.69705734252929,True,True,True,1,1.0,False,True,0.027001939030863342,0.027001939030863342,0.027001939030863342,139.89651186777877,93.88343565353198,80.87119293137317,1398965.1186777877,938834.3565353197,808711.9293137317,88.69705734252929
2006-10-31,95.59442901611328,0.00410976338452218,2006-10-31,0.031516453752698625,89.7279655456543,True,True,True,1,1.0,False,True,0.031516453752698625,0.031516453752698625,0.031516453752698625,144.3055538142235,96.84230861145097,83.41996614332037,1443055.5381422348,968423.0861145097,834199.6614332036,89.7279655456543
2006-11-30,97.49537658691406,0.003997813058699506,2006-11-30,0.01988554762412309,90.7441619873047,True,True,True,1,1.0,False,True,0.01988554762412309,0.01988554762412309,0.01988554762412309,147.1751487770217,98.76807095137401,85.0788178528661,1471751.487770217,987680.7095137401,850788.1785286609,90.7441619873047
2006-12-31,98.79901885986328,0.00383344337299385,2006-12-29,0.013371324042090071,91.84072341918946,True,True,True,1,1.0,False,True,0.013371324042090071,0.013371324042090071,0.013371324042090071,149.14307538226205,100.08873083307698,86.21643429549472,1491430.7538226205,1000887.3083307698,862164.3429549473,91.84072341918946
2007-01-31,100.28495025634766,0.0037658485606286707,2007-01-31,0.015039940817550335,92.94092025756837,True,True,True,1,1.0,False,True,0.015039940817550335,0.015039940817550335,0.015039940817550335,151.38617840935873,101.59405942131018,87.51312436479918,1513861.7840935874,1015940.5942131018,875131.2436479918,92.94092025756837
2007-02-28,98.31761169433594,0.0036611122648366745,2007-02-28,-0.019617485544768387,93.73159866333008,True,True,True,1,1.0,False,True,-0.019617485544768387,-0.019617485544768387,-0.019617485544768387,148.4163622427354,99.60103942917829,85.79633691259522,1484163.622427354,996010.3942917829,857963.3691259522,93.73159866333008
2007-03-31,99.45702362060547,0.0042897943531843286,2007-03-30,0.011589092804775492,94.90854263305664,True,True,True,1,1.0,False,True,0.011589092804775492,0.011589092804775492,0.011589092804775492,150.13637323851364,100.75532511857513,86.79063862338508,1501363.7323851364,1007553.2511857513,867906.3862338507,94.90854263305664
2007-04-30,103.8625259399414,0.0038342026348949787,2007-04-30,0.04429553749910542,96.50316925048828,True,True,True,1,1.0,False,True,0.04429553749910542,0.04429553749910542,0.04429553749910542,156.78674458927992,105.21833640059953,90.63507661109854,1567867.4458927992,1052183.3640059952,906350.7661109854,96.50316925048828
2007-05-31,107.38557434082031,0.00379167471912889,2007-05-31,0.033920303487670944,98.41072998046874,True,True,True,1,1.0,False,True,0.033920303487670944,0.033920303487670944,0.033920303487670944,162.10499854859225,108.78737430377572,93.70944591637532,1621049.9854859225,1087873.7430377572,937094.4591637532,98.41072998046874
2007-06-30,105.81549835205078,0.004366773177851613,2007-06-29,-0.01462092090494782,99.96856918334962,True,True,True,1,1.0,False,True,-0.01462092090494782,-0.01462092090494782,-0.01462092090494782,159.7348741865166,107.19680270862327,92.33932751958551,1597348.741865166,1071968.0270862326,923393.2751958551,99.96856918334962
2007-07-31,102.50239562988281,0.003995669042207828,2007-07-31,-0.03131018398784258,100.9514404296875,True,True,True,1,1.0,False,True,-0.03131018398784258,-0.03131018398784258,-0.03131018398784258,154.73354588646188,103.84045109290781,89.44816618563364,1547335.4588646188,1038404.5109290781,894481.6618563364,100.9514404296875
2007-08-31,103.81779479980469,0.004257918330851096,2007-08-31,0.01283286270373174,101.77377700805664,True,True,True,2,3.0,True,True,0.01283286270373174,0.01283286270373174,0.01283286270373174,156.71922023648443,105.17302134487667,90.59604222139446,1567192.2023648443,1051730.2134487666,905960.4222139446,101.77377700805664
2007-09-30,107.83704376220703,0.0018998197744941603,2007-09-28,0.03871445131494844,102.80794372558594,True,True,True,2,3.0,True,True,0.03871445131494844,0.03871445131494844,0.03871445131494844,162.7865188584465,109.24473715937893,94.10341828730165,1627865.188584465,1092447.3715937892,941034.1828730165,102.80794372558594
2007-10-31,109.29998016357422,0.003934527298886437,2007-10-31,0.013566176800924978,103.85803985595703,True,True,True,3,4.0,True,True,0.013566176800924978,0.013566176800924978,0.013566176800924978,164.9949095540873,110.72677057825364,95.38004189735858,1649949.0955408728,1107267.7057825364,953800.4189735858,103.85803985595703
2007-11-30,105.0665283203125,0.003955080257873611,2007-11-30,-0.03873241181678255,104.33619766235351,True,True,True,3,4.0,True,True,-0.03873241181678255,-0.03873241181678255,-0.03873241181678255,158.60425876956558,106.43805570107432,91.68574283548811,1586042.5876956556,1064380.5570107433,916857.4283548811,104.33619766235351
2007-12-31,103.8834457397461,0.002356959877935605,2007-12-31,-0.011260318576051032,104.89278106689453,False,False,True,3,4.0,True,False,-0.011260318576051032,-0.011260318576051032,-0.011260318576051032,156.81832428830182,105.23952928526475,90.65333216227863,1568183.2428830182,1052395.2928526476,906533.3216227863,104.89278106689453
2008-01-31,97.6025390625,0.003930448592873059,2008-01-31,-0.06046109303094671,104.70733261108398,False,False,True,4,5.0,True,False,0.003930448592873059,0.003930448592873059,-0.06046109303094671,157.4346906503375,105.65316784505865,85.17233261284979,1574346.906503375,1056531.6784505865,851723.3261284978,104.70733261108398
2008-02-29,95.08023071289062,0.0016362206693671943,2008-02-29,-0.025842650958026958,103.8291030883789,False,False,True,4,5.0,True,False,0.0016362206693671943,0.0016362206693671943,-0.025842650958026958,157.69228854525502,105.82603974207085,82.97125374985494,1576922.8854525501,1058260.3974207086,829712.5374985493,103.8291030883789
2008-03-31,94.2300033569336,0.0023334130357965943,2008-03-31,-0.008942209643184595,102.51354598999023,False,False,True,4,5.0,True,False,0.0023334130357965943,0.0023334130357965943,-0.008942209643184595,158.0602497869911,106.07297560273173,82.22930740446587,1580602.4978699111,1060729.7560273174,822293.0740446587,102.51354598999023
2008-04-30,98.72125244140625,-0.0006537979443469455,2008-04-30,0.04766262256682996,101.80412139892579,False,False,True,4,5.0,True,False,-0.0006537979443469455,-0.0006537979443469455,0.04766262256682996,157.95691032059742,106.0036253093319,86.14857184721676,1579569.1032059742,1060036.253093319,861485.7184721676,101.80412139892579
2008-05-31,100.21350860595703,0.0009608477514184699,2008-05-30,0.015115855275807721,101.5752326965332,False,False,True,3,4.0,True,False,0.0009608477514184699,0.0009608477514184699,0.015115855275807721,158.10868286269996,106.10547865435257,87.4507811914768,1581086.8286269996,1061054.7865435258,874507.8119147681,101.5752326965332
2008-06-30,91.838134765625,0.0023367646683292165,2008-06-30,-0.08357529794974339,100.37726669311523,False,False,True,5,6.0,True,False,0.0023367646683292165,0.0023367646683292165,-0.08357529794974339,158.4781456465696,106.35342218798822,80.14205609746132,1584781.456465696,1063534.221879882,801420.5609746132,100.37726669311523
2008-07-31,91.01287078857422,0.001876107428178564,2008-07-31,-0.008986070755431785,98.69484939575196,False,False,True,4,5.0,True,False,0.001876107428178564,0.001876107428178564,-0.008986070755431785,158.7754676728211,106.55295263336731,79.42189391088375,1587754.6767282109,1065529.5263336732,794218.9391088375,98.69484939575196
2008-08-31,92.4193344116211,0.0007847221696832829,2008-08-29,0.015453458514830709,97.00678482055665,False,False,True,5,6.0,True,False,0.0007847221696832829,0.0007847221696832829,0.015453458514830709,158.9000623023058,106.63656709754393,80.64923685360488,1589000.623023058,1066365.6709754393,806492.3685360488,97.00678482055665
2008-09-30,83.71588897705078,0.0050830451905103935,2008-09-30,-0.09417342691310182,94.87172088623046,False,False,True,5,6.0,True,False,0.0050830451905103935,0.0050830451905103935,-0.09417342691310182,159.70775849976334,107.17860558706164,73.05422184117448,1597077.5849976335,1071786.0558706163,730542.2184117448,94.87172088623046
2008-10-31,69.88715362548828,-0.002325276747525029,2008-10-31,-0.16518650784862832,91.47209167480469,False,False,True,5,6.0,True,False,-0.002325276747525029,-0.002325276747525029,-0.16518650784862832,159.3363937625245,106.92938566765788,60.98665005163188,1593363.937625245,1069293.8566765788,609866.5005163187,91.47209167480469
2008-11-30,65.02252960205078,-0.0005015515113818703,2008-11-28,-0.06960684147341412,88.21409072875977,False,False,True,5,6.0,True,False,-0.0005015515113818703,-0.0005015515113818703,-0.06960684147341412,159.25647835341476,106.87575507266513,56.741561969493354,1592564.7835341475,1068757.5507266512,567415.6196949335,88.21409072875977
2008-12-31,65.65956115722656,0.0003039104506543655,2008-12-31,0.009797089702208162,85.27202377319335,False,False,True,5,6.0,True,False,0.0003039104506543655,0.0003039104506543655,0.009797089702208162,159.30487806152078,106.90823573155329,57.297464141951885,1593048.7806152077,1069082.3573155329,572974.6414195189,85.27202377319335
2009-01-31,60.2679328918457,0.0019657587242190022,2009-01-30,-0.08211489949605688,81.87581672668458,False,False,True,5,6.0,True,False,0.0019657587242190022,0.0019657587242190022,-0.08211489949605688,159.61803301538086,107.11839152863345,52.59248863255658,1596180.3301538087,1071183.9152863345,525924.8863255659,81.87581672668458
2009-02-28,53.792205810546875,-4.400430385076426e-05,2009-02-27,-0.10744896615120181,77.38291206359864,False,False,True,5,6.0,True,False,-4.400430385076426e-05,-4.400430385076426e-05,-0.10744896615120181,159.611009134956,107.11367785838462,46.94148010166954,1596110.0913495598,1071136.7785838463,469414.8010166954,77.38291206359864
2009-03-31,58.27363967895508,-6.52254013212561e-05,2009-03-31,0.08331009671162337,73.18892517089844,False,False,True,5,6.0,True,False,-6.52254013212561e-05,-6.52254013212561e-05,0.08331009671162337,159.60059844282986,107.10669132575931,50.852179348726374,1596005.9844282987,1071066.913257593,508521.7934872637,73.18892517089844
2009-04-30,64.06294250488281,0.0006110053510270941,2009-04-30,0.09934685490425066,70.41140594482422,False,False,True,5,6.0,True,False,0.0006110053510270941,0.0006110053510270941,0.09934685490425066,159.69811526250555,107.17213408729016,55.90418343204922,1596981.1526250555,1071721.3408729015,559041.8343204922,70.41140594482422
2009-05-31,67.80760955810547,0.0001085452368285722,2009-05-29,0.058452935609962786,68.09087982177735,False,False,True,5,6.0,True,False,0.0001085452368285722,0.0001085452368285722,0.058452935609962786,159.7154497322478,107.18376711196609,59.17194706653034,1597154.497322478,1071837.6711196608,591719.4706653034,68.09087982177735
2009-06-30,67.76322174072266,-0.00013015657961967797,2009-06-30,-0.0006546141011618545,65.6252685546875,True,True,True,5,6.0,True,True,-0.00013015657961967797,-0.00013015657961967797,-0.0006546141011618545,159.69466171559824,107.16981643944804,59.13321227558739,1596946.6171559824,1071698.1643944804,591332.122755874,65.6252685546875
2009-07-31,72.81875610351562,-0.000632375868420243,2009-07-31,0.07460587370146854,64.53555526733399,True,True,True,5,6.0,True,True,0.07460587370146854,0.07460587370146854,0.07460587370146854,171.6088214783509,115.16531422933907,63.54489724218199,1716088.214783509,1151653.1422933908,635448.9724218199,64.53555526733399
2009-08-31,75.50865936279297,0.0006974858103669934,2009-08-31,0.03693970349415898,65.09770584106445,True,True,True,5,6.0,True,True,0.03693970349415898,0.03693970349415898,0.03693970349415898,177.94800046074326,119.41948678978251,65.89222690487499,1779480.0046074325,1194194.867897825,658922.2690487499,65.09770584106445
2009-09-30,78.18597412109375,0.0002613748736217669,2009-09-30,0.03545705593099213,66.41405029296875,True,True,True,5,6.0,True,True,0.03545705593099213,0.03545705593099213,0.03545705593099213,184.25751266588804,123.6537502121382,68.22857127965877,1842575.1266588804,1236537.5021213822,682285.7127965876,66.41405029296875
2009-10-31,76.68280029296875,4.3864413010075154e-05,2009-10-30,-0.01922562000438721,67.51637420654296,True,True,True,5,6.0,True,True,-0.01922562000438721,-0.01922562000438721,-0.01922562000438721,180.7150477444201,121.27643019844223,66.9168346947938,1807150.477444201,1212764.3019844224,669168.3469479381,67.51637420654296
2009-11-30,81.40702819824219,-0.00041387391414249297,2009-11-30,0.0616073994067039,69.63028373718262,True,True,True,5,6.0,True,True,0.0616073994067039,0.0616073994067039,0.0616073994067039,191.84843186961217,128.7479556722969,71.03940685686835,1918484.3186961217,1287479.556722969,710394.0685686836,69.63028373718262
2009-12-31,82.96195983886719,0.00030549290664061424,2009-12-31,0.019100705123867634,72.54725914001465,True,True,True,4,5.0,True,True,0.019100705123867634,0.019100705123867634,0.019100705123867634,195.51287219523005,131.20713240889424,72.39630961941586,1955128.7219523005,1312071.3240889425,723963.0961941585,72.54725914001465
2010-01-31,79.9469223022461,2.220446049250313e-16,2010-01-29,-0.036342409731846326,74.71458740234375,True,True,True,3,4.0,True,True,-0.036342409731846326,-0.036342409731846326,-0.036342409731846326,188.4074632860609,126.43874904314958,69.76525327215344,1884074.632860609,1264387.490431496,697652.5327215345,74.71458740234375
2010-02-28,82.44085693359375,-0.00021808289468694397,2010-02-26,0.031194879796862196,76.55237884521485,True,True,True,2,3.0,True,True,0.031194879796862196,0.031194879796862196,0.031194879796862196,194.2848114561013,130.38299062121627,71.94157196197592,1942848.114561013,1303829.9062121627,719415.7196197592,76.55237884521485
2010-03-31,87.45979309082031,0.0,2010-03-31,0.060879233233460006,78.51759719848633,True,True,True,2,3.0,True,True,0.060879233233460006,0.060879233233460006,0.060879233233460006,206.11272180645608,138.3206071169213,76.32131970063081,2061127.2180645608,1383206.0711692132,763213.1970063081,78.51759719848633
2010-04-30,88.81278991699219,-0.00043605199319329824,2010-04-30,0.015469929419646533,80.62255401611328,True,True,True,2,3.0,True,True,0.015469929419646533,0.015469929419646533,0.015469929419646533,209.3012710652932,140.46041714630275,77.50200512961385,2093012.710652932,1404604.1714630274,775020.0512961384,80.62255401611328
2010-05-31,81.7562255859375,0.00043624221748195247,2010-05-28,-0.07945437067848027,81.51630096435547,True,True,True,2,3.0,True,True,-0.07945437067848027,-0.07945437067848027,-0.07945437067848027,192.67137029059433,129.30022309670645,71.34413208572003,1926713.7029059432,1293002.2309670644,713441.3208572003,81.51630096435547
2010-06-30,77.52608489990234,0.00021813046521024226,2010-06-30,-0.05174089992191078,81.71804351806641,False,False,True,1,1.0,False,True,-0.05174089992191078,-0.05174089992191078,-0.05174089992191078,182.70238020257128,122.61011319357902,67.65272248745721,1827023.8020257128,1226101.1319357902,676527.2248745721,81.71804351806641
2010-07-31,82.82115173339844,-0.00043606134354301496,2010-07-30,0.06830045449003141,82.18156127929687,True,True,True,0,0.0,False,True,0.06830045449003141,-0.00043606134354301496,0.06830045449003141,195.18103580681742,122.55664766288787,72.2734341808385,1951810.3580681742,1225566.4766288786,722734.3418083851,82.18156127929687
2010-08-31,79.0958480834961,0.0,2010-08-31,-0.04498009955106763,82.42286605834961,False,False,True,0,0.0,False,True,-0.04498009955106763,-0.04498009955106763,-0.04498009955106763,186.40177338574628,117.04403745036605,69.02256791648686,1864017.7338574629,1170440.3745036605,690225.6791648687,82.42286605834961
2010-09-30,86.17924499511719,0.0,2010-09-30,0.08955459841765179,82.90008773803712,True,True,True,0,0.0,False,True,0.08955459841765179,0.0,0.08955459841765179,203.09490934564494,117.04403745036605,75.20385626800294,2030949.0934564495,1170440.3745036605,752038.5626800294,82.90008773803712
2010-10-31,89.47148132324219,0.00021807354229808062,2010-10-29,0.03820219506809952,83.55103988647461,True,True,True,0,0.0,False,True,0.03820219506809952,0.03820219506809952,0.03820219506809952,210.85358068980526,121.51537660060288,78.07680865502651,2108535.8068980523,1215153.7660060287,780768.0865502651,83.55103988647461
2010-11-30,89.47148132324219,0.0,2010-11-30,0.0,84.50349578857421,True,True,True,0,0.0,False,True,0.0,0.0,0.0,210.85358068980526,121.51537660060288,78.07680865502651,2108535.8068980523,1215153.7660060287,780768.0865502651,84.50349578857421
2010-12-31,95.45283508300781,-0.0002180259965965936,2010-12-31,0.06685207030557838,85.80469360351563,True,True,True,1,2.0,True,True,0.06685207030557838,0.06685207030557838,0.06685207030557838,224.94957909026306,129.6389311003152,83.29640495646754,2249495.7909026304,1296389.311003152,832964.0495646754,85.80469360351563
2011-01-31,97.67688751220703,0.0,2011-01-31,0.023300014371130384,86.8264030456543,True,True,True,0,0.0,False,True,0.023300014371130384,0.023300014371130384,0.023300014371130384,230.1909075158459,132.65952005801054,85.23721238901673,2301909.075158459,1326595.2005801054,852372.1238901673,86.8264030456543
2011-02-28,101.0699462890625,0.0,2011-02-28,0.0347375808471726,88.05211868286133,True,True,True,0,0.0,False,True,0.0347375808471726,0.0347375808471726,0.0347375808471726,238.18718277596165,137.2677908611728,88.19814694556783,2381871.8277596165,1372677.908611728,881981.4694556782,88.05211868286133
2011-03-31,101.08208465576172,0.0,2011-03-31,0.00012009867566864507,89.98470458984374,True,True,True,2,2.0,True,True,0.00012009867566864507,0.00012009867566864507,0.00012009867566864507,238.2157887411743,137.28427654106721,88.20873942621242,2382157.887411743,1372842.7654106722,882087.3942621242,89.98470458984374
2011-04-30,104.00955200195312,0.0,2011-04-29,0.028961287810406633,92.63305130004883,True,True,True,2,2.0,True,True,0.028961287810406633,0.028961287810406633,0.028961287810406633,245.11482475989047,141.26020598581653,90.76337811612812,2451148.2475989047,1412602.0598581652,907633.7811612813,92.63305130004883
2011-05-31,102.8431396484375,0.00021807354229808062,2011-05-31,-0.011214473392729518,94.63525009155273,True,True,True,2,2.0,True,True,-0.011214473392729518,-0.011214473392729518,-0.011214473392729518,242.3659910794571,139.6760471643371,89.74551462721055,2423659.910794571,1396760.4716433708,897455.1462721055,94.63525009155273
2011-06-30,101.10821533203125,0.0,2011-06-30,-0.016869616411332555,96.83648681640625,True,True,True,1,1.0,False,True,-0.016869616411332555,-0.016869616411332555,-0.016869616411332555,238.27736977879422,137.31976582682353,88.23154222081187,2382773.6977879424,1373197.6582682352,882315.4222081187,96.83648681640625
2011-07-31,99.08560180664062,0.0,2011-07-29,-0.02000444295004644,98.12712249755859,True,True,True,1,1.0,False,True,-0.02000444295004644,-0.02000444295004644,-0.02000444295004644,233.51076372876722,134.5727604054271,86.46651936806103,2335107.637287672,1345727.604054271,864665.1936806103,98.12712249755859
2011-08-31,93.63827514648438,0.0,2011-08-31,-0.05497596583998521,98.5438018798828,False,False,True,1,1.0,False,True,-0.05497596583998521,-0.05497596583998521,-0.05497596583998521,220.67328395874566,127.17449292638581,81.71293895298008,2206732.8395874565,1271744.9292638581,817129.3895298009,98.5438018798828
2011-09-30,87.13785552978516,-0.0002180259965965936,2011-09-30,-0.0694205399077481,98.31043930053711,False,False,True,1,1.0,False,True,-0.0694205399077481,-0.0002180259965965936,-0.0694205399077481,205.35402544311373,127.14676558082387,76.04038261341535,2053540.2544311373,1271467.6558082388,760403.8261341534,98.31043930053711
2011-10-31,96.64868927001953,-0.00043635606738678945,2011-10-31,0.10914697960386932,98.43002471923828,False,False,True,1,1.0,False,True,0.10914697960386932,-0.00043635606738678945,0.10914697960386932,227.76779706972573,127.09128431821406,84.33996070359221,2277677.970697257,1270912.8431821407,843399.6070359221,98.43002471923828
2011-11-30,96.2559814453125,0.000218377815573767,2011-11-30,-0.004063250393493423,98.28793411254883,False,False,True,1,1.0,False,True,-0.004063250393493423,0.000218377815573767,-0.004063250393493423,226.84231947865703,127.11903823526194,83.99726632507613,2268423.1947865705,1271190.3823526194,839972.6632507612,98.28793411254883
2011-12-31,97.26163482666016,-0.0001746432068547854,2011-12-30,0.010447697548219503,97.9071029663086,False,False,True,1,1.0,False,True,0.010447697548219503,-0.0001746432068547854,0.010447697548219503,229.2122994237066,127.09683775877224,84.87484435851776,2292122.9942370662,1270968.3775877224,848748.4435851777,97.9071029663086
2012-01-31,101.77213287353516,-0.00021826374120781367,2012-01-31,0.04637489442690956,97.97610778808594,True,True,True,1,1.0,False,True,0.04637489442690956,-0.00021826374120781367,0.04637489442690956,239.8419956108302,127.06909712746733,88.8109063051444,2398419.956108302,1270690.9712746732,888109.063051444,97.97610778808594
2012-02-29,106.18956756591797,0.00021831139066863514,2012-02-29,0.043405149992012504,98.19410934448243,True,True,True,1,1.0,False,True,0.043405149992012504,0.043405149992012504,0.043405149992012504,250.2523734047019,132.58455034763466,92.66575701424576,2502523.734047019,1325845.5034763466,926657.5701424576,98.19410934448243
2012-03-31,109.60501861572266,-0.00021826374120781367,2012-03-30,0.03216371558990039,98.87029724121093,True,True,True,1,1.0,False,True,0.03216371558990039,0.03216371558990039,0.03216371558990039,258.3014195685883,136.84896211663082,95.64623206777478,2583014.195685883,1368489.6211663082,956462.3206777477,98.87029724121093
2012-04-30,108.8733139038086,0.00021831139066863514,2012-04-30,-0.006675832194139142,99.64680709838868,True,True,True,1,1.0,False,True,-0.006675832194139142,-0.006675832194139142,-0.006675832194139142,256.57704263604046,135.93538140959808,95.00771387248862,2565770.4263604046,1359353.8140959807,950077.1387248862,99.64680709838868
2012-05-31,102.33486938476562,0.0,2012-05-31,-0.06005552953793425,99.97173385620117,True,True,True,1,1.0,False,True,-0.06005552953793425,-0.06005552953793425,-0.06005552953793425,241.1681724732559,127.7717100961036,89.30197530568778,2411681.724732559,1277717.100961036,893019.7530568778,99.97173385620117
2012-06-30,106.48772430419922,-0.00043631841752933553,2012-06-29,0.04058103503136756,101.25667877197266,True,True,True,1,1.0,False,True,0.04058103503136756,0.04058103503136756,0.04058103503136756,250.955026528844,132.95681833953134,92.92594189393822,2509550.26528844,1329568.1833953133,929259.4189393822,101.25667877197266
2012-07-31,107.7474594116211,0.0,2012-07-31,0.01182986222734228,103.31763916015625,True,True,True,1,1.0,False,True,0.01182986222734228,0.01182986222734228,0.01182986222734228,253.92378991793925,134.52967918267376,94.02524298388951,2539237.8991793925,1345296.7918267376,940252.4298388951,103.31763916015625
2012-08-31,110.44681549072266,0.0,2012-08-31,0.025052619280695687,104.69745178222657,True,True,True,1,1.0,False,True,0.025052619280695687,0.025052619280695687,0.025052619280695687,260.28524595306476,137.90000001719142,96.3808215991398,2602852.4595306474,1379000.0001719142,963808.215991398,104.69745178222657
2012-09-30,113.24674224853516,0.0,2012-09-28,0.025350905278456848,106.39652786254882,True,True,True,1,1.0,False,True,0.025350905278456848,0.025350905278456848,0.025350905278456848,266.88371256860074,141.39588985552643,98.82416267815944,2668837.1256860076,1413958.8985552643,988241.6267815944,106.39652786254882
2012-10-31,111.18585205078125,0.00021814985912294027,2012-10-31,-0.018198229431015345,107.78894958496093,True,True,True,1,1.0,False,True,-0.018198229431015345,-0.018198229431015345,-0.018198229431015345,262.0269015358762,138.82273501133298,97.02573789241431,2620269.0153587623,1388227.3501133297,970257.3789241432,107.78894958496093
2012-11-30,111.81515502929688,-0.00021810228014118582,2012-11-30,0.005659919557285065,108.7932518005371,True,True,True,1,1.0,False,True,0.005659919557285065,0.005659919557285065,0.005659919557285065,263.50995272041393,139.60846052421942,97.57489576387161,2635099.527204139,1396084.6052421941,975748.9576387161,108.7932518005371
2012-12-31,112.81414031982422,0.0,2012-12-31,0.00893425663333014,109.45570907592773,True,True,True,1,1.0,False,True,0.00893425663333014,0.00893425663333014,0.00893425663333014,265.8642182634548,140.85575833872693,98.44665492359647,2658642.182634548,1408557.5833872694,984466.5492359647,109.45570907592773
2013-01-31,118.58909606933594,2.220446049250313e-16,2013-01-31,0.05118999917155698,110.35411682128907,True,True,True,0,0.0,False,True,0.05118999917155698,0.05118999917155698,0.05118999917155698,279.4738073761077,148.0661644913954,103.48613910757793,2794738.0737610767,1480661.644913954,1034861.3910757792,110.35411682128907
2013-02-28,120.10218811035156,0.0,2013-02-28,0.012759116066884957,111.47700424194336,True,True,True,0,0.0,False,True,0.012759116066884957,0.012759116066884957,0.012759116066884957,283.0396461220737,149.9553578697196,104.80653076776531,2830396.461220737,1499553.578697196,1048065.3076776532,111.47700424194336
2013-03-31,124.66261291503906,0.0,2013-03-28,0.037971204991680274,113.7097785949707,True,True,True,1,1.0,False,True,0.037971204991680274,0.037971204991680274,0.037971204991680274,293.7870025457476,155.64934350299148,108.78616103201497,2937870.0254574763,1556493.4350299148,1087861.6103201497,113.7097785949707
2013-04-30,127.05766296386719,-0.0002185681714126364,2013-04-30,0.01921225612734756,115.7667724609375,True,True,True,1,1.0,False,True,0.01921225612734756,0.01921225612734756,0.01921225612734756,299.43131368554225,158.63971855642447,110.87618862087292,2994313.1368554225,1586397.1855642446,1108761.8862087294,115.7667724609375
2013-05-31,130.0574188232422,0.000218615953901935,2013-05-31,0.023609405284182428,117.99776840209961,True,True,True,1,1.0,False,True,0.023609405284182428,0.023609405284182428,0.023609405284182428,306.5007089251194,162.38510796599172,113.49390949438857,3065007.089251194,1623851.0796599172,1134939.0949438857,117.99776840209961
2013-06-30,128.32192993164062,-0.0002185681714126364,2013-06-28,-0.013344020720265304,119.7852798461914,True,True,True,1,1.0,False,True,-0.013344020720265304,-0.013344020720265304,-0.013344020720265304,302.4107571144466,160.218237720631,111.97944441447154,3024107.571144466,1602182.3772063102,1119794.4441447156,119.7852798461914
2013-07-31,134.95315551757812,-3.3306690738754696e-16,2013-07-31,0.051676479534480846,121.9559211730957,True,True,True,1,1.0,False,True,0.051676479534480846,0.051676479534480846,0.051676479534480846,318.03828041547814,168.4977522032518,117.76614788203852,3180382.8041547816,1684977.522032518,1177661.4788203852,121.9559211730957
2013-08-31,130.9055633544922,0.0,2013-08-30,-0.029992571478321017,123.92789230346679,True,True,True,1,1.0,False,True,-0.029992571478321017,-0.029992571478321017,-0.029992571478321017,308.4994945572746,163.44407132635934,114.23403827395995,3084994.945572746,1634440.7132635934,1142340.3827395996,123.92789230346679
2013-09-30,135.04830932617188,-0.00021819755016239117,2013-09-30,0.03164682894691895,126.2512077331543,True,True,True,1,1.0,False,True,0.03164682894691895,0.03164682894691895,0.03164682894691895,318.2625252917396,168.61655789401266,117.84918334313176,3182625.2529173964,1686165.5789401266,1178491.8334313175,126.2512077331543
2013-10-31,141.30197143554688,-0.00021803592319691312,2013-10-31,0.046306852270701304,129.09999084472656,True,True,True,1,1.0,False,True,0.046306852270701304,0.046306852270701304,0.046306852270701304,333.00026103372454,176.42465993080486,123.30640806642495,3330002.6103372453,1764246.5993080486,1233064.0806642496,129.09999084472656
2013-11-30,145.48977661132812,-0.00021902529245054758,2013-11-29,0.02963727351597112,131.7900588989258,True,True,True,1,1.0,False,True,0.02963727351597112,0.02963727351597112,0.02963727351597112,342.86948085087084,181.65340583213631,126.96087380856153,3428694.8085087086,1816534.058321363,1269608.7380856152,131.7900588989258
2013-12-31,149.26185607910156,0.0,2013-12-31,0.025926766509858812,134.70602569580078,True,True,True,1,1.0,False,True,0.025926766509858812,0.025926766509858812,0.025926766509858812,351.7589778242479,186.36309127086673,130.25255873968376,3517589.778242479,1863630.9127086673,1302525.5873968375,134.70602569580078
2014-01-31,144.00059509277344,0.0,2014-01-31,-0.03524852982894644,136.63982391357422,True,True,True,1,1.0,False,True,-0.03524852982894644,-0.03524852982894644,-0.03524852982894644,339.35999100181016,179.7940662891909,125.66134753765142,3393599.910018102,1797940.662891909,1256613.4753765143,136.63982391357422
2014-02-28,150.55491638183594,0.00021907327503867258,2014-02-28,0.0455159319643077,138.9895492553711,True,True,True,1,1.0,False,True,0.0455159319643077,0.0455159319643077,0.0455159319643077,354.8062772636566,187.97756077799596,131.3809408827184,3548062.7726365663,1879775.6077799597,1313809.408827184,138.9895492553711
2014-03-31,151.8038330078125,-0.00021902529245054758,2014-03-31,0.008295422401279007,141.16419067382813,True,True,True,1,1.0,False,True,0.008295422401279007,0.008295422401279007,0.008295422401279007,357.74954520418396,189.53691404661154,132.470801282818,3577495.4520418397,1895369.1404661154,1324708.01282818,141.16419067382813
2014-04-30,152.85910034179688,0.0,2014-04-30,0.006951519688768837,143.61790771484374,True,True,True,1,1.0,False,True,0.006951519688768837,0.006951519688768837,0.006951519688768837,360.23644821131893,190.85448363635504,133.3916746661225,3602364.482113189,1908544.8363635505,1333916.7466612249,143.61790771484374
2014-05-31,156.40643310546875,0.0,2014-05-30,0.023206552673278535,145.76323547363282,True,True,True,1,1.0,False,True,0.023206552673278535,0.023206552673278535,0.023206552673278535,368.5962943215697,195.28355826379348,136.4872355904387,3685962.943215697,1952835.5826379347,1364872.355904387,145.76323547363282
2014-06-30,159.6354217529297,-0.00021834058850012106,2014-06-30,0.02064485829226448,148.63622131347657,True,True,True,1,1.0,False,True,0.02064485829226448,0.02064485829226448,0.02064485829226448,376.2059125848923,199.31515965095866,139.30499522790623,3762059.125848923,1993151.5965095866,1393049.9522790622,148.63622131347657
2014-07-31,157.49032592773438,-0.0002182835791597615,2014-07-31,-0.013437467710113338,150.88042297363282,True,True,True,1,1.0,False,True,-0.013437467710113338,-0.013437467710113338,-0.013437467710113338,371.1506577821791,196.6368686290128,137.43308885267376,3711506.577821791,1966368.6862901282,1374330.8885267377,150.88042297363282
2014-08-31,163.7053985595703,0.00021833123728365322,2014-08-29,0.039463202550534815,153.12076568603516,True,True,True,1,1.0,False,True,0.039463202550534815,0.039463202550534815,0.039463202550534815,385.7974513670015,204.39678920462245,142.85663867521248,3857974.5136700147,2043967.8920462246,1428566.3867521249,153.12076568603516
2014-09-30,161.44691467285156,0.0,2014-09-30,-0.013796025705877457,154.7164794921875,True,True,True,1,1.0,False,True,-0.013796025705877457,-0.013796025705877457,-0.013796025705877457,380.47497981068034,201.57692584655666,140.885784815794,3804749.7981068036,2015769.2584655667,1408857.8481579402,154.7164794921875
2014-10-31,165.2490997314453,-0.00021828357915965046,2014-10-31,0.023550682689095215,156.31520385742186,True,True,True,1,1.0,False,True,0.023550682689095215,0.023550682689095215,0.023550682689095215,389.4354253313416,206.3242000646122,144.20374122939492,3894354.253313416,2063242.000646122,1442037.4122939492,156.31520385742186
2014-11-30,169.78884887695312,0.0,2014-11-28,0.027472156598042474,158.89402923583984,True,True,True,1,1.0,False,True,0.027472156598042474,0.027472156598042474,0.027472156598042474,400.1340563208695,211.99237079875306,148.16532899047246,4001340.563208695,2119923.7079875306,1481653.2899047246,158.89402923583984
2014-12-31,169.358154296875,-0.00021833123728365322,2014-12-31,-0.0025366482129238754,160.77435302734375,True,True,True,0,0.0,False,True,-0.0025366482129238754,-0.0025366482129238754,-0.0025366482129238754,399.1190569819732,211.4546207302129,147.7894856734715,3991190.569819732,2114546.207302129,1477894.856734715,160.77435302734375
2015-01-31,164.34019470214844,-0.00021890260666956873,2015-01-30,-0.029629276579918096,162.02798919677736,True,True,True,0,0.0,False,True,-0.029629276579918096,-0.029629276579918096,-0.029629276579918096,387.2934480543382,205.18937328849574,143.41059012684835,3872934.4805433825,2051893.7328849575,1434105.9012684834,162.02798919677736
2015-02-28,173.57691955566406,-1.1102230246251565e-16,2015-02-27,0.05620490392053101,164.09977111816406,True,True,True,0,0.0,False,True,0.05620490392053101,0.05620490392053101,0.05620490392053101,409.0612390912835,216.72202229968963,151.47096856611452,4090612.390912835,2167220.222996896,1514709.6856611453,164.09977111816406
2015-03-31,170.85076904296875,2.220446049250313e-16,2015-03-31,-0.015705720090401054,165.54420471191406,True,True,True,0,0.0,False,True,-0.015705720090401054,-0.015705720090401054,-0.015705720090401054,402.6366377702832,213.31824688002504,149.09200793199318,4026366.3777028318,2133182.4688002504,1490920.0793199318,165.54420471191406
2015-04-30,172.53086853027344,-0.0002186362524463359,2015-04-30,0.009833725049737119,166.83374938964843,True,True,True,0,0.0,False,True,0.009833725049737119,0.009833725049737119,0.009833725049737119,406.59605576106674,215.41595986793516,150.55813774510963,4065960.5576106673,2154159.5986793516,1505581.3774510964,166.83374938964843
2015-05-31,174.7489471435547,-0.0002189984165043013,2015-05-29,0.012856126165573967,168.55961151123046,True,True,True,0,0.0,False,True,0.012856126165573967,0.012856126165573967,0.012856126165573967,411.8233059523558,218.18537462607554,152.49373215921463,4118233.059523558,2181853.746260755,1524937.3215921463,168.55961151123046
2015-06-30,171.19944763183594,4.440892098500626e-16,2015-06-30,-0.020311993690027008,169.30901641845702,True,True,True,0,0.0,False,True,-0.020311993690027008,-0.020311993690027008,-0.020311993690027008,403.45835356044546,213.7535946734145,149.396280433828,4034583.5356044546,2137535.9467341453,1493962.8043382799,169.30901641845702
2015-07-31,175.0666961669922,0.0,2015-07-31,0.022589141429198767,170.6709945678711,True,True,True,0,0.0,False,True,0.022589141429198767,0.022589141429198767,0.022589141429198767,412.57213136981403,218.5821048544919,152.771014141544,4125721.3136981404,2185821.0485449187,1527710.1414154398,170.6709945678711
2015-08-31,164.39634704589844,0.0,2015-08-31,-0.06095019415295044,170.5857192993164,False,False,True,0,0.0,False,True,-0.06095019415295044,-0.06095019415295044,-0.06095019415295044,387.4257798607273,205.25948312525003,143.45959116867374,3874257.798607273,2052594.8312525002,1434595.9116867373,170.5857192993164
2015-09-30,160.20164489746094,-0.0004373591264468235,2015-09-30,-0.02551578683963318,169.6269989013672,False,False,True,0,0.0,False,True,-0.02551578683963318,-0.0004373591264468235,-0.02551578683963318,377.54030624562233,205.16971101701543,139.79910682031294,3775403.062456223,2051697.1101701544,1397991.0682031293,169.6269989013672
2015-10-31,173.82830810546875,-0.0002185131147188768,2015-10-30,0.08505944627927975,170.07401428222656,True,True,True,0,0.0,False,True,0.08505944627927975,-0.0002185131147188768,0.08505944627927975,409.6536756429847,205.12487874441513,151.69034143678664,4096536.756429847,2051248.7874441512,1516903.4143678665,170.07401428222656
2015-11-30,174.46368408203125,0.0002185608731359867,2015-11-30,0.0036551927789401084,171.08636322021485,True,True,True,0,0.0,False,True,0.0036551927789401084,0.0036551927789401084,0.0036551927789401084,411.1510388000612,205.87464971998267,152.24479887744135,4111510.388000612,2058746.4971998266,1522447.9887744135,171.08636322021485
2015-12-31,171.44851684570312,-0.0002185131147188768,2015-12-31,-0.017282492068151134,170.87352294921874,True,True,True,1,1.0,False,True,-0.017282492068151134,-0.017282492068151134,-0.017282492068151134,404.04532423318705,202.3166227191637,149.61362934842472,4040453.2423318704,2023166.2271916368,1496136.2934842473,170.87352294921874
2016-01-31,162.91265869140625,0.0002185608731359867,2016-01-29,-0.04978671330227258,170.0797119140625,False,False,True,1,1.0,False,True,-0.04978671330227258,-0.04978671330227258,-0.04978671330227258,383.9292355144656,192.24394302756065,142.16485847794223,3839292.355144656,1922439.4302756065,1421648.5847794223,170.0797119140625
2016-02-29,162.77809143066406,0.0,2016-02-29,-0.0008260086221850704,169.10443420410155,False,False,True,2,2.0,True,False,-0.0008260086221850704,0.0,-0.0008260086221850704,383.6121066556217,192.24394302756065,142.04742907906774,3836121.0665562167,1922439.4302756065,1420474.2907906773,169.10443420410155
2016-03-31,173.72755432128906,0.0,2016-03-31,0.06726619531160294,169.002294921875,True,True,True,2,2.0,True,True,0.0,0.0,0.06726619531160294,383.6121066556217,192.24394302756065,151.60241918701138,3836121.0665562167,1922439.4302756065,1516024.1918701138,169.002294921875
2016-04-30,174.41226196289062,0.0004375504931486418,2016-04-29,0.003941272553318109,169.32357635498047,True,True,True,1,1.0,False,True,0.003941272553318109,0.003941272553318109,0.003941272553318109,385.124026522704,193.00162880375683,152.19992564076978,3851240.2652270403,1930016.2880375683,1521999.2564076977,169.32357635498047
2016-05-31,177.3793182373047,2.220446049250313e-16,2016-05-31,0.017011741267625835,169.55483856201172,True,True,True,1,1.0,False,True,0.017011741267625835,0.017011741267625835,0.017011741267625835,391.67565681785453,196.2849225771967,154.78911139672243,3916756.568178545,1962849.225771967,1547891.1139672243,169.55483856201172
2016-06-30,177.9958038330078,-0.00021873196666555295,2016-06-30,0.003475521283030192,170.91478424072267,True,True,True,1,1.0,False,True,0.003475521283030192,0.003475521283030192,0.003475521283030192,393.0369338991698,196.9671150031517,155.32708424776308,3930369.338991698,1969671.1500315168,1553270.8424776308,170.91478424072267
2016-07-31,184.487548828125,0.0004378741310537837,2016-07-29,0.03647133727493723,173.34337463378907,True,True,True,1,1.0,False,True,0.03647133727493723,0.03647133727493723,0.03647133727493723,407.37151647691365,204.15076908650298,160.99207072529583,4073715.1647691363,2041507.6908650298,1609920.7072529583,173.34337463378907
2016-08-31,184.70849609375,8.881784197001252e-16,2016-08-31,0.0011976269782350002,174.4313934326172,True,True,True,2,2.0,True,True,0.0011976269782350002,0.0011976269782350002,0.0011976269782350002,407.8593955952109,204.3952655551884,161.18487917247836,4078593.9559521093,2043952.6555518839,1611848.7917247836,174.4313934326172
2016-09-30,184.71922302246094,0.00021868406471114987,2016-09-30,5.807490688192196e-05,175.45694732666016,True,True,True,2,2.0,True,True,5.807490688192196e-05,5.807490688192196e-05,5.807490688192196e-05,407.883081991631,204.40713579120262,161.19423996932707,4078830.81991631,2044071.357912026,1611942.3996932707,175.45694732666016
2016-10-31,181.51666259765625,0.00021895053551213017,2016-10-31,-0.01733745071250803,176.46376190185546,True,True,True,4,5.0,True,True,-0.01733745071250803,-0.01733745071250803,-0.01733745071250803,400.8114291611352,200.86323714913772,158.39954277871868,4008114.291611352,2008632.3714913772,1583995.4277871868,176.46376190185546
2016-11-30,188.20352172851562,-0.0004374909990707554,2016-11-30,0.03683881708249137,178.99284820556642,True,True,True,2,2.0,True,True,0.03683881708249137,0.03683881708249137,0.03683881708249137,415.57684808457424,208.26280120107188,164.23479456109416,4155768.4808457424,2082628.0120107187,1642347.9456109416,178.99284820556642
2016-12-31,192.01873779296875,0.00021889363257399097,2016-12-30,0.02027175702884354,181.9169128417969,True,True,True,2,2.0,True,True,0.02027175702884354,0.02027175702884354,0.02027175702884354,424.0013209757573,212.48465410516636,167.5641224121187,4240013.209757573,2124846.5410516635,1675641.224121187,181.9169128417969
2017-01-31,195.45486450195312,0.00043779621827577664,2017-01-31,0.017894746879802748,184.0896438598633,True,True,True,1,1.0,False,True,0.017894746879802748,0.017894746879802748,0.017894746879802748,431.5887172913205,216.28701320622073,170.56263996881987,4315887.172913205,2162870.1320622074,1705626.3996881987,184.0896438598633
2017-02-28,203.13458251953125,0.0005029468939179438,2017-02-28,0.039291516418110906,186.96187591552734,True,True,True,1,1.0,False,True,0.039291516418110906,0.039291516418110906,0.039291516418110906,448.54649246264387,224.78525793663712,177.2643047374711,4485464.924626439,2247852.579366371,1772643.047374711,186.96187591552734
2017-03-31,203.3884735107422,-0.0001747864021204304,2017-03-31,0.0012498659167821113,189.5627914428711,True,True,True,1,1.0,False,True,0.0012498659167821113,0.0012498659167821113,0.0012498659167821113,449.1071154356651,225.0662093691272,177.48586135022452,4491071.154356651,2250662.0936912717,1774858.6135022452,189.5627914428711
2017-04-30,205.40728759765625,0.0007439665381501204,2017-04-28,0.009925902152008836,192.30393981933594,True,True,True,1,1.0,False,True,0.009925902152008836,0.009925902152008836,0.009925902152008836,453.56490871925047,227.30019454104868,179.24756864335185,4535649.087192505,2273001.945410487,1792475.6864335185,192.30393981933594
2017-05-31,208.30625915527344,0.00015303417714473966,2017-05-31,0.014113284837758977,194.6858108520508,True,True,True,1,1.0,False,True,0.014113284837758977,0.014113284837758977,0.014113284837758977,459.9661994684174,230.50814693028454,181.77734063609122,4599661.994684174,2305081.469302845,1817773.4063609121,194.6858108520508
2017-06-30,209.63414001464844,0.0010288221863299363,2017-06-30,0.006374656550215185,197.17837524414062,True,True,True,1,1.0,False,True,0.006374656550215185,0.006374656550215185,0.006374656550215185,462.89832601473637,231.97755719899163,182.9361087512578,4628983.260147364,2319775.5719899163,1829361.087512578,197.17837524414062
2017-07-31,213.94305419921875,0.00032806561646681054,2017-07-31,0.020554448737544417,200.10075836181642,True,True,True,1,1.0,False,True,0.020554448737544417,0.020554448737544417,0.020554448737544417,472.41294592750137,236.7457280066991,186.69625962083137,4724129.459275014,2367457.2800669908,1866962.5962083137,200.10075836181642
2017-08-31,214.5673065185547,0.0011377218991150961,2017-08-31,0.0029178433563663564,203.40582275390625,True,True,True,1,1.0,False,True,0.0029178433563663564,0.0029178433563663564,0.0029178433563663564,473.7913729032374,237.43651495631156,187.24101006162445,4737913.729032374,2374365.1495631156,1872410.1006162446,203.40582275390625
2017-09-30,218.8906707763672,0.0007219396306148429,2017-09-29,0.020149221836079922,206.47453765869142,True,True,True,1,1.0,False,True,0.020149221836079922,0.020149221836079922,0.020149221836079922,483.3379003798856,242.220675968152,191.0137707101678,4833379.0037988555,2422206.75968152,1910137.707101678,206.47453765869142
2017-10-31,224.0486297607422,0.0006996302937103405,2017-10-31,0.02356408779817154,209.67752685546876,True,True,True,1,1.0,False,True,0.02356408779817154,0.02356408779817154,0.02356408779817154,494.7273171006211,247.928385243198,195.514835973842,4947273.171006211,2479283.85243198,1955148.35973842,209.67752685546876
2017-11-30,230.89686584472656,0.000547040708746227,2017-11-30,0.030565846759685655,213.2217269897461,True,True,True,1,1.0,False,True,0.030565846759685655,0.030565846759685655,0.030565846759685655,509.84907646294914,255.5065262739179,201.49091248946354,5098490.764629492,2555065.262739179,2014909.1248946353,213.2217269897461
2017-12-31,233.69717407226562,0.0007443640893114445,2017-12-29,0.012127961188620917,216.27798614501953,True,True,True,1,1.0,False,True,0.012127961188620917,0.012127961188620917,0.012127961188620917,516.032506274346,258.6052995080073,203.93458645599557,5160325.06274346,2586052.995080073,2039345.8645599557,216.27798614501953
2018-01-31,246.8681182861328,0.001312306738304736,2018-01-31,0.05635902216684219,220.6259506225586,True,True,True,1,1.0,False,True,0.05635902216684219,0.05635902216684219,0.05635902216684219,545.115593734273,273.18004131544194,215.4281403346548,5451155.93734273,2731800.4131544195,2154281.4033465483,220.6259506225586
2018-02-28,237.89193725585938,0.0008310531671402721,2018-02-28,-0.03636022785198034,223.8744155883789,True,True,True,1,1.0,False,True,-0.03636022785198034,-0.03636022785198034,-0.03636022785198034,525.2950665404273,263.24715276859905,207.59512406635838,5252950.665404273,2632471.5276859906,2075951.2406635839,223.8744155883789
2018-03-31,231.3711700439453,0.0013019196254622223,2018-03-29,-0.02741062722483445,226.1809066772461,True,True,True,1,1.0,False,True,-0.02741062722483445,-0.02741062722483445,-0.02741062722483445,510.8963992884431,256.03138319605995,201.90481150688217,5108963.992884431,2560313.8319605994,2019048.1150688217,226.1809066772461
2018-04-30,232.56698608398438,0.0010389372314978385,2018-04-30,0.005168388264674251,228.47419128417968,True,True,True,1,1.0,False,True,0.005168388264674251,0.005168388264674251,0.005168388264674251,513.5369102429898,257.35465279235876,202.9483339652556,5135369.102429898,2573546.5279235877,2029483.3396525562,228.47419128417968
2018-05-31,238.22035217285156,0.0014983700331794303,2018-05-31,0.024308549480989816,230.90192108154298,True,True,True,1,1.0,False,True,0.024308549480989816,0.024308549480989816,0.024308549480989816,526.0202476359462,263.61057110392477,207.88171358353446,5260202.476359462,2636105.711039248,2078817.1358353447,230.90192108154298
2018-06-30,239.5904541015625,0.0014868201399598213,2018-06-29,0.005751405856863068,233.40423583984375,True,True,True,1,1.0,False,True,0.005751405856863068,0.005751405856863068,0.005751405856863068,529.0456035690282,265.1267024865029,209.07732568857352,5290456.0356902825,2651267.024865029,2090773.2568857353,233.40423583984375
2018-07-31,248.46646118164062,0.0013889845572796489,2018-07-31,0.03704658064680477,236.3618148803711,True,True,True,1,1.0,False,True,0.03704658064680477,0.03704658064680477,0.03704658064680477,548.6449341874858,274.9487402517905,216.82292569611354,5486449.341874857,2749487.4025179055,2168229.2569611357,236.3618148803711
2018-08-31,256.3974914550781,0.0015857836562906957,2018-08-31,0.031919922856870286,239.5967010498047,True,True,True,1,1.0,False,True,0.031919922856870286,0.031919922856870286,0.031919922856870286,566.157638162563,283.72508283022137,223.7438967579344,5661576.38162563,2837250.8283022135,2237438.9675793443,239.5967010498047
2018-09-30,257.9219055175781,0.001399276782919845,2018-09-28,0.005945510831049106,242.29920501708983,True,True,True,1,1.0,False,True,0.005945510831049106,0.005945510831049106,0.005945510831049106,569.5237345323396,285.41197338322877,225.07416851948983,5695237.345323396,2854119.7338322876,2250741.6851948984,242.29920501708983
2018-10-31,240.09829711914062,0.0017063979641671612,2018-10-31,-0.06910467089900885,242.93931732177734,False,False,True,1,1.0,False,True,-0.06910467089900885,-0.06910467089900885,-0.06910467089900885,530.1669842883078,265.68867289194407,209.52049217608243,5301669.842883078,2656886.728919441,2095204.9217608243,242.93931732177734
2018-11-30,244.5519256591797,0.0018593057565392535,2018-11-30,0.018549188367750435,242.70769805908202,True,True,True,1,1.0,False,True,0.018549188367750435,0.0018593057565392535,0.018549188367750435,540.0011515462338,266.1826693708993,213.40692725236036,5400011.515462338,2661826.693708993,2134069.2725236034,242.70769805908202
2018-12-31,223.01954650878906,0.001827577798586777,2018-12-31,-0.08804829114451251,241.220458984375,False,False,True,1,1.0,False,True,-0.08804829114451251,-0.08804829114451251,-0.08804829114451251,492.45497293651897,242.74574020050684,194.61681198938874,4924549.72936519,2427457.4020050685,1946168.1198938873,241.220458984375
2019-01-31,240.87570190429688,0.0017493841975364521,2019-01-31,0.08006542778439418,242.17091217041016,False,False,True,2,3.0,True,False,0.08006542778439418,0.0017493841975364521,0.08006542778439418,531.8835910092337,243.1703957624329,210.19889029535415,5318835.910092337,2431703.957624329,2101988.9029535414,242.17091217041016
2019-02-28,248.68389892578125,0.0018481116245947504,2019-02-28,0.032415876569346525,243.78260345458983,True,True,True,3,4.0,True,True,0.0018481116245947504,0.0018481116245947504,0.032415876569346525,532.866571256709,243.61980179759874,217.01267157818197,5328665.71256709,2436198.0179759874,2170126.7157818195,243.78260345458983
2019-03-31,253.18527221679688,0.0017497312632475115,2019-03-29,0.018100783003884846,245.2790954589844,True,True,True,2,2.0,True,True,0.018100783003884846,0.018100783003884846,0.018100783003884846,542.5118734330508,248.02951096538652,220.94077085551197,5425118.734330508,2480295.109653865,2209407.7085551196,245.2790954589844
2019-04-30,263.5284423828125,0.0019250961123944421,2019-04-30,0.04085217941570862,247.6728942871094,True,True,True,2,2.0,True,True,0.04085217941570862,0.04085217941570862,0.04085217941570862,564.67466582169,258.16205704773495,229.9666828667463,5646746.6582169,2581620.5704773497,2299666.8286674633,247.6728942871094
2019-05-31,246.72299194335938,0.002122115987822637,2019-05-31,-0.06377091704978399,247.49854736328126,False,False,True,1,1.0,False,True,-0.06377091704978399,-0.06377091704978399,-0.06377091704978399,528.6648445474606,241.69882592234225,215.30149660943704,5286648.445474606,2416988.2592234225,2153014.9660943705,247.49854736328126
2019-06-30,263.8915100097656,0.0018154086341071185,2019-06-28,0.06958621055611891,248.24794921875,True,True,True,1,1.0,False,True,0.06958621055611891,0.0018154086341071185,0.06958621055611891,565.452627733758,242.13760805777522,230.28351188554885,5654526.277337581,2421376.080577752,2302835.1188554885,248.24794921875
2019-07-31,267.88140869140625,0.0018044331432391925,2019-07-31,0.015119465880099714,249.2438995361328,True,True,True,0,0.0,False,True,0.015119465880099714,0.015119465880099714,0.015119465880099714,574.0019694455914,245.79859936109372,233.76527558625193,5740019.694455914,2457985.993610937,2337652.755862519,249.2438995361328
2019-08-31,263.3962097167969,0.0016949876275289544,2019-08-30,-0.0167432260287097,251.57369079589844,True,True,True,0,0.0,False,True,-0.0167432260287097,-0.0167432260287097,-0.0167432260287097,564.3913247302394,241.68313785445068,229.8512907394477,5643913.247302393,2416831.3785445066,2298512.907394477,251.57369079589844
2019-09-30,268.5213317871094,0.0016182511479827522,2019-09-30,0.019457842904508915,253.97063140869142,True,True,True,0,0.0,False,True,0.019457842904508915,0.019457842904508915,0.019457842904508915,575.373162463508,246.38577038349135,234.32370104605448,5753731.624635081,2463857.7038349137,2343237.010460545,253.97063140869142
2019-10-31,274.4568786621094,0.001606983961149,2019-10-31,0.022104563669101074,259.11436462402344,True,True,True,1,1.0,False,True,0.022104563669101074,0.022104563669101074,0.022104563669101074,588.0915351666747,251.83202033209375,239.5033242150064,5880915.351666747,2518320.2033209377,2395033.242150064,259.11436462402344
2019-11-30,284.3917236328125,0.0010829638070506409,2019-11-29,0.03619819994722806,263.465966796875,True,True,True,1,1.0,False,True,0.03619819994722806,0.03619819994722806,0.03619819994722806,609.3793901439103,260.94788615718926,248.17291343296696,6093793.901439103,2609478.8615718926,2481729.1343296696,263.465966796875
2019-12-31,292.6548156738281,0.0011157080230530525,2019-12-31,0.029055318261245855,267.86305847167966,True,True,True,1,1.0,False,True,0.029055318261245855,0.029055318261245855,0.029055318261245855,627.0851022663855,268.52981003908576,255.38365641658243,6270851.022663856,2685298.1003908576,2553836.564165824,267.86305847167966
2020-01-31,292.53668212890625,0.0012029682705840816,2020-01-31,-0.00040366171542360885,271.79819946289064,True,True,True,2,2.0,True,True,-0.00040366171542360885,-0.00040366171542360885,-0.00040366171542360885,626.8319720182881,268.421414835323,255.28056781174215,6268319.720182881,2684214.1483532297,2552805.6781174215,271.79819946289064
2020-02-29,269.37786865234375,0.0011810002813097409,2020-02-28,-0.0791655026235567,272.3831420898438,False,False,True,2,2.0,True,False,-0.0791655026235567,-0.0791655026235567,-0.0791655026235567,577.208503892945,247.17169861495842,235.07115335089864,5772085.03892945,2471716.986149584,2350711.5335089862,272.3831420898438
2020-03-31,235.740234375,0.002045039055426745,2020-03-31,-0.12487155847519205,271.2848663330078,False,False,True,1,1.0,False,True,0.002045039055426745,0.002045039055426745,-0.12487155847519205,578.3889178265306,247.67717439202218,205.71745207941106,5783889.178265306,2476771.743920222,2057174.5207941106,271.2848663330078
2020-04-30,265.6754455566406,-0.00019638290235346467,2020-04-30,0.12698388656906845,271.4632598876953,False,False,True,4,5.0,True,False,0.12698388656906845,-0.00019638290235346467,0.12698388656906845,651.834990560621,247.62853482966838,231.84025367954078,6518349.90560621,2476285.3482966837,2318402.536795408,271.4632598876953
2020-05-31,278.33355712890625,-0.00017476321381004745,2020-05-29,0.04764501870221571,272.5084747314453,True,True,True,4,5.0,True,True,-0.00017476321381004745,-0.00017476321381004745,0.04764501870221571,651.7210737827968,247.58525847109047,242.88628690202893,6517210.737827968,2475852.584710905,2428862.8690202893,272.5084747314453
2020-06-30,283.2696838378906,8.881784197001252e-16,2020-06-30,0.017734572718798303,274.4958221435547,True,True,True,4,5.0,True,True,0.017734572718798303,0.017734572718798303,0.017734572718798303,663.2790685581712,251.9760772415485,247.19377141949187,6632790.685581712,2519760.772415485,2471937.7141949185,274.4958221435547
2020-07-31,299.9520568847656,0.00010890919109840524,2020-07-31,0.05889219354804642,277.63889465332034,True,True,True,2,3.0,True,True,0.05889219354804642,0.05889219354804642,0.05889219354804642,702.3410278400669,266.8155011519353,261.75155484980013,7023410.278400669,2668155.011519353,2617515.5484980014,277.63889465332034
2020-08-31,320.8877868652344,1.1102230246251565e-15,2020-08-31,0.06979692087429745,282.2819854736328,True,True,True,2,3.0,True,True,0.06979692087429745,0.06979692087429745,0.06979692087429745,751.3622689869928,285.4384015738729,280.021007412376,7513622.689869928,2854384.015738729,2800210.0741237598,282.2819854736328
2020-09-30,308.8724060058594,-0.0002183935477673149,2020-09-30,-0.037444182518611036,284.7300537109375,True,True,True,2,3.0,True,True,-0.037444182518611036,-0.037444182518611036,-0.037444182518611036,723.2281230494461,274.7503939675202,269.5358497017816,7232281.230494461,2747503.939675202,2695358.497017816,284.7300537109375
2020-10-31,301.17120361328125,0.00010952013508225278,2020-10-30,-0.024933280677821523,285.5816925048828,True,True,True,2,3.0,True,True,-0.024933280677821523,-0.024933280677821523,-0.024933280677821523,705.1956732633603,267.899965278386,262.815436708432,7051956.732633603,2678999.65278386,2628154.36708432,285.5816925048828
2020-11-30,333.9316101074219,-0.00010950814173571466,2020-11-30,0.10877668947462382,289.7211853027344,True,True,True,1,1.0,False,True,0.10877668947462382,0.10877668947462382,0.10877668947462382,781.9045240327771,297.0412366117355,291.40362985640274,7819045.240327771,2970412.366117355,2914036.2985640275,289.7211853027344
2020-12-31,346.30328369140625,3.274622088134116e-05,2020-12-31,0.03704852493600286,297.4137268066406,True,True,True,2,2.0,True,True,0.03704852493600286,0.03704852493600286,0.03704852493600286,810.8729332889789,308.0461762733665,302.1997045035794,8108729.332889789,3080461.762733665,3021997.0450357944,297.4137268066406
2021-01-31,342.7743225097656,0.0,2021-01-29,-0.010190377474980306,308.1171356201172,True,True,True,2,2.0,True,True,-0.010190377474980306,-0.010190377474980306,-0.010190377474980306,802.6098320145196,304.9070694574166,299.12017544186045,8026098.320145196,3049070.6945741656,2991201.7544186045,308.1171356201172
2021-02-28,352.3052673339844,-0.00010941671605879666,2021-02-26,0.027805305702113037,316.7801177978516,True,True,True,1,1.0,False,True,0.027805305702113037,0.027805305702113037,0.027805305702113037,824.9266437532049,313.38510373441545,307.4373033616911,8249266.437532049,3133851.0373441544,3074373.0336169107,316.7801177978516
2021-03-31,368.2997131347656,-0.00010882962721858735,2021-03-31,0.04539939445645169,325.7767333984375,True,True,True,2,2.0,True,True,0.04539939445645169,0.04539939445645169,0.04539939445645169,862.3778138505934,327.6125976756302,321.3947707676363,8623778.138505934,3276125.9767563017,3213947.707676363,325.7767333984375
2021-04-30,387.78662109375,-5.551115123125783e-16,2021-04-30,0.05291046195263771,336.2284271240234,True,True,True,0,0.0,False,True,0.05291046195263771,0.05291046195263771,0.05291046195263771,908.0066223591341,344.9467315601514,338.39991655811406,9080066.22359134,3449467.315601514,3383999.1655811407,336.2284271240234
2021-05-31,390.332763671875,-0.00010924089064323628,2021-05-28,0.00656583399123889,345.26649780273436,True,True,True,1,1.0,False,True,0.00656583399123889,0.00656583399123889,0.00656583399123889,913.9684431044897,347.2115945353958,340.6217942328837,9139684.431044897,3472115.9453539583,3406217.9423288372,345.26649780273436
2021-06-30,399.0870056152344,-0.00021870538198009992,2021-06-30,0.022427638051717436,353.0864196777344,True,True,True,1,1.0,False,True,0.022427638051717436,0.022427638051717436,0.022427638051717436,934.4665965371289,354.99873050499536,348.26113654646537,9344665.965371288,3549987.3050499535,3482611.365464654,353.0864196777344
2021-07-31,408.8297119140625,-0.00010957638687791871,2021-07-30,0.02441248690572806,363.0821502685547,True,True,True,1,1.0,False,True,0.02441248690572806,0.02441248690572806,0.02441248690572806,957.2792500889318,363.66513236499867,356.76305698217993,9572792.500889318,3636651.3236499866,3567630.569821799,363.0821502685547
2021-08-31,420.9964599609375,-0.00010898900559674907,2021-08-31,0.029759940856335154,375.06467590332034,True,True,True,1,1.0,False,True,0.029759940856335154,0.029759940856335154,0.029759940856335154,985.7678239545753,374.4877851956923,367.38030445769493,9857678.239545753,3744877.851956923,3673803.0445769494,375.06467590332034
2021-09-30,401.3757019042969,0.00010900088549492537,2021-09-30,-0.046605517914476424,381.8090850830078,True,True,True,1,1.0,False,True,-0.046605517914476424,-0.046605517914476424,-0.046605517914476424,939.8256039757459,357.0345880140019,350.258355096866,9398256.039757458,3570345.8801400186,3502583.55096866,381.8090850830078
2021-10-31,429.5376281738281,-0.00010898900559697111,2021-10-29,0.07016350550349482,390.13251953125,True,True,True,1,1.0,False,True,0.07016350550349482,0.07016350550349482,0.07016350550349482,1005.7670629126235,382.0853862950603,374.83370912235,10057670.629126234,3820853.862950603,3748337.0912235,390.13251953125
2021-11-30,426.0863952636719,-0.00021900086251580575,2021-11-30,-0.008034762693152397,398.46372680664064,True,True,True,1,1.0,False,True,-0.008034762693152397,-0.008034762693152397,-0.008034762693152397,997.6859632375317,379.015420887658,371.8220092201578,9976859.632375317,3790154.2088765805,3718220.092201578,398.46372680664064
2021-12-31,445.79193115234375,-7.771561172376096e-16,2021-12-31,0.04624774718863689,407.81239318847656,True,True,True,1,1.0,False,True,0.04624774718863689,0.04624774718863689,0.04624774718863689,1043.8266914389928,396.5440302534652,389.01793950174266,10438266.914389929,3965440.3025346524,3890179.3950174265,407.81239318847656
2022-01-31,422.28033447265625,-1.1102230246251565e-16,2022-01-31,-0.05274118941298811,413.2104553222656,True,True,True,1,1.0,False,True,-0.05274118941298811,-0.05274118941298811,-0.05274118941298811,988.7740301914762,375.6298264432775,368.5006706694309,9887740.301914763,3756298.2644327753,3685006.706694309,413.2104553222656
2022-02-28,409.8158264160156,-0.0002182493860989343,2022-02-28,-0.029517140721711077,415.4133758544922,False,False,True,1,1.0,False,True,-0.029517140721711077,-0.029517140721711077,-0.029517140721711077,959.588248000341,364.5423079968794,357.6235845172364,9595882.48000341,3645423.079968794,3576235.845172364,415.4133758544922
2022-03-31,425.2210388183594,0.00045948326174505283,2022-03-31,0.03759057461754911,418.90220336914064,True,True,True,1,1.0,False,True,0.03759057461754911,0.00045948326174505283,0.03759057461754911,995.659721638921,364.7098090856019,371.06686055602694,9956597.21638921,3647098.090856019,3710668.605560269,418.90220336914064
2022-04-30,387.89971923828125,-0.00010959792049658468,2022-04-29,-0.08776922158835276,417.7834747314453,False,False,True,2,2.0,True,False,-0.08776922158835276,-0.08776922158835276,-0.08776922158835276,908.2714429037969,332.69951303652186,338.49861104779063,9082714.42903797,3326995.1303652185,3384986.110477906,417.7834747314453
2022-05-31,388.7752990722656,0.00032823029316819685,2022-05-31,0.0022572324509637642,415.7780334472656,False,False,True,2,2.0,True,False,0.00032823029316819685,0.00032823029316819685,0.0022572324509637642,908.5695651057775,332.80871509522274,339.26268109725385,9085695.651057776,3328087.1509522274,3392626.8109725383,415.7780334472656
2022-06-30,356.7167053222656,0.000776906402256472,2022-06-30,-0.0824604696504675,409.3500579833984,False,False,True,2,2.0,True,False,0.000776906402256472,0.000776906402256472,-0.0824604696504675,909.2754386178036,333.06727631670697,311.2869210790975,9092754.386178035,3330672.7631670698,3112869.210790975,409.3500579833984
2022-07-31,389.5658874511719,0.00036070456160519626,2022-07-29,0.09208759118592336,408.16907653808596,False,False,True,2,2.0,True,False,0.00036070456160519626,0.00036070456160519626,0.09208759118592336,909.6034184162686,333.18741520259584,339.9525838089542,9096034.184162686,3331874.1520259585,3399525.838089542,408.16907653808596
2022-08-31,373.67083740234375,0.0019370652827417345,2022-08-31,-0.04080195561481348,402.5823974609375,False,False,True,1,1.0,False,True,0.0019370652827417345,0.0019370652827417345,-0.04080195561481348,911.365379619146,333.8328209772312,326.0818535732401,9113653.79619146,3338328.209772312,3260818.535732401,402.5823974609375
2022-09-30,339.1264953613281,0.0020672536565047306,2022-09-30,-0.09244591384534673,393.88640747070315,False,False,True,1,1.0,False,True,-0.09244591384534673,0.0020672536565047306,-0.09244591384534673,827.1133742532427,334.5229380970577,295.93691863127736,8271133.7425324265,3345229.3809705772,2959369.1863127737,393.88640747070315
2022-10-31,366.6892395019531,0.001585897900530986,2022-10-31,0.08127570248162952,385.97613830566405,False,False,True,1,1.0,False,True,0.08127570248162952,0.001585897900530986,0.08127570248162952,894.3375947776259,335.0534573222653,319.9893995832833,8943375.94777626,3350534.5732226525,3199893.9958328325,385.97613830566405
2022-11-30,387.0740051269531,0.003151395154374237,2022-11-30,0.05559139300811533,382.45550537109375,True,True,True,2,2.0,True,True,0.05559139300811533,0.003151395154374237,0.05559139300811533,944.0550674908415,336.109343164127,337.77805605394843,9440550.674908414,3361093.43164127,3377780.5605394845,382.45550537109375
2022-12-31,364.7676086425781,0.003626125789762513,2022-12-30,-0.05762824728325244,377.95068359375,False,False,True,4,5.0,True,False,-0.05762824728325244,-0.05762824728325244,-0.05762824728325244,889.6508286124716,316.7399508220531,318.31249871281517,8896508.286124716,3167399.508220531,3183124.9871281516,377.95068359375
2023-01-31,387.7069091796875,0.0028425849479094545,2023-01-31,0.06288743845012479,374.1992706298828,True,True,True,3,3.0,True,True,0.0028425849479094545,0.0028425849479094545,0.06288743845012479,892.1797366667806,317.6403110386615,338.33035638352277,8921797.366667807,3176403.1103866147,3383303.563835228,374.1992706298828
2023-02-28,377.9588928222656,0.00345774038282487,2023-02-28,-0.025142746045064723,373.20518798828124,True,True,True,2,2.0,True,True,-0.025142746045064723,-0.025142746045064723,-0.025142746045064723,869.747888121215,309.65396136454103,329.8238021536356,8697478.88121215,3096539.61364541,3298238.021536356,373.20518798828124
2023-03-31,391.9727478027344,0.003990800163658825,2023-03-31,0.03707772259524189,373.5249328613281,True,True,True,4,5.0,True,True,0.03707772259524189,0.03707772259524189,0.03707772259524189,901.9961590447709,321.13522504453323,342.05291759519605,9019961.590447709,3211352.2504453324,3420529.1759519605,373.5249328613281
2023-04-30,398.2344665527344,0.0036304268394862227,2023-04-28,0.015974882909847832,377.676708984375,True,True,True,3,3.0,True,True,0.015974882909847832,0.015974882909847832,0.015974882909847832,916.4054420706436,326.26532266284727,347.51717290275116,9164054.420706436,3262653.2266284726,3475171.7290275116,377.676708984375
2023-05-31,400.0728759765625,0.003751703928428496,2023-05-31,0.004616399579227881,378.72740783691404,True,True,True,3,3.0,True,True,0.004616399579227881,0.004616399579227881,0.004616399579227881,920.6359357678207,327.7714937611047,349.1214510335139,9206359.357678207,3277714.9376110467,3491214.510335139,378.72740783691404
2023-06-30,425.99749755859375,0.004606479376912942,2023-06-30,0.06479974809277,383.96007385253904,True,True,True,3,4.0,True,True,0.06479974809277,0.06479974809277,0.06479974809277,980.2929124907271,349.0110039888152,371.7444331142679,9802929.12490727,3490110.0398881524,3717444.331142679,383.96007385253904
2023-07-31,439.9418640136719,0.0038598112096639436,2023-07-31,0.03273344687467361,394.04161071777344,True,True,True,4,5.0,True,True,0.03273344687467361,0.03273344687467361,0.03273344687467361,1012.3812784633614,360.4353371465596,383.91290976656944,10123812.784633614,3604353.3714655964,3839129.0976656945,394.04161071777344
2023-08-31,432.7919006347656,0.004966932083678932,2023-08-31,-0.016252064110643616,400.65187683105466,True,True,True,3,3.0,True,True,-0.016252064110643616,-0.016252064110643616,-0.016252064110643616,995.9279930213595,354.5775189395123,377.6735325441394,9959279.930213595,3545775.1893951227,3776735.325441394,400.65187683105466
2023-09-30,412.2625732421875,0.003991241776029053,2023-09-29,-0.04743463859297792,403.1707336425781,True,True,True,4,5.0,True,True,-0.04743463859297792,-0.04743463859297792,-0.04743463859297792,948.6865086077614,337.75826247542176,359.75872502177486,9486865.086077614,3377582.6247542175,3597587.250217749,403.1707336425781
2023-10-31,403.31292724609375,0.0043092731062142065,2023-10-31,-0.021708606545848608,407.0252655029297,False,False,True,2,3.0,True,False,-0.021708606545848608,-0.021708606545848608,-0.021708606545848608,928.0918464570407,330.4260012477334,351.948864408841,9280918.464570407,3304260.0124773337,3519488.6440884103,407.0252655029297
2023-11-30,440.1531066894531,0.004682275324876306,2023-11-30,0.09134390929373848,412.26988525390624,True,True,True,4,5.0,True,True,0.004682275324876306,0.004682275324876306,0.09134390929373848,932.4374280089254,331.9731467600732,384.09724955543646,9324374.280089254,3319731.4676007316,3840972.4955543648,412.26988525390624
2023-12-31,460.2484130859375,0.00427455815089961,2023-12-29,0.04565526425027033,420.49883728027345,True,True,True,3,4.0,True,True,0.04565526425027033,0.04565526425027033,0.04565526425027033,975.0081051815152,347.1294684993981,401.6333109816919,9750081.051815152,3471294.684993981,4016333.109816919,420.49883728027345
2024-01-31,467.5785827636719,0.004267914206003809,2024-01-31,0.01592655068289317,428.0594207763672,True,True,True,2,3.0,True,True,0.01592655068289317,0.01592655068289317,0.01592655068289317,990.5366211849203,352.6580435729795,408.02994426498003,9905366.211849203,3526580.435729795,4080299.4426498003,428.0594207763672
2024-02-29,491.98004150390625,0.00444333070274161,2024-02-29,0.05218686150252427,437.43397827148436,True,True,True,3,4.0,True,True,0.05218686150252427,0.05218686150252427,0.05218686150252427,1042.2296186478761,371.06216005067375,429.32374645521924,10422296.186478762,3710621.6005067374,4293237.464552192,437.43397827148436
2024-03-31,508.0686950683594,0.0041017668633986926,2024-03-28,0.03270184195942716,448.2335601806641,True,True,True,4,5.0,True,True,0.03270184195942716,0.03270184195942716,0.03270184195942716,1076.312446922333,383.19657616577456,443.363423761227,10763124.46922333,3831965.7616577456,4433634.23761227,448.2335601806641
2024-04-30,487.58355712890625,0.004321793778048422,2024-04-30,-0.040319622402039346,454.3921661376953,True,True,True,3,4.0,True,True,-0.040319622402039346,-0.040319622402039346,-0.040319622402039346,1032.9159354758096,367.7462349090162,425.487177928299,10329159.354758097,3677462.349090162,4254871.77928299,454.3921661376953
2024-05-31,512.245361328125,0.004573022976903873,2024-05-31,0.05057964699309725,461.6225158691406,True,True,True,4,5.0,True,True,0.05057964699309725,0.05057964699309725,0.05057964699309725,1085.160458865721,386.3467096537549,447.0081691880015,10851604.58865721,3863467.096537549,4470081.691880015,461.6225158691406
2024-06-30,530.3174438476562,0.0039927710912019965,2024-06-28,0.035280129180037534,471.3750701904297,True,True,True,4,5.0,True,True,0.035280129180037534,0.035280129180037534,0.035280129180037534,1123.4450600355724,399.97707147862184,462.77867514148625,11234450.600355724,3999770.7147862185,4627786.751414862,471.3750701904297
2024-07-31,536.7392578125,0.004508200172288257,2024-07-31,0.012109377202927707,483.82273864746094,True,True,True,3,4.0,True,True,0.012109377202927707,0.012109377202927707,0.012109377202927707,1137.0492800343088,404.82054470967887,468.38263668024564,11370492.800343089,4048205.447096789,4683826.366802457,483.82273864746094
2024-08-31,549.2803955078125,0.004617168790075121,2024-08-30,0.02336541907969303,498.4194854736328,True,True,True,5,6.0,True,True,0.02336541907969303,0.02336541907969303,0.02336541907969303,1163.6169129765738,414.27934638889013,479.3265932759312,11636169.129765738,4142793.4638889013,4793265.932759312,498.4194854736328
2024-09-30,560.81787109375,0.0042222794214077375,2024-09-30,0.021004710308786922,510.4859619140625,True,True,True,2,3.0,True,True,0.021004710308786922,0.021004710308786922,0.021004710308786922,1188.0583491440516,422.98116404670236,489.39470951098986,11880583.491440516,4229811.6404670235,4893947.095109899,510.4859619140625
2024-10-31,555.8132934570312,0.0039479416839343084,2024-10-31,-0.008923712839176146,520.0424499511719,True,True,True,3,4.0,True,True,-0.008923712839176146,-0.008923712839176146,-0.008923712839176146,1177.4564576001044,419.2066016023691,485.02749165830176,11774564.576001044,4192066.0160236913,4850274.916583017,520.0424499511719
2024-11-30,588.9584350585938,0.003706797324413369,2024-11-29,0.059633589177774615,532.1804351806641,True,True,True,3,4.0,True,True,0.059633589177774615,0.059633589177774615,0.059633589177774615,1247.6724122673468,444.20539586293586,513.9514218357795,12476724.122673467,4442053.958629359,5139514.218357795,532.1804351806641
2024-12-31,574.7880249023438,0.004031721021361179,2024-12-31,-0.02406011920831086,540.4612335205078,True,True,True,4,5.0,True,True,-0.02406011920831086,-0.02406011920831086,-0.02406011920831086,1217.6532652952737,433.5177610854987,501.58568935912973,12176532.652952738,4335177.610854987,5015856.893591297,540.4612335205078
2025-01-31,590.2247314453125,0.0035000102211579787,2025-01-31,0.026856346816883425,548.6768371582032,True,True,True,2,3.0,True,True,0.026856346816883425,0.026856346816883425,0.026856346816883425,1250.3549836907541,445.16046442848966,515.0564485909441,12503549.836907541,4451604.644284897,5150564.4859094415,548.6768371582032
2025-02-28,582.73193359375,0.00323756849754675,2025-02-28,-0.012694821908283194,558.1916748046875,True,True,True,1,1.0,False,True,-0.012694821908283194,-0.012694821908283194,-0.012694821908283194,1234.4819498506656,439.50923161196135,508.51789870336927,12344819.498506656,4395092.316119613,5085178.987033693,558.1916748046875
2025-03-31,550.2625122070312,0.003270391109799764,2025-03-31,-0.05571931022636345,561.9933898925781,False,False,True,2,3.0,True,False,-0.05571931022636345,-0.05571931022636345,-0.05571931022636345,1165.6974671180903,415.0200803884239,480.1836321498578,11656974.671180904,4150200.803884239,4801836.3214985775,561.9933898925781
2025-04-30,545.4916381835938,0.0034021111755202504,2025-04-30,-0.008670178174235654,563.5108093261719,False,False,True,2,3.0,True,False,0.0034021111755202504,0.0034021111755202504,-0.008670178174235654,1169.6632994982485,416.43202484197866,476.02035450276685,11696632.994982485,4164320.248419787,4760203.545027669,563.5108093261719
2025-05-31,579.7730712890625,0.003632269328040838,2025-05-30,0.06284502035562056,567.8141906738281,True,True,True,1,2.0,True,True,0.003632269328040838,0.003632269328040838,0.06284502035562056,1173.911831625151,417.94461811302614,505.93586337118296,11739118.31625151,4179446.181130261,5059358.63371183,567.8141906738281
2025-06-30,609.5653686523438,0.003346886397797455,2025-06-30,0.051386135090823126,573.8426879882812,True,True,True,2,3.0,True,True,0.051386135090823126,0.051386135090823126,0.051386135090823126,1234.2346235897567,439.4211767198646,531.9339519936668,12342346.235897567,4394211.767198646,5319339.519936669,573.8426879882812
2025-07-31,623.6046752929688,0.003565765883494443,2025-07-31,0.023031667090379182,580.1213684082031,True,True,True,1,1.0,False,True,0.023031667090379182,0.023031667090379182,0.023031667090379182,1262.6611045516954,449.5417789745392,544.1852776900547,12626611.045516955,4495417.789745392,5441852.776900547,580.1213684082031
2025-08-31,636.400634765625,0.0037076280880967705,2025-08-29,0.02051934499471919,588.1801025390625,True,True,True,2,3.0,True,True,0.02051934499471919,0.02051934499471919,0.02051934499471919,1288.5700833674048,458.7660818268576,555.351603144024,12885700.833674047,4587660.818268576,5553516.03144024,588.1801025390625
2025-09-30,659.0694580078125,0.0033024740029281574,2025-09-30,0.03562036554306092,595.1912048339843,True,True,True,2,3.0,True,True,0.03562036554306092,0.03562036554306092,0.03562036554306092,1334.4694207648042,475.10749736028805,575.1334302529391,13344694.207648043,4751074.973602881,5751334.302529391,595.1912048339843
2025-10-31,674.780029296875,0.003510576432651069,2025-10-31,0.023837504679023125,605.1904052734375,True,True,True,2,3.0,True,True,0.023837504679023125,0.023837504679023125,0.023837504679023125,1366.2798418262985,486.4328745516529,588.8431760876562,13662798.418262985,4864328.745516529,5888431.7608765615,605.1904052734375
2025-11-30,676.0958862304688,0.0028755865710170525,2025-11-28,0.0019500531676446275,613.7775207519531,True,True,True,2,3.0,True,True,0.0019500531676446275,0.0019500531676446275,0.0019500531676446275,1368.944160159741,487.3814445195188,589.9914515884318,13689441.60159741,4873814.445195188,5899914.515884318,613.7775207519531
2025-12-31,676.635009765625,0.0033519538659136927,2025-12-31,0.0007974069154037533,623.1678283691406,True,True,True,2,3.0,True,True,0.0007974069154037533,0.0007974069154037533,0.0007974069154037533,1370.035765699854,487.77008585381816,590.4619148519575,13700357.65699854,4877700.8585381815,5904619.148519576,623.1678283691406
2026-01-31,686.6071166992188,0.002954789483784692,2026-01-30,0.014737793329742122,636.8022888183593,True,True,True,2,3.0,True,True,0.014737793329742122,0.014737793329742122,0.014737793329742122,1390.2270696690935,494.9587405715623,599.1640205221295,13902270.696690934,4949587.405715623,5991640.205221294,636.8022888183593
2026-02-28,680.6734008789062,0.002670302959655091,2026-02-27,-0.00864208318847337,650.3204650878906,True,True,True,3,4.0,True,True,-0.00864208318847337,-0.00864208318847337,-0.00864208318847337,1378.2126116821455,490.6812659606809,593.9859952132371,13782126.116821455,4906812.659606809,5939859.95213237,650.3204650878906
2026-03-31,647.0620727539062,0.0028782343806199595,2026-03-31,-0.04937952339785867,657.049365234375,False,False,True,2,3.0,True,False,-0.04937952339785867,-0.04937952339785867,-0.04937952339785867,1310.157129776363,466.4516589072845,564.6552498646047,13101571.29776363,4664516.589072845,5646552.498646047,657.049365234375
2026-04-30,715.0377197265625,0.002889096317290285,2026-04-30,0.10505274506872397,667.5966003417968,True,True,True,1,1.0,False,True,0.002889096317290285,0.002889096317290285,0.10505274506872397,1313.9422999150715,467.7992826772275,623.9738338803477,13139422.999150716,4677992.826772275,6239738.338803477,667.5966003417968
2026-05-31,752.6671142578125,0.003173986295097908,2026-05-29,0.05262574755586291,680.5028442382812,True,True,True,1,1.0,False,True,0.05262574755586291,0.05262574755586291,0.05262574755586291,1383.089495693372,492.417569634213,656.8109233435988,13830894.956933722,4924175.69634213,6568109.233435988,680.5028442382812
2026-06-30,744.9202270507812,0.002724502623258518,2026-06-30,-0.010292580956815511,691.3548034667969,True,True,True,1,1.0,False,True,-0.010292580956815511,-0.010292580956815511,-0.010292580956815511,1368.8539350884269,487.3493219341945,650.050643741764,13688539.350884268,4873493.219341945,6500506.43741764,691.3548034667969
2026-07-31,745.1796264648438,0.0033708483287582247,2026-07-31,0.00034822442006920973,699.9658203125,True,True,True,1,1.0,False,True,0.00034822442006920973,0.00034822442006920973,0.00034822442006920973,1369.3306034561324,487.5190288691962,650.2770072501966,13693306.034561325,4875190.288691962,6502770.072501966,699.9658203125
2026-08-31,765.1499633789062,0.0027678372691364306,2026-08-31,0.026799359784972054,709.0028137207031,True,True,True,2,2.0,True,True,0.026799359784972054,0.026799359784972054,0.026799359784972054,1406.0277869627262,500.58422672588193,667.7040147273894,14060277.869627262,5005842.267258819,6677040.147273894,709.0028137207031
2026-09-30,762.6300048828125,0.002845184612960683,2026-09-30,-0.003293417783052144,717.6562255859375,True,True,True,1,1.0,False,True,-0.003293417783052144,-0.003293417783052144,-0.003293417783052144,1401.3971500456776,498.9355937316675,665.5049864514709,14013971.500456776,4989355.937316675,6655049.864514709,717.6562255859375
